{"type":"FeatureCollection", "features": [
{"type":"Feature","geometry":{"type":"Polygon","coordinates":[[[91.78311,26.49367],[91.7891,26.49942],[91.78282,26.51132],[91.7864,26.51973],[91.78014,26.52286],[91.77997,26.52834],[91.78674,26.53658],[91.78251,26.54003],[91.78174,26.54792],[91.77511,26.55238],[91.76821,26.56456],[91.7684,26.56818],[91.76119,26.57633],[91.75151,26.57877],[91.75053,26.5859],[91.74587,26.58994],[91.74984,26.59506],[91.75221,26.60401],[91.74266,26.60114],[91.74626,26.6107],[91.74282,26.61569],[91.74861,26.62712],[91.746,26.63066],[91.7508,26.63635],[91.74135,26.64056],[91.74815,26.64629],[91.73593,26.65766],[91.7382,26.66815],[91.74383,26.66871],[91.74623,26.67863],[91.74591,26.68686],[91.74171,26.69227],[91.74347,26.69862],[91.73607,26.71219],[91.73697,26.72932],[91.72643,26.74268],[91.72141,26.75311],[91.70788,26.81092],[91.70092,26.81092],[91.69092,26.80417],[91.68298,26.80383],[91.65732,26.8142],[91.63614,26.81998],[91.62757,26.82045],[91.61595,26.81593],[91.60407,26.80771],[91.59455,26.80392],[91.56401,26.79905],[91.5148,26.79203],[91.49663,26.78898],[91.48212,26.79101],[91.47168,26.79723],[91.45849,26.80703],[91.44057,26.81652],[91.41238,26.83484],[91.40614,26.83442],[91.40198,26.82914],[91.38361,26.80079],[91.37674,26.79549],[91.36364,26.78878],[91.34034,26.77897],[91.29912,26.7845],[91.28096,26.79621],[91.26646,26.80436],[91.24105,26.80833],[91.20654,26.80812],[91.18457,26.81086],[91.134,26.80792],[91.11007,26.81368],[91.10093,26.81926],[91.09341,26.81791],[91.0799,26.79996],[91.05829,26.77895],[91.04582,26.77852],[91.01816,26.78495],[91.0004,26.78778],[90.98034,26.78491],[90.95916,26.78337],[90.95409,26.77656],[90.94585,26.77462],[90.9412,26.76047],[90.93671,26.75584],[90.93216,26.74461],[90.92594,26.73994],[90.92497,26.73578],[90.91663,26.72621],[90.91617,26.7176],[90.91848,26.71032],[90.91202,26.69767],[90.90347,26.69096],[90.90334,26.68238],[90.89757,26.66975],[90.89768,26.66381],[90.90399,26.65833],[90.90324,26.63954],[90.9005,26.63144],[90.89387,26.62458],[90.877,26.6164],[90.87143,26.59985],[90.85778,26.5978],[90.85023,26.57188],[90.84746,26.57104],[90.83098,26.5753],[90.82026,26.56814],[90.8241,26.56003],[90.83203,26.55621],[90.83155,26.54065],[90.83401,26.53861],[90.85054,26.53349],[90.85662,26.53388],[90.85418,26.52336],[90.85411,26.52321],[90.86209,26.51976],[90.87634,26.5252],[90.87389,26.53449],[90.86919,26.53727],[90.8669,26.54397],[90.87121,26.5563],[90.86881,26.56921],[90.87563,26.57142],[90.88177,26.57778],[90.89183,26.57836],[90.90602,26.58766],[90.913,26.58869],[90.9195,26.58415],[90.91853,26.57743],[90.92412,26.56687],[90.91848,26.55873],[90.92843,26.5536],[90.93017,26.5481],[90.93552,26.5469],[90.93903,26.53929],[90.95101,26.54337],[90.96433,26.54539],[90.96957,26.54897],[90.9805,26.54869],[90.99599,26.54415],[91.00778,26.55316],[91.01718,26.55764],[91.02873,26.56006],[91.04838,26.55923],[91.05068,26.5538],[91.06535,26.54528],[91.07689,26.53283],[91.08985,26.52248],[91.09839,26.518],[91.10508,26.52057],[91.11291,26.53609],[91.11908,26.54313],[91.12985,26.54292],[91.13746,26.54543],[91.14118,26.55265],[91.14772,26.57132],[91.14671,26.58152],[91.13996,26.59151],[91.14245,26.60007],[91.13918,26.60825],[91.14861,26.6188],[91.1435,26.62774],[91.14772,26.6343],[91.14849,26.645],[91.14158,26.64721],[91.1418,26.65171],[91.15107,26.65448],[91.14942,26.65943],[91.15766,26.6643],[91.16735,26.65815],[91.16927,26.6524],[91.16798,26.64174],[91.17153,26.63478],[91.17445,26.6207],[91.19052,26.60833],[91.19919,26.6102],[91.19939,26.59881],[91.20355,26.5929],[91.20951,26.59169],[91.21565,26.59639],[91.20931,26.60121],[91.21912,26.60815],[91.22357,26.61329],[91.23505,26.61369],[91.23926,26.61949],[91.25124,26.6189],[91.25686,26.61628],[91.26079,26.60851],[91.25892,26.59091],[91.25951,26.58366],[91.26594,26.57627],[91.27772,26.57708],[91.2912,26.57611],[91.2984,26.58086],[91.30654,26.58221],[91.31101,26.57357],[91.30657,26.55837],[91.29492,26.54535],[91.29436,26.53209],[91.29839,26.5221],[91.29654,26.5117],[91.29262,26.50835],[91.29827,26.49661],[91.30532,26.49277],[91.32993,26.49237],[91.34335,26.49777],[91.34971,26.50341],[91.3511,26.51883],[91.36269,26.52437],[91.37408,26.5277],[91.38206,26.52739],[91.40476,26.52962],[91.41296,26.53512],[91.41912,26.5488],[91.42723,26.5532],[91.44668,26.56037],[91.45501,26.5775],[91.46248,26.58167],[91.47152,26.57934],[91.47367,26.57253],[91.47891,26.56577],[91.48148,26.55671],[91.49003,26.54222],[91.49859,26.53133],[91.50196,26.53109],[91.51085,26.53736],[91.51577,26.54393],[91.52368,26.54279],[91.52333,26.55252],[91.53224,26.5624],[91.5304,26.56919],[91.54022,26.57207],[91.54646,26.57632],[91.55394,26.57715],[91.57004,26.5726],[91.58278,26.57224],[91.59174,26.56576],[91.59719,26.54789],[91.59768,26.53649],[91.60542,26.53009],[91.61451,26.52832],[91.61866,26.52431],[91.622,26.51593],[91.64146,26.51301],[91.64283,26.49664],[91.64562,26.48682],[91.65569,26.48015],[91.66296,26.47],[91.68853,26.46217],[91.71141,26.46083],[91.72221,26.47111],[91.72371,26.47839],[91.72847,26.48543],[91.7419,26.49736],[91.74782,26.49913],[91.77022,26.49707],[91.78311,26.49367]]]},"properties":{"name":"Baksa","id":0}},
{"type":"Feature","geometry":{"type":"Polygon","coordinates":[[[90.85411,26.52321],[90.85265,26.50788],[90.85511,26.50179],[90.84929,26.49702],[90.84154,26.50418],[90.83153,26.50128],[90.82515,26.49242],[90.81629,26.4985],[90.80967,26.49973],[90.80737,26.4786],[90.82037,26.47633],[90.82187,26.46127],[90.82889,26.45307],[90.82891,26.44967],[90.81815,26.43901],[90.80445,26.4407],[90.79927,26.44456],[90.7898,26.43872],[90.79719,26.42844],[90.80241,26.42792],[90.82561,26.43362],[90.83575,26.43351],[90.84755,26.44544],[90.86024,26.43649],[90.86215,26.43145],[90.85397,26.41804],[90.84725,26.40225],[90.84855,26.39406],[90.85348,26.38616],[90.86359,26.37538],[90.86392,26.36828],[90.8614,26.36162],[90.84412,26.35783],[90.8351,26.36081],[90.82691,26.3665],[90.82153,26.36558],[90.81103,26.35479],[90.80744,26.34866],[90.80767,26.34306],[90.79296,26.32795],[90.79274,26.32542],[90.80485,26.32067],[90.80742,26.3132],[90.80471,26.30682],[90.79368,26.30263],[90.77947,26.30336],[90.77028,26.30664],[90.76264,26.31294],[90.75372,26.30859],[90.74569,26.29987],[90.73428,26.29543],[90.72302,26.28357],[90.72158,26.27661],[90.72293,26.2679],[90.73479,26.26811],[90.73613,26.25906],[90.72889,26.25665],[90.71942,26.26355],[90.70561,26.25575],[90.68765,26.25726],[90.68063,26.2564],[90.66789,26.25192],[90.6585,26.24603],[90.65602,26.24138],[90.65563,26.23644],[90.66171,26.22831],[90.67342,26.20389],[90.6787,26.18524],[90.69342,26.15813],[90.69514,26.15299],[90.7099,26.14718],[90.71284,26.13897],[90.72216,26.1318],[90.72526,26.13464],[90.74166,26.1371],[90.75853,26.13696],[90.7804,26.13422],[90.78876,26.13164],[90.80711,26.12332],[90.83468,26.11506],[90.8415,26.11104],[90.85056,26.1166],[90.86348,26.11245],[90.87179,26.09754],[90.88104,26.09489],[90.90565,26.09324],[90.91673,26.08904],[90.92628,26.09204],[90.93616,26.09762],[90.9391,26.09378],[90.95349,26.09499],[90.95829,26.09691],[90.97218,26.10709],[90.97576,26.11148],[90.99183,26.12421],[91.00522,26.12937],[91.00916,26.12859],[91.02797,26.11942],[91.03429,26.12081],[91.04574,26.12803],[91.05172,26.12833],[91.05883,26.13931],[91.07669,26.15607],[91.09393,26.16381],[91.10302,26.16172],[91.11916,26.15341],[91.13365,26.15834],[91.14898,26.15935],[91.16818,26.16936],[91.18374,26.17366],[91.22816,26.17991],[91.23676,26.18217],[91.24222,26.18073],[91.24387,26.19181],[91.2516,26.19911],[91.24483,26.20343],[91.23825,26.21183],[91.22219,26.21584],[91.21797,26.22076],[91.2221,26.22493],[91.2296,26.24125],[91.24124,26.25149],[91.23995,26.26111],[91.22799,26.26214],[91.22186,26.26048],[91.21863,26.26787],[91.2303,26.28076],[91.24071,26.27721],[91.25408,26.28254],[91.26385,26.29056],[91.25562,26.29524],[91.25703,26.30149],[91.26411,26.30218],[91.25841,26.31074],[91.26606,26.31532],[91.27295,26.32746],[91.26961,26.33606],[91.27207,26.33977],[91.27921,26.34079],[91.28059,26.35442],[91.27417,26.36149],[91.28273,26.3698],[91.28162,26.37235],[91.26499,26.36768],[91.25115,26.36712],[91.25104,26.37282],[91.24259,26.38158],[91.24341,26.38606],[91.23762,26.3921],[91.24201,26.4031],[91.23993,26.41641],[91.23542,26.42387],[91.23573,26.43968],[91.24106,26.44872],[91.24139,26.45505],[91.25434,26.46677],[91.26918,26.4871],[91.28263,26.49586],[91.28996,26.50243],[91.29262,26.50835],[91.29654,26.5117],[91.29839,26.5221],[91.29436,26.53209],[91.29492,26.54535],[91.30657,26.55837],[91.31101,26.57357],[91.30654,26.58221],[91.2984,26.58086],[91.2912,26.57611],[91.27772,26.57708],[91.26594,26.57627],[91.25951,26.58366],[91.25892,26.59091],[91.26079,26.60851],[91.25686,26.61628],[91.25124,26.6189],[91.23926,26.61949],[91.23505,26.61369],[91.22357,26.61329],[91.21912,26.60815],[91.20931,26.60121],[91.21565,26.59639],[91.20951,26.59169],[91.20355,26.5929],[91.19939,26.59881],[91.19919,26.6102],[91.19052,26.60833],[91.17445,26.6207],[91.17153,26.63478],[91.16798,26.64174],[91.16927,26.6524],[91.16735,26.65815],[91.15766,26.6643],[91.14942,26.65943],[91.15107,26.65448],[91.1418,26.65171],[91.14158,26.64721],[91.14849,26.645],[91.14772,26.6343],[91.1435,26.62774],[91.14861,26.6188],[91.13918,26.60825],[91.14245,26.60007],[91.13996,26.59151],[91.14671,26.58152],[91.14772,26.57132],[91.14118,26.55265],[91.13746,26.54543],[91.12985,26.54292],[91.11908,26.54313],[91.11291,26.53609],[91.10508,26.52057],[91.09839,26.518],[91.08985,26.52248],[91.07689,26.53283],[91.06535,26.54528],[91.05068,26.5538],[91.04838,26.55923],[91.02873,26.56006],[91.01718,26.55764],[91.00778,26.55316],[90.99599,26.54415],[90.9805,26.54869],[90.96957,26.54897],[90.96433,26.54539],[90.95101,26.54337],[90.93903,26.53929],[90.93552,26.5469],[90.93017,26.5481],[90.92843,26.5536],[90.91848,26.55873],[90.92412,26.56687],[90.91853,26.57743],[90.9195,26.58415],[90.913,26.58869],[90.90602,26.58766],[90.89183,26.57836],[90.88177,26.57778],[90.87563,26.57142],[90.86881,26.56921],[90.87121,26.5563],[90.8669,26.54397],[90.86919,26.53727],[90.87389,26.53449],[90.87634,26.5252],[90.86209,26.51976],[90.85411,26.52321]]]},"properties":{"name":"Barpeta","id":1}},
{"type":"Feature","geometry":{"type":"Polygon","coordinates":[[[90.85418,26.52336],[90.8384,26.52459],[90.82436,26.52962],[90.80356,26.53452],[90.79715,26.53092],[90.79528,26.52411],[90.78995,26.52187],[90.77748,26.52273],[90.76544,26.52096],[90.76013,26.51149],[90.7623,26.50672],[90.77422,26.49954],[90.78469,26.48667],[90.79315,26.4803],[90.78669,26.47236],[90.77966,26.47285],[90.77302,26.48545],[90.76391,26.48405],[90.76278,26.47835],[90.75516,26.47193],[90.7485,26.47673],[90.74425,26.48338],[90.72825,26.48419],[90.72348,26.48105],[90.71842,26.48573],[90.71119,26.48767],[90.70203,26.4857],[90.69442,26.49082],[90.69472,26.50108],[90.68693,26.51035],[90.67557,26.51112],[90.66809,26.51729],[90.66406,26.52373],[90.65628,26.52632],[90.64265,26.52725],[90.6219,26.51838],[90.62428,26.50588],[90.63334,26.49807],[90.62789,26.48764],[90.61418,26.48086],[90.60907,26.48121],[90.6,26.49571],[90.5968,26.50518],[90.59102,26.51122],[90.57415,26.51442],[90.56415,26.51098],[90.55673,26.50429],[90.56112,26.49525],[90.56363,26.48429],[90.56183,26.4695],[90.55703,26.46674],[90.55207,26.45526],[90.55203,26.43418],[90.54863,26.42773],[90.54287,26.42709],[90.53197,26.4196],[90.52577,26.42053],[90.52462,26.42729],[90.52601,26.45085],[90.51844,26.45598],[90.4949,26.45448],[90.47966,26.45579],[90.47229,26.45108],[90.47006,26.44169],[90.46451,26.43859],[90.4589,26.42032],[90.46305,26.41223],[90.4609,26.4037],[90.45382,26.4083],[90.44238,26.40689],[90.4384,26.40825],[90.42931,26.40603],[90.42466,26.41979],[90.42533,26.42798],[90.42305,26.43247],[90.41352,26.43072],[90.40981,26.43401],[90.39951,26.40129],[90.39756,26.39101],[90.39864,26.38542],[90.3912,26.37648],[90.38193,26.36988],[90.38591,26.36616],[90.39985,26.36272],[90.41732,26.36225],[90.42422,26.3633],[90.42909,26.35993],[90.43559,26.35395],[90.43417,26.34745],[90.44128,26.34389],[90.44211,26.34993],[90.43877,26.35847],[90.44462,26.36177],[90.4461,26.34627],[90.45019,26.34739],[90.45644,26.35788],[90.46088,26.35607],[90.45699,26.34954],[90.46029,26.33772],[90.48162,26.30802],[90.48364,26.29597],[90.48286,26.28941],[90.46684,26.28804],[90.46823,26.28204],[90.45964,26.27249],[90.47399,26.27238],[90.4702,26.26481],[90.46085,26.26592],[90.45396,26.27224],[90.44604,26.26447],[90.44865,26.25812],[90.45526,26.25214],[90.45236,26.24877],[90.44368,26.25401],[90.44077,26.26089],[90.43359,26.25696],[90.44315,26.24665],[90.44056,26.24321],[90.42988,26.24433],[90.40714,26.22399],[90.39838,26.22037],[90.39116,26.22491],[90.38556,26.22553],[90.37991,26.22136],[90.38114,26.20644],[90.37933,26.18146],[90.42407,26.19881],[90.46583,26.20496],[90.50875,26.19972],[90.52301,26.20794],[90.56376,26.21744],[90.60899,26.23039],[90.65602,26.24138],[90.6585,26.24603],[90.66789,26.25192],[90.68063,26.2564],[90.68765,26.25726],[90.70561,26.25575],[90.71942,26.26355],[90.72889,26.25665],[90.73613,26.25906],[90.73479,26.26811],[90.72293,26.2679],[90.72158,26.27661],[90.72302,26.28357],[90.73428,26.29543],[90.74569,26.29987],[90.75372,26.30859],[90.76264,26.31294],[90.77028,26.30664],[90.77947,26.30336],[90.79368,26.30263],[90.80471,26.30682],[90.80742,26.3132],[90.80485,26.32067],[90.79274,26.32542],[90.79296,26.32795],[90.80767,26.34306],[90.80744,26.34866],[90.81103,26.35479],[90.82153,26.36558],[90.82691,26.3665],[90.8351,26.36081],[90.84412,26.35783],[90.8614,26.36162],[90.86392,26.36828],[90.86359,26.37538],[90.85348,26.38616],[90.84855,26.39406],[90.84725,26.40225],[90.85397,26.41804],[90.86215,26.43145],[90.86024,26.43649],[90.84755,26.44544],[90.83575,26.43351],[90.82561,26.43362],[90.80241,26.42792],[90.79719,26.42844],[90.7898,26.43872],[90.79927,26.44456],[90.80445,26.4407],[90.81815,26.43901],[90.82891,26.44967],[90.82889,26.45307],[90.82187,26.46127],[90.82037,26.47633],[90.80737,26.4786],[90.80967,26.49973],[90.81629,26.4985],[90.82515,26.49242],[90.83153,26.50128],[90.84154,26.50418],[90.84929,26.49702],[90.85511,26.50179],[90.85265,26.50788],[90.85411,26.52321],[90.85418,26.52336]]]},"properties":{"name":"Bongaigaon","id":2}},
{"type":"Feature","geometry":{"type":"Polygon","coordinates":[[[92.99965,24.40013],[93.0056,24.40877],[93.00805,24.40221],[93.01512,24.39935],[93.02833,24.40313],[93.03827,24.4079],[93.03846,24.41435],[93.03129,24.42565],[93.03588,24.44073],[93.03707,24.45793],[93.04741,24.46072],[93.04768,24.47224],[93.04489,24.47858],[93.03496,24.49374],[93.04353,24.50257],[93.03923,24.50759],[93.04064,24.51136],[93.05205,24.5164],[93.05203,24.52142],[93.0477,24.52768],[93.05191,24.54148],[93.06045,24.55151],[93.06477,24.544],[93.07192,24.5578],[93.06038,24.57158],[93.07046,24.57286],[93.08636,24.56787],[93.09649,24.57921],[93.10619,24.58021],[93.09789,24.588],[93.08779,24.58672],[93.07908,24.5892],[93.07469,24.59295],[93.07605,24.60048],[93.08603,24.60802],[93.07869,24.61803],[93.07863,24.62304],[93.08866,24.62431],[93.08859,24.63058],[93.08415,24.64437],[93.08842,24.64939],[93.09557,24.6494],[93.09834,24.66321],[93.10262,24.66823],[93.10114,24.67702],[93.09257,24.67324],[93.09252,24.68454],[93.08389,24.69457],[93.07524,24.70712],[93.07808,24.71089],[93.08814,24.70588],[93.0924,24.71217],[93.09664,24.7285],[93.10378,24.73354],[93.10662,24.73857],[93.09802,24.74106],[93.10087,24.74609],[93.09942,24.75112],[93.10509,24.7662],[93.10076,24.77499],[93.10647,24.78002],[93.11214,24.79887],[93.10924,24.80641],[93.11925,24.81396],[93.12072,24.80517],[93.13076,24.80266],[93.13648,24.8077],[93.14369,24.7964],[93.15661,24.78888],[93.1609,24.79391],[93.17378,24.80021],[93.19242,24.80273],[93.1967,24.80776],[93.19095,24.81907],[93.19808,24.83289],[93.19375,24.84043],[93.20093,24.84043],[93.20092,24.84671],[93.21367,24.85841],[93.21846,24.86619],[93.22849,24.87375],[93.22563,24.87752],[93.23278,24.88129],[93.2342,24.88633],[93.23277,24.89513],[93.24134,24.89765],[93.24275,24.90392],[93.23841,24.91146],[93.24986,24.91147],[93.25268,24.91523],[93.24963,24.92651],[93.24352,24.94028],[93.25053,24.94277],[93.24869,24.95151],[93.25893,24.94777],[93.2627,24.96278],[93.25817,24.96906],[93.25235,24.97158],[93.24675,24.9674],[93.23841,24.97617],[93.23424,24.97366],[93.22877,24.97619],[93.23305,24.98242],[93.21642,24.98629],[93.20656,24.98008],[93.19811,24.98514],[93.19812,24.99016],[93.18959,24.99019],[93.18575,24.99473],[93.17072,24.9966],[93.07193,24.99724],[93.06863,25.00257],[93.06323,25.00197],[93.05927,25.01171],[93.06388,25.01528],[93.06089,25.02263],[93.04987,25.03265],[93.04033,25.03623],[93.02933,25.04678],[93.01765,25.06115],[93.0237,25.07351],[93.03034,25.07511],[93.04139,25.0849],[93.04794,25.09356],[93.04962,25.09888],[93.04404,25.10293],[93.03342,25.10339],[93.02204,25.09959],[93.01921,25.09529],[93.00832,25.09617],[92.98853,25.09356],[92.97852,25.08485],[92.96814,25.08845],[92.96248,25.08823],[92.95622,25.08358],[92.95597,25.07332],[92.94607,25.07037],[92.93578,25.07707],[92.92382,25.07957],[92.90176,25.07944],[92.88979,25.07374],[92.88581,25.06819],[92.87565,25.0651],[92.8587,25.06323],[92.84131,25.05311],[92.83602,25.05491],[92.83062,25.06182],[92.82917,25.07143],[92.80866,25.08311],[92.79895,25.08584],[92.78827,25.08505],[92.78367,25.08657],[92.76782,25.10346],[92.76851,25.11067],[92.76572,25.12124],[92.75982,25.12792],[92.75659,25.1386],[92.74675,25.13529],[92.73348,25.14287],[92.73201,25.13768],[92.7375,25.12811],[92.73747,25.12408],[92.72841,25.11702],[92.72613,25.1121],[92.71685,25.11749],[92.70202,25.1087],[92.6928,25.11385],[92.68506,25.11377],[92.67757,25.10868],[92.67273,25.10812],[92.6625,25.11326],[92.65747,25.11298],[92.65265,25.11707],[92.64354,25.11681],[92.63682,25.10896],[92.62685,25.10656],[92.6233,25.10191],[92.61392,25.10447],[92.60538,25.11036],[92.59637,25.10606],[92.58006,25.10232],[92.56605,25.10113],[92.56061,25.10407],[92.54918,25.10366],[92.5434,25.09731],[92.5385,25.09703],[92.52699,25.10358],[92.51027,25.10323],[92.49962,25.10593],[92.48484,25.10587],[92.48084,25.09822],[92.48068,25.08365],[92.47512,25.06861],[92.46647,25.05499],[92.46034,25.05249],[92.46513,25.04506],[92.46373,25.03496],[92.45469,25.03446],[92.45151,25.0388],[92.44227,25.03771],[92.43839,25.03162],[92.42534,25.02952],[92.427,25.01753],[92.42023,24.99178],[92.41987,24.98022],[92.42295,24.97444],[92.43098,24.96958],[92.43762,24.96815],[92.44892,24.96944],[92.45952,24.96693],[92.46587,24.96252],[92.46114,24.95519],[92.45163,24.95255],[92.45503,24.94226],[92.46008,24.9411],[92.47839,24.94321],[92.4887,24.94233],[92.48979,24.93736],[92.48437,24.93103],[92.49003,24.92137],[92.49551,24.90612],[92.49456,24.88489],[92.49894,24.87397],[92.50361,24.8721],[92.51623,24.87493],[92.51984,24.87175],[92.52584,24.85871],[92.54563,24.86506],[92.55274,24.87014],[92.56031,24.8721],[92.578,24.86832],[92.58909,24.86193],[92.59039,24.86717],[92.58214,24.87313],[92.59804,24.87794],[92.6103,24.86093],[92.62068,24.85803],[92.63136,24.85314],[92.63177,24.84785],[92.63893,24.83552],[92.63575,24.83144],[92.63978,24.81906],[92.64339,24.8191],[92.66051,24.81321],[92.67111,24.81482],[92.6803,24.81318],[92.68464,24.80654],[92.68401,24.80243],[92.66977,24.78984],[92.66655,24.77707],[92.66746,24.7675],[92.65916,24.74745],[92.65613,24.73573],[92.65921,24.71161],[92.65788,24.6959],[92.65576,24.69174],[92.65779,24.67458],[92.65989,24.66924],[92.66642,24.66953],[92.66883,24.65879],[92.66659,24.63882],[92.66998,24.62626],[92.68101,24.62878],[92.69356,24.62108],[92.69648,24.61639],[92.69016,24.61255],[92.67843,24.60932],[92.66993,24.60942],[92.67356,24.59844],[92.66988,24.59108],[92.67679,24.58125],[92.68972,24.57886],[92.70096,24.56981],[92.70489,24.56397],[92.71475,24.56832],[92.71924,24.56497],[92.72565,24.56905],[92.73875,24.5867],[92.74159,24.58339],[92.75501,24.5827],[92.76063,24.57671],[92.76414,24.56657],[92.78032,24.56923],[92.78065,24.55957],[92.77301,24.55169],[92.77522,24.54613],[92.76338,24.52982],[92.7592,24.51851],[92.76475,24.51816],[92.77866,24.48379],[92.78171,24.47208],[92.7972,24.43197],[92.80226,24.42453],[92.80322,24.41897],[92.81054,24.41086],[92.81772,24.40995],[92.8205,24.40399],[92.831,24.39663],[92.82595,24.39075],[92.82751,24.37651],[92.83204,24.37356],[92.83894,24.37798],[92.84623,24.37948],[92.85098,24.38952],[92.86222,24.39662],[92.87109,24.39417],[92.88353,24.40013],[92.89101,24.39886],[92.89366,24.39238],[92.90444,24.3915],[92.90857,24.40021],[92.91081,24.40994],[92.92265,24.40273],[92.92689,24.39564],[92.93494,24.39253],[92.93977,24.39802],[92.95046,24.40179],[92.95392,24.40083],[92.95953,24.39282],[92.97001,24.39813],[92.97485,24.40466],[92.97944,24.40659],[92.98749,24.40453],[92.99451,24.39882],[92.99965,24.40013]]]},"properties":{"name":"Cachar","id":3}},
{"type":"Feature","geometry":{"type":"Polygon","coordinates":[[[90.95916,26.78337],[90.93146,26.78165],[90.90145,26.77819],[90.87527,26.77919],[90.85298,26.77681],[90.80677,26.77364],[90.76705,26.77317],[90.74562,26.77467],[90.73859,26.76897],[90.72772,26.76718],[90.70458,26.76766],[90.68704,26.77706],[90.68414,26.77989],[90.67458,26.78039],[90.65387,26.77394],[90.64187,26.7863],[90.63513,26.79134],[90.60635,26.79721],[90.59385,26.79819],[90.58561,26.79725],[90.56483,26.80072],[90.55374,26.81164],[90.54379,26.81599],[90.53379,26.82323],[90.4882,26.85281],[90.45911,26.87218],[90.42727,26.8979],[90.42509,26.89857],[90.42831,26.88749],[90.42819,26.86629],[90.42335,26.82259],[90.42547,26.81525],[90.42496,26.80748],[90.42192,26.80025],[90.42185,26.78465],[90.42903,26.76954],[90.42798,26.76021],[90.43119,26.75622],[90.43312,26.7467],[90.42734,26.73928],[90.42148,26.72089],[90.42068,26.71119],[90.41108,26.70671],[90.40522,26.6999],[90.40682,26.69126],[90.39562,26.67566],[90.38529,26.65232],[90.3647,26.63137],[90.36692,26.62696],[90.35605,26.61853],[90.35478,26.608],[90.35982,26.59828],[90.36791,26.58945],[90.36521,26.57792],[90.35896,26.57785],[90.3537,26.57161],[90.35892,26.56748],[90.35382,26.56307],[90.3552,26.55517],[90.36056,26.55433],[90.36266,26.54845],[90.37042,26.54221],[90.37775,26.54404],[90.38242,26.54141],[90.38291,26.53089],[90.39087,26.53036],[90.39174,26.52616],[90.38599,26.52056],[90.38852,26.51503],[90.39781,26.52075],[90.40249,26.51666],[90.39644,26.50913],[90.40216,26.50448],[90.39603,26.49745],[90.39597,26.49343],[90.40388,26.48912],[90.39603,26.48599],[90.39632,26.47792],[90.4015,26.47172],[90.40048,26.45922],[90.40161,26.44658],[90.40565,26.44302],[90.40981,26.43401],[90.41352,26.43072],[90.42305,26.43247],[90.42533,26.42798],[90.42466,26.41979],[90.42931,26.40603],[90.4384,26.40825],[90.44238,26.40689],[90.45382,26.4083],[90.4609,26.4037],[90.46305,26.41223],[90.4589,26.42032],[90.46451,26.43859],[90.47006,26.44169],[90.47229,26.45108],[90.47966,26.45579],[90.4949,26.45448],[90.51844,26.45598],[90.52601,26.45085],[90.52462,26.42729],[90.52577,26.42053],[90.53197,26.4196],[90.54287,26.42709],[90.54863,26.42773],[90.55203,26.43418],[90.55207,26.45526],[90.55703,26.46674],[90.56183,26.4695],[90.56363,26.48429],[90.56112,26.49525],[90.55673,26.50429],[90.56415,26.51098],[90.57415,26.51442],[90.59102,26.51122],[90.5968,26.50518],[90.6,26.49571],[90.60907,26.48121],[90.61418,26.48086],[90.62789,26.48764],[90.63334,26.49807],[90.62428,26.50588],[90.6219,26.51838],[90.64265,26.52725],[90.65628,26.52632],[90.66406,26.52373],[90.66809,26.51729],[90.67557,26.51112],[90.68693,26.51035],[90.69472,26.50108],[90.69442,26.49082],[90.70203,26.4857],[90.71119,26.48767],[90.71842,26.48573],[90.72348,26.48105],[90.72825,26.48419],[90.74425,26.48338],[90.7485,26.47673],[90.75516,26.47193],[90.76278,26.47835],[90.76391,26.48405],[90.77302,26.48545],[90.77966,26.47285],[90.78669,26.47236],[90.79315,26.4803],[90.78469,26.48667],[90.77422,26.49954],[90.7623,26.50672],[90.76013,26.51149],[90.76544,26.52096],[90.77748,26.52273],[90.78995,26.52187],[90.79528,26.52411],[90.79715,26.53092],[90.80356,26.53452],[90.82436,26.52962],[90.8384,26.52459],[90.85418,26.52336],[90.85662,26.53388],[90.85054,26.53349],[90.83401,26.53861],[90.83155,26.54065],[90.83203,26.55621],[90.8241,26.56003],[90.82026,26.56814],[90.83098,26.5753],[90.84746,26.57104],[90.85023,26.57188],[90.85778,26.5978],[90.87143,26.59985],[90.877,26.6164],[90.89387,26.62458],[90.9005,26.63144],[90.90324,26.63954],[90.90399,26.65833],[90.89768,26.66381],[90.89757,26.66975],[90.90334,26.68238],[90.90347,26.69096],[90.91202,26.69767],[90.91848,26.71032],[90.91617,26.7176],[90.91663,26.72621],[90.92497,26.73578],[90.92594,26.73994],[90.93216,26.74461],[90.93671,26.75584],[90.9412,26.76047],[90.94585,26.77462],[90.95409,26.77656],[90.95916,26.78337]]]},"properties":{"name":"Chirang","id":4}},
{"type":"Feature","geometry":{"type":"Polygon","coordinates":[[[91.78311,26.49367],[91.78121,26.47385],[91.77739,26.46618],[91.76685,26.46616],[91.7681,26.45578],[91.77486,26.44344],[91.77366,26.43167],[91.78102,26.4257],[91.78316,26.41117],[91.78573,26.40867],[91.79706,26.40724],[91.80165,26.39096],[91.80701,26.38749],[91.80927,26.38124],[91.81441,26.38319],[91.82059,26.37902],[91.82404,26.36373],[91.82258,26.33654],[91.82429,26.33191],[91.82202,26.32481],[91.81395,26.32349],[91.81123,26.31645],[91.80241,26.31444],[91.79718,26.31842],[91.79142,26.30901],[91.78708,26.29624],[91.79102,26.28342],[91.79057,26.27583],[91.7932,26.26809],[91.7866,26.25356],[91.78695,26.24401],[91.78175,26.24109],[91.7705,26.23917],[91.76636,26.23077],[91.75545,26.22575],[91.74945,26.22082],[91.75012,26.21052],[91.76159,26.19995],[91.77953,26.19774],[91.81355,26.207],[91.81836,26.20567],[91.84443,26.21433],[91.85756,26.21558],[91.86933,26.21875],[91.87788,26.21558],[91.89245,26.21893],[91.89313,26.22145],[91.90479,26.22531],[91.91518,26.23339],[91.91695,26.2405],[91.92666,26.24576],[91.93512,26.24138],[91.95598,26.25371],[91.98436,26.27484],[91.99203,26.26892],[92.00492,26.27362],[92.01737,26.2799],[92.02876,26.27049],[92.03286,26.26982],[92.04557,26.27544],[92.05081,26.28081],[92.06428,26.30322],[92.06534,26.30805],[92.07601,26.31428],[92.08617,26.33695],[92.10383,26.34313],[92.10644,26.35304],[92.12712,26.37085],[92.13104,26.37999],[92.14407,26.39855],[92.15642,26.41059],[92.16513,26.4169],[92.18147,26.42299],[92.18952,26.42352],[92.2044,26.42088],[92.2136,26.41489],[92.2225,26.41682],[92.23938,26.43064],[92.24357,26.44157],[92.24981,26.44764],[92.25734,26.45128],[92.27398,26.45144],[92.28218,26.45388],[92.29129,26.4595],[92.30081,26.46859],[92.30557,26.47591],[92.31764,26.48713],[92.34645,26.50214],[92.34456,26.50815],[92.32858,26.51106],[92.34946,26.52434],[92.35583,26.53014],[92.37403,26.52998],[92.38385,26.53112],[92.38585,26.53451],[92.38028,26.54049],[92.36892,26.55775],[92.36832,26.5681],[92.35816,26.57173],[92.35898,26.57665],[92.36479,26.58069],[92.3635,26.58561],[92.3548,26.58496],[92.34382,26.58148],[92.32808,26.59166],[92.32923,26.59584],[92.34024,26.5961],[92.3419,26.60028],[92.32975,26.60444],[92.33205,26.61077],[92.32571,26.61644],[92.33546,26.62791],[92.33004,26.63677],[92.3391,26.64309],[92.33535,26.64946],[92.3358,26.66873],[92.32865,26.67036],[92.31357,26.67756],[92.30556,26.67507],[92.30056,26.66488],[92.29801,26.64418],[92.29319,26.63037],[92.27895,26.62693],[92.27487,26.62076],[92.27202,26.59694],[92.27023,26.59228],[92.25131,26.5791],[92.24544,26.58196],[92.24244,26.59518],[92.23903,26.59857],[92.23956,26.61511],[92.23785,26.6251],[92.22779,26.63166],[92.21767,26.64038],[92.21357,26.65608],[92.20219,26.66562],[92.18939,26.66878],[92.18471,26.66746],[92.17707,26.66037],[92.16417,26.65969],[92.15694,26.654],[92.14225,26.64865],[92.13399,26.64905],[92.11982,26.64631],[92.1085,26.63974],[92.09823,26.63861],[92.08904,26.62923],[92.07634,26.62869],[92.06821,26.61324],[92.06043,26.6123],[92.0483,26.5925],[92.04544,26.58044],[92.04675,26.56729],[92.06089,26.54546],[92.06866,26.5464],[92.08622,26.5604],[92.09208,26.55918],[92.09898,26.55097],[92.09917,26.54404],[92.08783,26.53263],[92.08078,26.51244],[92.0945,26.49526],[92.09009,26.48485],[92.07702,26.48202],[92.06984,26.48718],[92.07001,26.49792],[92.07214,26.50236],[92.06572,26.5067],[92.0635,26.51915],[92.05137,26.52623],[92.04934,26.53177],[92.03546,26.54742],[92.02807,26.55951],[92.01516,26.56741],[92.00341,26.5694],[91.99261,26.5695],[91.98614,26.56684],[91.98188,26.56182],[91.9695,26.55403],[91.96519,26.55359],[91.95375,26.55907],[91.95433,26.56517],[91.94798,26.57026],[91.9364,26.57422],[91.92439,26.5736],[91.9173,26.56185],[91.90161,26.55844],[91.89524,26.54511],[91.8739,26.54519],[91.86323,26.54063],[91.84554,26.52857],[91.82784,26.50925],[91.7891,26.49942],[91.78311,26.49367]]]},"properties":{"name":"Darrang","id":5}},
{"type":"Feature","geometry":{"type":"Polygon","coordinates":[[[94.58063,27.21371],[94.57997,27.21513],[94.58849,27.24021],[94.59009,27.2503],[94.58751,27.25848],[94.58815,27.26642],[94.59491,27.27416],[94.61538,27.30548],[94.61606,27.31457],[94.60742,27.32486],[94.61521,27.3302],[94.62237,27.33231],[94.63491,27.3202],[94.64233,27.3253],[94.63986,27.33117],[94.64512,27.34037],[94.66654,27.34898],[94.66833,27.36316],[94.66485,27.37114],[94.66543,27.37621],[94.68795,27.38305],[94.69224,27.38958],[94.68911,27.40982],[94.69327,27.41881],[94.70066,27.42258],[94.72319,27.42678],[94.72887,27.43971],[94.7329,27.44118],[94.74673,27.4349],[94.75249,27.44468],[94.75492,27.45634],[94.76328,27.47082],[94.77467,27.48284],[94.77972,27.4846],[94.7956,27.48159],[94.79965,27.49035],[94.82163,27.50527],[94.81851,27.51481],[94.84302,27.53184],[94.85428,27.54482],[94.87272,27.55662],[94.88254,27.57348],[94.89676,27.58428],[94.90765,27.58511],[94.91433,27.58966],[94.92261,27.60039],[94.9311,27.6047],[94.9493,27.6086],[94.95843,27.62763],[94.98309,27.64614],[94.9855,27.65055],[94.99987,27.65403],[95.02221,27.65636],[95.02976,27.6584],[95.03429,27.66465],[95.04228,27.6677],[95.05227,27.66218],[95.06413,27.65993],[95.08461,27.65933],[95.10768,27.66222],[95.1228,27.68011],[95.1421,27.68413],[95.15886,27.6916],[95.17746,27.69531],[95.19763,27.70472],[95.20751,27.70799],[95.2027,27.68138],[95.19579,27.67285],[95.19492,27.66679],[95.20369,27.66096],[95.2262,27.65222],[95.23444,27.65582],[95.23975,27.65397],[95.26035,27.65862],[95.27346,27.67198],[95.27759,27.6824],[95.28433,27.69075],[95.29885,27.69551],[95.32156,27.69534],[95.3441,27.702],[95.39328,27.72342],[95.4022,27.72535],[95.41077,27.73228],[95.42135,27.73824],[95.44415,27.75749],[95.45973,27.77438],[95.46322,27.78902],[95.47005,27.80887],[95.47707,27.81636],[95.48053,27.82311],[95.47946,27.8296],[95.48675,27.83795],[95.48782,27.84429],[95.49296,27.85222],[95.50506,27.85715],[95.51691,27.85743],[95.51766,27.87688],[95.3861,27.83729],[95.31844,27.86658],[95.31036,27.86329],[95.29444,27.86048],[95.23847,27.84392],[95.19679,27.83007],[95.0538,27.78603],[95.04073,27.77353],[95.02113,27.76832],[94.99988,27.77242],[94.98904,27.76674],[94.93206,27.75269],[94.88598,27.73808],[94.86797,27.74164],[94.86277,27.72942],[94.85563,27.72766],[94.85081,27.7067],[94.84141,27.69957],[94.82329,27.69226],[94.80226,27.69318],[94.79302,27.68494],[94.76899,27.67624],[94.76159,27.66455],[94.74471,27.65955],[94.72278,27.66618],[94.71871,27.65782],[94.70017,27.6633],[94.69151,27.66342],[94.68598,27.65957],[94.68859,27.65335],[94.68458,27.6458],[94.67118,27.64651],[94.65052,27.63832],[94.64188,27.62721],[94.63651,27.62503],[94.62705,27.62639],[94.61147,27.61893],[94.60617,27.6194],[94.58841,27.61644],[94.57563,27.60329],[94.56601,27.60331],[94.55822,27.59958],[94.54853,27.5999],[94.5387,27.59336],[94.52839,27.59216],[94.51776,27.58112],[94.51152,27.58046],[94.50233,27.57371],[94.49308,27.5719],[94.48522,27.57363],[94.47143,27.56044],[94.46185,27.55414],[94.45562,27.5674],[94.43822,27.58093],[94.4328,27.593],[94.43327,27.59963],[94.42317,27.5979],[94.4054,27.58376],[94.38985,27.58589],[94.36973,27.57336],[94.36446,27.57686],[94.35795,27.57402],[94.35112,27.5761],[94.34736,27.58125],[94.34042,27.5777],[94.33137,27.58508],[94.31474,27.58637],[94.31071,27.59232],[94.30039,27.60104],[94.29084,27.59127],[94.27841,27.59013],[94.27484,27.60027],[94.25653,27.61055],[94.25954,27.61597],[94.26963,27.62471],[94.26526,27.63289],[94.25847,27.63342],[94.25472,27.63782],[94.24976,27.6327],[94.23759,27.62942],[94.22844,27.61489],[94.21597,27.60131],[94.22537,27.59762],[94.22773,27.5921],[94.22387,27.58477],[94.22887,27.57247],[94.24296,27.56716],[94.25882,27.5542],[94.25917,27.53724],[94.26476,27.52415],[94.26198,27.5202],[94.27644,27.51037],[94.2822,27.50092],[94.28135,27.47737],[94.27992,27.46802],[94.28449,27.45781],[94.29197,27.44853],[94.30901,27.43544],[94.32184,27.42297],[94.32577,27.39508],[94.32344,27.36775],[94.32293,27.34943],[94.32689,27.33565],[94.33704,27.32766],[94.35215,27.3284],[94.36201,27.32468],[94.36999,27.32536],[94.37282,27.32934],[94.38769,27.32798],[94.39528,27.32517],[94.39995,27.31768],[94.41793,27.30897],[94.43241,27.31117],[94.44423,27.31079],[94.45314,27.30573],[94.46252,27.30487],[94.46951,27.31058],[94.47603,27.31916],[94.4845,27.32403],[94.50299,27.32657],[94.50946,27.32103],[94.51397,27.31213],[94.52285,27.30001],[94.52525,27.29343],[94.5209,27.26275],[94.52751,27.25155],[94.53749,27.24215],[94.54639,27.23708],[94.55571,27.22209],[94.5714,27.21428],[94.58063,27.21371]]]},"properties":{"name":"Dhemaji","id":6}},
{"type":"Feature","geometry":{"type":"Polygon","coordinates":[[[90.42909,26.35993],[90.41143,26.3405],[90.4026,26.33867],[90.39514,26.33036],[90.37702,26.31919],[90.37509,26.31292],[90.37825,26.30532],[90.3767,26.29405],[90.36814,26.29163],[90.35654,26.29254],[90.34701,26.28393],[90.32823,26.27807],[90.32079,26.28155],[90.31775,26.28871],[90.31909,26.29943],[90.33596,26.32249],[90.34321,26.33409],[90.35359,26.34136],[90.35835,26.34944],[90.34973,26.35982],[90.3484,26.36858],[90.3438,26.37031],[90.33407,26.36128],[90.32908,26.36134],[90.31988,26.35285],[90.30491,26.3427],[90.30192,26.33794],[90.28959,26.33635],[90.29246,26.33091],[90.2892,26.32316],[90.28253,26.31981],[90.2763,26.32774],[90.27091,26.331],[90.25749,26.3347],[90.25244,26.32615],[90.24556,26.32787],[90.24068,26.32375],[90.23018,26.33251],[90.22073,26.33164],[90.23123,26.34954],[90.23596,26.36183],[90.2345,26.3699],[90.22861,26.37321],[90.22872,26.38536],[90.20899,26.3769],[90.21077,26.36244],[90.20798,26.35865],[90.19715,26.35302],[90.1912,26.34522],[90.18132,26.34521],[90.17626,26.34225],[90.15665,26.35283],[90.14347,26.3494],[90.12233,26.33914],[90.10916,26.3293],[90.10659,26.32571],[90.11883,26.32414],[90.11811,26.31874],[90.11106,26.31686],[90.10781,26.31215],[90.12413,26.30409],[90.13275,26.29317],[90.14818,26.2919],[90.15242,26.28022],[90.14998,26.27494],[90.12913,26.26229],[90.12329,26.26112],[90.12118,26.2527],[90.12119,26.23844],[90.12609,26.23139],[90.13687,26.22602],[90.13678,26.21047],[90.14049,26.20297],[90.13479,26.19634],[90.11253,26.19468],[90.10181,26.18993],[90.07171,26.1727],[90.05776,26.15623],[90.05611,26.13897],[90.04427,26.13092],[90.03347,26.12876],[90.02166,26.13185],[90.00039,26.14255],[89.97705,26.14534],[89.94661,26.13796],[89.94412,26.13915],[89.91385,26.13408],[89.88419,26.13674],[89.87312,26.14574],[89.86878,26.15275],[89.87203,26.16862],[89.86944,26.17967],[89.87414,26.18844],[89.8712,26.19122],[89.86424,26.18674],[89.86223,26.19412],[89.87074,26.20006],[89.87054,26.20863],[89.86635,26.21019],[89.86116,26.21726],[89.86119,26.2214],[89.8701,26.2325],[89.8574,26.2429],[89.85319,26.25534],[89.85462,26.25888],[89.86551,26.25845],[89.86939,26.26028],[89.87127,26.26975],[89.88566,26.30305],[89.89638,26.3249],[89.90087,26.3286],[89.89842,26.34032],[89.89154,26.34113],[89.88794,26.3461],[89.8939,26.3497],[89.89291,26.35867],[89.88285,26.37257],[89.87923,26.3747],[89.86834,26.37539],[89.8601,26.38205],[89.85047,26.38397],[89.84591,26.37772],[89.83907,26.38119],[89.83286,26.38107],[89.8294,26.37684],[89.83203,26.36661],[89.82602,26.35901],[89.82505,26.35034],[89.81867,26.35311],[89.81771,26.36234],[89.81483,26.36644],[89.80898,26.36229],[89.79531,26.35802],[89.787,26.35324],[89.78404,26.34737],[89.78584,26.33084],[89.7735,26.32376],[89.76694,26.31707],[89.75552,26.32143],[89.75585,26.30622],[89.76408,26.29257],[89.76204,26.28851],[89.75384,26.28938],[89.7473,26.29519],[89.73676,26.29288],[89.72044,26.29701],[89.72606,26.28816],[89.73416,26.28291],[89.74239,26.27109],[89.73721,26.26033],[89.73015,26.2584],[89.72228,26.25915],[89.71637,26.26327],[89.71649,26.26957],[89.70977,26.2699],[89.70563,26.26083],[89.70858,26.25697],[89.72032,26.25648],[89.72063,26.24639],[89.72849,26.24354],[89.73368,26.2382],[89.72821,26.23293],[89.71662,26.22775],[89.71512,26.21914],[89.72039,26.21478],[89.72925,26.21729],[89.73615,26.21491],[89.73618,26.21077],[89.73052,26.20609],[89.7191,26.20599],[89.72296,26.19681],[89.72098,26.19134],[89.71307,26.18684],[89.70506,26.18485],[89.70739,26.17714],[89.71646,26.17352],[89.72462,26.17796],[89.73507,26.17701],[89.72991,26.16964],[89.72269,26.16555],[89.72403,26.15748],[89.73257,26.15595],[89.73912,26.15816],[89.74817,26.15655],[89.75306,26.15286],[89.75718,26.14447],[89.76991,26.13194],[89.77052,26.12779],[89.76501,26.11253],[89.77126,26.10661],[89.78748,26.10605],[89.78609,26.086],[89.79604,26.08016],[89.80132,26.07315],[89.80119,26.05862],[89.79699,26.05871],[89.78814,26.05321],[89.79282,26.04546],[89.78626,26.04452],[89.78749,26.03877],[89.80466,26.03597],[89.80045,26.02848],[89.79342,26.02185],[89.79901,26.01817],[89.8131,26.03831],[89.8174,26.03433],[89.82147,26.0236],[89.82125,26.01232],[89.81864,25.98899],[89.82815,25.98449],[89.8352,25.98626],[89.83365,26.0003],[89.83517,26.00718],[89.84343,26.00492],[89.85008,25.99468],[89.85482,25.99243],[89.87152,25.97608],[89.86816,25.97033],[89.8593,25.96917],[89.85114,25.97233],[89.84473,25.97221],[89.84135,25.9678],[89.84739,25.96189],[89.84833,25.95614],[89.84107,25.95482],[89.83118,25.94704],[89.83394,25.94421],[89.84463,25.94054],[89.85751,25.94071],[89.86883,25.94355],[89.87949,25.94441],[89.88704,25.94202],[89.88754,25.93798],[89.87396,25.91308],[89.85097,25.89008],[89.8405,25.87777],[89.83616,25.86767],[89.83473,25.85222],[89.8352,25.83771],[89.82982,25.8293],[89.81885,25.81709],[89.82145,25.81272],[89.82725,25.81185],[89.83103,25.80471],[89.83345,25.7915],[89.83828,25.77364],[89.84338,25.76103],[89.84092,25.75521],[89.82848,25.74206],[89.8273,25.73797],[89.8298,25.72928],[89.83607,25.71768],[89.84023,25.7147],[89.85647,25.71483],[89.8565,25.70555],[89.84927,25.69585],[89.848,25.6905],[89.86618,25.66425],[89.87191,25.65408],[89.88112,25.63144],[89.88321,25.61524],[89.87904,25.59785],[89.8742,25.58801],[89.87917,25.5762],[89.87474,25.55717],[89.87009,25.54779],[89.8584,25.54142],[89.85621,25.53751],[89.86322,25.52303],[89.86249,25.5167],[89.85703,25.49919],[89.85437,25.482],[89.85609,25.47662],[89.86346,25.47574],[89.87117,25.48177],[89.87939,25.49151],[89.87948,25.49846],[89.87503,25.50834],[89.8698,25.52435],[89.87253,25.53198],[89.87066,25.53979],[89.87775,25.54947],[89.88153,25.54912],[89.89031,25.55805],[89.90833,25.55967],[89.92995,25.56369],[89.93972,25.56286],[89.94554,25.56777],[89.97031,25.57184],[89.97669,25.57475],[89.97893,25.58364],[89.98305,25.59086],[89.99338,25.58894],[90.00599,25.58431],[90.01491,25.59846],[90.02116,25.6023],[90.0223,25.6085],[90.00843,25.62392],[90.00323,25.62195],[89.98723,25.62681],[89.98437,25.63767],[89.95092,25.65894],[89.94586,25.67375],[89.94576,25.67823],[89.94105,25.68674],[89.92519,25.69453],[89.92257,25.70279],[89.90898,25.71487],[89.89837,25.72735],[89.89676,25.7351],[89.89956,25.74422],[89.92598,25.73927],[89.93761,25.74464],[89.93783,25.75261],[89.94764,25.76061],[89.95936,25.77453],[89.95495,25.79204],[89.95616,25.81097],[89.9498,25.81616],[89.94876,25.82453],[89.96304,25.82662],[89.97213,25.82619],[89.97769,25.82818],[89.98005,25.83408],[89.99496,25.83554],[90.00574,25.84227],[90.00442,25.84862],[90.01247,25.84686],[90.02492,25.86163],[90.02555,25.8685],[90.00894,25.8787],[90.02545,25.8932],[90.0321,25.89431],[90.04626,25.89075],[90.05635,25.89868],[90.05923,25.90808],[90.06747,25.91554],[90.07658,25.91932],[90.08213,25.91766],[90.08488,25.92451],[90.09609,25.92872],[90.09213,25.93617],[90.10468,25.94203],[90.10951,25.94189],[90.11205,25.95054],[90.12282,25.96121],[90.12249,25.96595],[90.1271,25.96966],[90.13499,25.96801],[90.13844,25.97235],[90.14749,25.97526],[90.16127,25.98686],[90.18042,25.99099],[90.17764,26.00083],[90.1791,26.01342],[90.17537,26.01658],[90.19293,26.02501],[90.19262,26.03174],[90.18866,26.03671],[90.17805,26.03839],[90.17231,26.0433],[90.17266,26.04774],[90.17959,26.05968],[90.17925,26.06434],[90.16261,26.07387],[90.15753,26.08219],[90.16584,26.08584],[90.17541,26.09481],[90.185,26.10698],[90.19034,26.12007],[90.19678,26.12642],[90.20209,26.12328],[90.20864,26.12364],[90.21407,26.13099],[90.22102,26.13251],[90.22329,26.13755],[90.24286,26.13952],[90.24849,26.148],[90.25182,26.16865],[90.2516,26.1774],[90.27371,26.18608],[90.27727,26.18444],[90.29174,26.18578],[90.30081,26.18182],[90.31402,26.17931],[90.32823,26.17918],[90.33174,26.17367],[90.36623,26.17724],[90.37715,26.17906],[90.37933,26.18146],[90.38114,26.20644],[90.37991,26.22136],[90.38556,26.22553],[90.39116,26.22491],[90.39838,26.22037],[90.40714,26.22399],[90.42988,26.24433],[90.44056,26.24321],[90.44315,26.24665],[90.43359,26.25696],[90.44077,26.26089],[90.44368,26.25401],[90.45236,26.24877],[90.45526,26.25214],[90.44865,26.25812],[90.44604,26.26447],[90.45396,26.27224],[90.46085,26.26592],[90.4702,26.26481],[90.47399,26.27238],[90.45964,26.27249],[90.46823,26.28204],[90.46684,26.28804],[90.48286,26.28941],[90.48364,26.29597],[90.48162,26.30802],[90.46029,26.33772],[90.45699,26.34954],[90.46088,26.35607],[90.45644,26.35788],[90.45019,26.34739],[90.4461,26.34627],[90.44462,26.36177],[90.43877,26.35847],[90.44211,26.34993],[90.44128,26.34389],[90.43417,26.34745],[90.43559,26.35395],[90.42909,26.35993]],[[89.81712,26.34585],[89.82402,26.33721],[89.82701,26.32507],[89.8226,26.32005],[89.81256,26.32785],[89.80335,26.33113],[89.8012,26.33587],[89.79367,26.34048],[89.80486,26.34943],[89.81712,26.34585]]]},"properties":{"name":"Dhubri","id":7}},
{"type":"Feature","geometry":{"type":"Polygon","coordinates":[[[94.58063,27.21371],[94.58282,27.20185],[94.58068,27.19226],[94.57061,27.17847],[94.58743,27.15698],[94.59117,27.14907],[94.59577,27.14513],[94.60816,27.15925],[94.61784,27.17585],[94.62472,27.2017],[94.63582,27.22274],[94.64661,27.24655],[94.66297,27.24706],[94.68222,27.2444],[94.68648,27.24679],[94.69552,27.26814],[94.70466,27.27091],[94.7085,27.26679],[94.71074,27.25068],[94.71511,27.2456],[94.72612,27.24594],[94.72509,27.25109],[94.71859,27.25654],[94.72189,27.26477],[94.73354,27.27375],[94.74575,27.27456],[94.75354,27.26902],[94.74742,27.26125],[94.74204,27.24884],[94.74852,27.24385],[94.75791,27.24491],[94.76393,27.24893],[94.76763,27.24515],[94.77949,27.2386],[94.7729,27.22278],[94.77163,27.21631],[94.77772,27.2124],[94.78149,27.19074],[94.77495,27.18406],[94.77792,27.16992],[94.76235,27.14925],[94.76045,27.14242],[94.76581,27.12752],[94.79783,27.1189],[94.80308,27.11987],[94.81226,27.11538],[94.82065,27.11412],[94.8148,27.10572],[94.81418,27.09881],[94.82697,27.09998],[94.83093,27.0954],[94.84305,27.09459],[94.84905,27.10811],[94.86674,27.13151],[94.88748,27.15664],[94.92711,27.18966],[94.95849,27.22067],[94.97016,27.2287],[94.97524,27.21183],[94.97612,27.19436],[94.98625,27.16972],[94.98527,27.15917],[94.98127,27.1503],[94.98973,27.14626],[95.0079,27.14766],[95.02737,27.14385],[95.03247,27.14497],[95.04108,27.15186],[95.05049,27.15365],[95.05463,27.15115],[95.05958,27.13796],[95.06231,27.13562],[95.09609,27.13593],[95.11898,27.13407],[95.1279,27.13078],[95.13041,27.13749],[95.1354,27.1345],[95.14171,27.1367],[95.15314,27.13165],[95.15782,27.13453],[95.16267,27.13101],[95.17961,27.14081],[95.18008,27.14773],[95.19407,27.15565],[95.2012,27.15798],[95.20149,27.16236],[95.22106,27.16442],[95.22672,27.16621],[95.23022,27.1723],[95.23653,27.17397],[95.23475,27.17885],[95.24375,27.18176],[95.24063,27.18627],[95.25619,27.19145],[95.25795,27.18531],[95.26835,27.1925],[95.27379,27.1887],[95.2894,27.19681],[95.30017,27.19439],[95.31415,27.18406],[95.31986,27.18654],[95.33056,27.18694],[95.34579,27.18076],[95.34842,27.17089],[95.35933,27.16755],[95.36003,27.15766],[95.36705,27.14628],[95.36917,27.13577],[95.36371,27.1238],[95.36639,27.11571],[95.37317,27.11216],[95.37156,27.10533],[95.37295,27.09558],[95.38574,27.09898],[95.3864,27.1056],[95.40658,27.11219],[95.42054,27.12464],[95.42947,27.12789],[95.44126,27.12662],[95.44741,27.13214],[95.45805,27.12942],[95.46132,27.134],[95.46613,27.1486],[95.45901,27.1571],[95.46831,27.16611],[95.46401,27.17596],[95.46899,27.18435],[95.4593,27.20348],[95.46011,27.20734],[95.46982,27.21215],[95.47108,27.21711],[95.48096,27.22624],[95.48766,27.23994],[95.49144,27.24261],[95.48737,27.25056],[95.4822,27.25274],[95.47382,27.26285],[95.45947,27.24744],[95.46267,27.23991],[95.45802,27.23215],[95.44712,27.25229],[95.46527,27.2666],[95.46586,27.27135],[95.45168,27.29488],[95.47046,27.30611],[95.46432,27.32125],[95.45307,27.33001],[95.46117,27.33838],[95.47669,27.34239],[95.4742,27.36432],[95.45079,27.36892],[95.44122,27.36292],[95.43169,27.37191],[95.42498,27.37486],[95.42,27.38172],[95.39739,27.39131],[95.37858,27.39165],[95.38037,27.38532],[95.37658,27.38049],[95.35126,27.39152],[95.34067,27.38937],[95.32536,27.38907],[95.31535,27.39122],[95.30792,27.39838],[95.30191,27.40863],[95.29638,27.41161],[95.28507,27.40774],[95.27805,27.41142],[95.2707,27.40547],[95.25898,27.41036],[95.26051,27.41773],[95.25217,27.42614],[95.25233,27.43261],[95.2393,27.43453],[95.22182,27.45781],[95.23092,27.47205],[95.2306,27.48588],[95.23205,27.49607],[95.23895,27.50254],[95.2642,27.51014],[95.2671,27.51577],[95.26733,27.52349],[95.27236,27.52519],[95.26659,27.53617],[95.27125,27.54656],[95.27493,27.54989],[95.28184,27.54659],[95.28525,27.55506],[95.27904,27.55989],[95.27671,27.5673],[95.29169,27.56838],[95.29391,27.57682],[95.29907,27.57506],[95.30308,27.58326],[95.31768,27.58449],[95.32283,27.58732],[95.3096,27.6173],[95.29995,27.64748],[95.29213,27.66976],[95.27759,27.6824],[95.27346,27.67198],[95.26035,27.65862],[95.23975,27.65397],[95.23444,27.65582],[95.2262,27.65222],[95.20369,27.66096],[95.19492,27.66679],[95.19579,27.67285],[95.2027,27.68138],[95.20751,27.70799],[95.19763,27.70472],[95.17746,27.69531],[95.15886,27.6916],[95.1421,27.68413],[95.1228,27.68011],[95.10768,27.66222],[95.08461,27.65933],[95.06413,27.65993],[95.05227,27.66218],[95.04228,27.6677],[95.03429,27.66465],[95.02976,27.6584],[95.02221,27.65636],[94.99987,27.65403],[94.9855,27.65055],[94.98309,27.64614],[94.95843,27.62763],[94.9493,27.6086],[94.9311,27.6047],[94.92261,27.60039],[94.91433,27.58966],[94.90765,27.58511],[94.89676,27.58428],[94.88254,27.57348],[94.87272,27.55662],[94.85428,27.54482],[94.84302,27.53184],[94.81851,27.51481],[94.82163,27.50527],[94.79965,27.49035],[94.7956,27.48159],[94.77972,27.4846],[94.77467,27.48284],[94.76328,27.47082],[94.75492,27.45634],[94.75249,27.44468],[94.74673,27.4349],[94.7329,27.44118],[94.72887,27.43971],[94.72319,27.42678],[94.70066,27.42258],[94.69327,27.41881],[94.68911,27.40982],[94.69224,27.38958],[94.68795,27.38305],[94.66543,27.37621],[94.66485,27.37114],[94.66833,27.36316],[94.66654,27.34898],[94.64512,27.34037],[94.63986,27.33117],[94.64233,27.3253],[94.63491,27.3202],[94.62237,27.33231],[94.61521,27.3302],[94.60742,27.32486],[94.61606,27.31457],[94.61538,27.30548],[94.59491,27.27416],[94.58815,27.26642],[94.58751,27.25848],[94.59009,27.2503],[94.58849,27.24021],[94.57997,27.21513],[94.58063,27.21371]]]},"properties":{"name":"Dibrugarh","id":8}},
{"type":"Feature","geometry":{"type":"Polygon","coordinates":[[[93.25235,24.97158],[93.25381,24.97534],[93.2515,24.98524],[93.25644,24.99244],[93.25596,24.99953],[93.2462,25.00061],[93.24836,25.01524],[93.2573,25.01816],[93.25514,25.02511],[93.26334,25.03234],[93.26245,25.03826],[93.26789,25.04051],[93.2677,25.04609],[93.28401,25.04792],[93.28638,25.04317],[93.29649,25.04402],[93.29958,25.04895],[93.30843,25.05485],[93.3056,25.06075],[93.31224,25.07429],[93.32314,25.08799],[93.33529,25.09214],[93.33999,25.11072],[93.34388,25.11761],[93.34844,25.13107],[93.34641,25.13398],[93.35054,25.14081],[93.34694,25.16018],[93.35266,25.17808],[93.36182,25.19188],[93.36813,25.19631],[93.36918,25.20432],[93.37771,25.21235],[93.38723,25.22827],[93.38674,25.23863],[93.39421,25.24653],[93.4032,25.25929],[93.41169,25.25965],[93.42034,25.26244],[93.42294,25.2741],[93.42605,25.27724],[93.43826,25.2827],[93.44444,25.28845],[93.45158,25.29088],[93.45958,25.29084],[93.4652,25.29515],[93.47363,25.30537],[93.45635,25.32139],[93.46159,25.33272],[93.45156,25.34035],[93.46201,25.355],[93.46594,25.35786],[93.47792,25.37599],[93.47364,25.38924],[93.46301,25.40712],[93.4649,25.41956],[93.46165,25.43088],[93.45667,25.43814],[93.44341,25.44683],[93.4348,25.45101],[93.42188,25.45106],[93.41698,25.44905],[93.4028,25.45548],[93.39035,25.46549],[93.39181,25.47052],[93.39043,25.48196],[93.38299,25.49392],[93.37179,25.49751],[93.36682,25.50926],[93.36006,25.51673],[93.35759,25.52408],[93.3502,25.53011],[93.34045,25.53374],[93.33582,25.54187],[93.33183,25.54328],[93.32259,25.52972],[93.30696,25.52857],[93.30339,25.53165],[93.2979,25.54472],[93.28999,25.54003],[93.27769,25.52885],[93.27112,25.53051],[93.26528,25.54518],[93.25259,25.54585],[93.23205,25.5442],[93.22342,25.54842],[93.21819,25.54854],[93.21276,25.544],[93.20886,25.55362],[93.20074,25.55704],[93.20263,25.56334],[93.19321,25.56951],[93.18947,25.5822],[93.17309,25.59531],[93.18077,25.60219],[93.18205,25.61637],[93.19198,25.62528],[93.18443,25.6389],[93.17656,25.64768],[93.17125,25.65867],[93.16536,25.66046],[93.14647,25.66105],[93.13912,25.66885],[93.13337,25.68376],[93.13912,25.69395],[93.13935,25.70616],[93.14514,25.7129],[93.14887,25.72284],[93.1511,25.73752],[93.14793,25.73737],[93.13034,25.75009],[93.13159,25.76119],[93.125,25.76245],[93.11049,25.77083],[93.10899,25.77419],[93.10008,25.77412],[93.08811,25.77159],[93.08152,25.76316],[93.06992,25.77042],[93.07261,25.77457],[93.05411,25.77977],[93.03071,25.79106],[93.0269,25.79568],[93.02034,25.79578],[93.01754,25.78979],[93.01101,25.79139],[93.00748,25.80631],[92.99996,25.8197],[92.99268,25.82326],[92.98929,25.81955],[92.98531,25.80903],[92.99109,25.79531],[92.98951,25.78672],[92.98378,25.79094],[92.971,25.78399],[92.97216,25.7901],[92.95881,25.80053],[92.9632,25.81698],[92.94487,25.80474],[92.93145,25.80756],[92.93261,25.80297],[92.92907,25.78486],[92.92986,25.78078],[92.92215,25.77074],[92.91539,25.76971],[92.90721,25.76469],[92.88754,25.7579],[92.87011,25.75487],[92.85762,25.75113],[92.83868,25.74941],[92.83411,25.74453],[92.82232,25.73993],[92.82414,25.72521],[92.81937,25.71266],[92.81282,25.70195],[92.8067,25.70052],[92.79884,25.68858],[92.79366,25.6879],[92.77789,25.6779],[92.78895,25.66102],[92.78855,25.65549],[92.78181,25.64714],[92.77289,25.63951],[92.77035,25.63395],[92.76376,25.62859],[92.76818,25.62167],[92.76367,25.6176],[92.75322,25.61288],[92.7508,25.60014],[92.74201,25.59521],[92.71914,25.58998],[92.71572,25.59905],[92.70321,25.59968],[92.69209,25.59386],[92.68264,25.5845],[92.68385,25.57674],[92.66753,25.57295],[92.66161,25.57945],[92.66152,25.56794],[92.65824,25.56099],[92.65076,25.55762],[92.64583,25.54422],[92.64554,25.53505],[92.6385,25.52617],[92.62846,25.51985],[92.62247,25.51339],[92.61045,25.51027],[92.60646,25.50579],[92.59445,25.50077],[92.58192,25.49287],[92.56869,25.47849],[92.56824,25.46519],[92.57232,25.46178],[92.58314,25.47059],[92.58628,25.46527],[92.59898,25.46932],[92.6022,25.46181],[92.60057,25.45471],[92.60633,25.44602],[92.60852,25.42801],[92.60776,25.4162],[92.61256,25.41377],[92.62138,25.42135],[92.62937,25.42265],[92.63004,25.43226],[92.63866,25.42643],[92.63866,25.42026],[92.64235,25.41713],[92.65125,25.42925],[92.66077,25.40793],[92.67445,25.4147],[92.6807,25.40611],[92.69414,25.3975],[92.70098,25.38529],[92.71349,25.38202],[92.71868,25.37246],[92.726,25.37789],[92.73537,25.37993],[92.73664,25.37125],[92.7506,25.3518],[92.75166,25.34588],[92.76103,25.33267],[92.7729,25.33699],[92.7848,25.3299],[92.78845,25.31496],[92.78424,25.30535],[92.78922,25.28888],[92.7926,25.28412],[92.78951,25.27586],[92.77014,25.26629],[92.77706,25.25789],[92.76501,25.24672],[92.77063,25.23756],[92.77257,25.23061],[92.78661,25.22873],[92.80337,25.2188],[92.80385,25.21454],[92.79872,25.21076],[92.78805,25.20686],[92.77986,25.20044],[92.76796,25.20212],[92.75921,25.2014],[92.74748,25.20515],[92.74236,25.20049],[92.73368,25.20063],[92.71658,25.1916],[92.70498,25.18797],[92.6943,25.17883],[92.67743,25.1797],[92.66729,25.17458],[92.66336,25.17051],[92.6612,25.15978],[92.65611,25.15166],[92.64445,25.14872],[92.63281,25.13513],[92.63035,25.1226],[92.62201,25.11528],[92.61043,25.1217],[92.59885,25.12233],[92.59486,25.12592],[92.58212,25.12952],[92.56849,25.12776],[92.55365,25.12841],[92.54044,25.135],[92.53613,25.13213],[92.52519,25.13777],[92.52572,25.12332],[92.53072,25.11958],[92.53352,25.10988],[92.5434,25.09731],[92.54918,25.10366],[92.56061,25.10407],[92.56605,25.10113],[92.58006,25.10232],[92.59637,25.10606],[92.60538,25.11036],[92.61392,25.10447],[92.6233,25.10191],[92.62685,25.10656],[92.63682,25.10896],[92.64354,25.11681],[92.65265,25.11707],[92.65747,25.11298],[92.6625,25.11326],[92.67273,25.10812],[92.67757,25.10868],[92.68506,25.11377],[92.6928,25.11385],[92.70202,25.1087],[92.71685,25.11749],[92.72613,25.1121],[92.72841,25.11702],[92.73747,25.12408],[92.7375,25.12811],[92.73201,25.13768],[92.73348,25.14287],[92.74675,25.13529],[92.75659,25.1386],[92.75982,25.12792],[92.76572,25.12124],[92.76851,25.11067],[92.76782,25.10346],[92.78367,25.08657],[92.78827,25.08505],[92.79895,25.08584],[92.80866,25.08311],[92.82917,25.07143],[92.83062,25.06182],[92.83602,25.05491],[92.84131,25.05311],[92.8587,25.06323],[92.87565,25.0651],[92.88581,25.06819],[92.88979,25.07374],[92.90176,25.07944],[92.92382,25.07957],[92.93578,25.07707],[92.94607,25.07037],[92.95597,25.07332],[92.95622,25.08358],[92.96248,25.08823],[92.96814,25.08845],[92.97852,25.08485],[92.98853,25.09356],[93.00832,25.09617],[93.01921,25.09529],[93.02204,25.09959],[93.03342,25.10339],[93.04404,25.10293],[93.04962,25.09888],[93.04794,25.09356],[93.04139,25.0849],[93.03034,25.07511],[93.0237,25.07351],[93.01765,25.06115],[93.02933,25.04678],[93.04033,25.03623],[93.04987,25.03265],[93.06089,25.02263],[93.06388,25.01528],[93.05927,25.01171],[93.06323,25.00197],[93.06863,25.00257],[93.07193,24.99724],[93.17072,24.9966],[93.18575,24.99473],[93.18959,24.99019],[93.19812,24.99016],[93.19811,24.98514],[93.20656,24.98008],[93.21642,24.98629],[93.23305,24.98242],[93.22877,24.97619],[93.23424,24.97366],[93.23841,24.97617],[93.24675,24.9674],[93.25235,24.97158]]]},"properties":{"name":"Dima Hasao","id":9}},
{"type":"Feature","geometry":{"type":"Polygon","coordinates":[[[90.65602,26.24138],[90.60899,26.23039],[90.56376,26.21744],[90.52301,26.20794],[90.50875,26.19972],[90.46583,26.20496],[90.42407,26.19881],[90.37933,26.18146],[90.37715,26.17906],[90.36623,26.17724],[90.33174,26.17367],[90.32823,26.17918],[90.31402,26.17931],[90.30081,26.18182],[90.29174,26.18578],[90.27727,26.18444],[90.27371,26.18608],[90.2516,26.1774],[90.25182,26.16865],[90.24849,26.148],[90.24286,26.13952],[90.22329,26.13755],[90.22102,26.13251],[90.21407,26.13099],[90.20864,26.12364],[90.20209,26.12328],[90.19678,26.12642],[90.19034,26.12007],[90.185,26.10698],[90.17541,26.09481],[90.16584,26.08584],[90.15753,26.08219],[90.16261,26.07387],[90.17925,26.06434],[90.17959,26.05968],[90.17266,26.04774],[90.17231,26.0433],[90.17805,26.03839],[90.18866,26.03671],[90.19262,26.03174],[90.19293,26.02501],[90.17537,26.01658],[90.1791,26.01342],[90.17764,26.00083],[90.18042,25.99099],[90.16127,25.98686],[90.14749,25.97526],[90.13844,25.97235],[90.13499,25.96801],[90.1271,25.96966],[90.12249,25.96595],[90.12282,25.96121],[90.12416,25.95767],[90.14417,25.95808],[90.15154,25.96442],[90.15753,25.96464],[90.16251,25.95819],[90.18021,25.957],[90.18462,25.94693],[90.18975,25.9455],[90.19353,25.95316],[90.19806,25.95692],[90.21251,25.96149],[90.21681,25.95381],[90.23142,25.95505],[90.28182,25.96305],[90.29058,25.96379],[90.3283,25.97425],[90.33303,25.98256],[90.33392,25.98835],[90.34089,25.99002],[90.34331,25.9967],[90.35063,26.00279],[90.36897,26.01015],[90.39131,26.01108],[90.40043,26.01396],[90.40413,26.00909],[90.41496,26.00568],[90.42133,25.99214],[90.43249,25.98885],[90.45097,25.99632],[90.46138,25.99937],[90.46295,26.00302],[90.47476,26.01238],[90.48115,26.01504],[90.49343,26.00941],[90.50953,25.99578],[90.51733,25.98213],[90.53358,25.96161],[90.53819,25.95778],[90.53851,25.9454],[90.53591,25.93231],[90.52988,25.92804],[90.52221,25.90917],[90.51478,25.89992],[90.52169,25.89626],[90.52914,25.90078],[90.54285,25.91522],[90.55049,25.91963],[90.55702,25.92887],[90.57502,25.93877],[90.57646,25.94788],[90.58248,25.95776],[90.58613,25.95952],[90.59093,25.95364],[90.60558,25.9515],[90.60902,25.94666],[90.63261,25.93714],[90.61116,25.9193],[90.61009,25.912],[90.61777,25.89923],[90.62836,25.89861],[90.63251,25.90626],[90.63091,25.9167],[90.64139,25.92303],[90.65755,25.92935],[90.6792,25.93616],[90.6896,25.95047],[90.71663,25.95184],[90.7289,25.9484],[90.73579,25.95221],[90.75094,25.95695],[90.74377,25.94054],[90.7476,25.93242],[90.7561,25.93359],[90.74964,25.92157],[90.74398,25.91485],[90.74889,25.91193],[90.75351,25.91888],[90.7624,25.92127],[90.76115,25.9107],[90.77245,25.90814],[90.78147,25.9079],[90.78511,25.92086],[90.79512,25.93535],[90.80052,25.94107],[90.81211,25.94679],[90.81332,25.95175],[90.82386,25.94801],[90.83959,25.94683],[90.84663,25.94438],[90.86017,25.94389],[90.87294,25.94195],[90.8786,25.94867],[90.88633,25.9513],[90.89571,25.9386],[90.8987,25.93105],[90.90449,25.92913],[90.92239,25.91283],[90.91958,25.92766],[90.91918,25.94268],[90.93536,25.93918],[90.94605,25.94707],[90.94884,25.93862],[90.96116,25.93344],[90.96388,25.92719],[90.9701,25.90483],[90.97063,25.88667],[90.98796,25.88942],[91.00003,25.88815],[91.01685,25.88378],[91.02373,25.88673],[91.03234,25.88749],[91.03304,25.89391],[91.03989,25.9089],[91.04379,25.9212],[91.05396,25.9333],[91.05111,25.94098],[91.07052,25.96445],[91.07718,25.97108],[91.08356,25.97362],[91.08791,25.98218],[91.09196,26.00024],[91.10062,26.0048],[91.10069,26.00923],[91.09176,26.02369],[91.09178,26.02864],[91.08618,26.03024],[91.08133,26.03697],[91.07271,26.03646],[91.06921,26.04392],[91.05834,26.04458],[91.05275,26.04025],[91.03986,26.04484],[91.02979,26.03974],[91.01297,26.05264],[91.00599,26.05281],[90.98137,26.06117],[90.96441,26.07515],[90.96122,26.08185],[90.95346,26.08098],[90.94884,26.08945],[90.9436,26.08825],[90.9391,26.09378],[90.93616,26.09762],[90.92628,26.09204],[90.91673,26.08904],[90.90565,26.09324],[90.88104,26.09489],[90.87179,26.09754],[90.86348,26.11245],[90.85056,26.1166],[90.8415,26.11104],[90.83468,26.11506],[90.80711,26.12332],[90.78876,26.13164],[90.7804,26.13422],[90.75853,26.13696],[90.74166,26.1371],[90.72526,26.13464],[90.72216,26.1318],[90.71284,26.13897],[90.7099,26.14718],[90.69514,26.15299],[90.69342,26.15813],[90.6787,26.18524],[90.67342,26.20389],[90.66171,26.22831],[90.65563,26.23644],[90.65602,26.24138]]]},"properties":{"name":"Goalpara","id":10}},
{"type":"Feature","geometry":{"type":"Polygon","coordinates":[[[93.8226,26.82357],[93.80837,26.82285],[93.79083,26.83017],[93.77371,26.84369],[93.7672,26.83688],[93.75965,26.81364],[93.75507,26.80519],[93.74677,26.80066],[93.73895,26.80844],[93.72847,26.81475],[93.71273,26.81748],[93.69736,26.7977],[93.69075,26.79532],[93.67237,26.8002],[93.65155,26.78906],[93.65079,26.77756],[93.6566,26.76073],[93.66281,26.73685],[93.66983,26.72516],[93.67361,26.71267],[93.66702,26.71397],[93.65149,26.70491],[93.63922,26.70632],[93.62026,26.71239],[93.60262,26.71572],[93.56748,26.72381],[93.56182,26.72782],[93.5642,26.73613],[93.55544,26.7374],[93.54703,26.74194],[93.53584,26.75374],[93.52395,26.75524],[93.51111,26.76035],[93.49431,26.75696],[93.47289,26.75896],[93.46258,26.75692],[93.45098,26.75123],[93.44523,26.74598],[93.43357,26.74449],[93.41719,26.74748],[93.40518,26.75293],[93.38231,26.74438],[93.35937,26.73748],[93.3493,26.73154],[93.34399,26.72312],[93.33771,26.70745],[93.32502,26.7061],[93.32088,26.70242],[93.30925,26.69811],[93.31089,26.69146],[93.31888,26.68538],[93.31941,26.67532],[93.31165,26.66877],[93.31301,26.66316],[93.32241,26.65698],[93.3215,26.64909],[93.31659,26.6401],[93.31135,26.63658],[93.29266,26.63698],[93.28842,26.6349],[93.29608,26.61668],[93.30237,26.60483],[93.29646,26.58606],[93.3045,26.57824],[93.31354,26.57662],[93.32175,26.58226],[93.33711,26.58267],[93.36957,26.58137],[93.38033,26.57796],[93.39493,26.57778],[93.40413,26.58056],[93.40523,26.57028],[93.41374,26.56753],[93.42551,26.57379],[93.44759,26.57652],[93.4658,26.58408],[93.46814,26.58009],[93.46132,26.57034],[93.46657,26.56852],[93.47712,26.5816],[93.49345,26.58534],[93.49567,26.59076],[93.47944,26.58824],[93.47345,26.59356],[93.48042,26.60159],[93.48524,26.60368],[93.49906,26.60433],[93.49897,26.6118],[93.50596,26.60862],[93.51027,26.59546],[93.51253,26.59336],[93.53457,26.59493],[93.5476,26.6039],[93.56068,26.60833],[93.56956,26.60707],[93.57202,26.60349],[93.5893,26.60355],[93.59389,26.59734],[93.58942,26.59406],[93.58657,26.58149],[93.58909,26.57376],[93.58812,26.5684],[93.60484,26.57259],[93.61614,26.5767],[93.61874,26.56742],[93.62616,26.57523],[93.62979,26.58654],[93.62687,26.59052],[93.64164,26.59808],[93.64743,26.59396],[93.65017,26.59951],[93.66262,26.60266],[93.66668,26.59874],[93.67169,26.60243],[93.68018,26.6003],[93.68682,26.60596],[93.71942,26.60441],[93.72389,26.60355],[93.72474,26.59556],[93.73503,26.59351],[93.73989,26.5854],[93.75159,26.58209],[93.75299,26.577],[93.74191,26.56962],[93.74371,26.56263],[93.73729,26.54962],[93.74115,26.54656],[93.7416,26.54035],[93.74848,26.5283],[93.75247,26.53089],[93.76022,26.52718],[93.75653,26.52007],[93.7596,26.50705],[93.76738,26.50657],[93.76838,26.50182],[93.77727,26.48748],[93.78047,26.47931],[93.77829,26.47468],[93.77983,26.46774],[93.78879,26.46336],[93.78857,26.45393],[93.79236,26.45018],[93.79621,26.42976],[93.78367,26.42242],[93.78632,26.41302],[93.79852,26.40978],[93.79184,26.39693],[93.77721,26.38388],[93.7902,26.37725],[93.79548,26.37719],[93.80025,26.38967],[93.8082,26.39633],[93.81702,26.39952],[93.82546,26.40785],[93.82887,26.41732],[93.83345,26.41697],[93.83937,26.41163],[93.85439,26.40491],[93.86031,26.40468],[93.86345,26.39661],[93.8702,26.38955],[93.88518,26.39386],[93.88517,26.38713],[93.89042,26.37879],[93.88595,26.37282],[93.89487,26.37229],[93.89054,26.36569],[93.88982,26.34935],[93.8918,26.34206],[93.88988,26.32329],[93.89505,26.32139],[93.89524,26.31467],[93.88604,26.31284],[93.88824,26.30285],[93.87426,26.30138],[93.87061,26.29657],[93.87768,26.28991],[93.87489,26.28298],[93.88379,26.27663],[93.88148,26.27275],[93.87461,26.27319],[93.86965,26.26744],[93.87717,26.26557],[93.87035,26.25423],[93.86401,26.253],[93.86739,26.24522],[93.85965,26.24427],[93.8647,26.23569],[93.85862,26.22689],[93.85756,26.21929],[93.85021,26.2165],[93.84677,26.21238],[93.83697,26.2067],[93.84451,26.2027],[93.83332,26.19826],[93.83549,26.19081],[93.83027,26.18679],[93.83149,26.1788],[93.82461,26.17464],[93.82655,26.16634],[93.83132,26.16046],[93.83564,26.16027],[93.82857,26.14439],[93.8308,26.13826],[93.82377,26.13658],[93.82671,26.12994],[93.81899,26.12124],[93.82459,26.11446],[93.82285,26.11139],[93.81395,26.11216],[93.81031,26.10212],[93.81642,26.09],[93.80581,26.08995],[93.80611,26.07764],[93.79842,26.07198],[93.80108,26.06459],[93.79564,26.06074],[93.79835,26.05485],[93.79367,26.05278],[93.79563,26.04091],[93.78307,26.03898],[93.78431,26.0325],[93.79147,26.02627],[93.78696,26.02363],[93.79407,26.01417],[93.78562,26.01424],[93.79193,26.00572],[93.78984,26.00055],[93.79562,25.99171],[93.8021,25.97701],[93.79067,25.97342],[93.78316,25.97884],[93.77946,25.96707],[93.77316,25.9619],[93.78531,25.95416],[93.79336,25.93257],[93.79232,25.91834],[93.79634,25.91399],[93.79836,25.90549],[93.79515,25.89384],[93.78745,25.87473],[93.79181,25.86549],[93.78576,25.86269],[93.78145,25.85506],[93.78378,25.84575],[93.77977,25.8421],[93.79063,25.81655],[93.79567,25.81009],[93.80747,25.81206],[93.81873,25.82193],[93.82127,25.82809],[93.8242,25.84279],[93.83268,25.85194],[93.84225,25.85829],[93.85161,25.85863],[93.8686,25.85102],[93.88257,25.8415],[93.88841,25.84804],[93.89327,25.86038],[93.89847,25.85932],[93.90171,25.8666],[93.91371,25.87732],[93.91577,25.88321],[93.93448,25.88694],[93.94005,25.89647],[93.9482,25.89669],[93.95969,25.90073],[93.96902,25.90688],[93.97184,25.913],[93.97923,25.91512],[93.98253,25.92172],[93.97099,25.94034],[93.96913,25.95633],[93.95596,25.96973],[93.96058,25.99255],[93.95489,26.0029],[93.96268,26.01772],[93.96315,26.02892],[93.96592,26.03797],[93.97267,26.04052],[93.97454,26.04772],[93.98086,26.05418],[93.99117,26.06818],[93.98609,26.07914],[93.99107,26.08505],[93.99423,26.10166],[93.99967,26.10403],[94.00224,26.11042],[93.99137,26.1137],[93.9966,26.11795],[93.99981,26.13208],[94.00537,26.13744],[94.00651,26.14282],[93.99983,26.15384],[94.00453,26.15967],[94.005,26.16888],[94.01321,26.18188],[94.02214,26.18706],[94.02682,26.19274],[94.03593,26.19876],[94.03678,26.2133],[94.04069,26.21909],[94.03843,26.22511],[94.04203,26.22948],[94.0494,26.2458],[94.05311,26.25137],[94.0649,26.25734],[94.07071,26.25559],[94.07809,26.27091],[94.0771,26.28077],[94.0875,26.28597],[94.09057,26.29268],[94.10297,26.30423],[94.10479,26.31758],[94.10835,26.32194],[94.11871,26.31824],[94.129,26.31875],[94.11967,26.32602],[94.12428,26.33143],[94.13596,26.33373],[94.13907,26.33705],[94.1496,26.33456],[94.1648,26.33478],[94.17578,26.33965],[94.18028,26.34955],[94.16795,26.34877],[94.15928,26.35045],[94.13831,26.3499],[94.13279,26.36528],[94.12867,26.37239],[94.12217,26.3927],[94.11857,26.39971],[94.11986,26.42725],[94.13141,26.4449],[94.12745,26.4538],[94.10771,26.46648],[94.10465,26.47091],[94.10439,26.47987],[94.09955,26.49151],[94.10354,26.49725],[94.10841,26.51094],[94.1072,26.5196],[94.11379,26.53027],[94.11312,26.53956],[94.11689,26.54348],[94.11156,26.55051],[94.11786,26.55417],[94.1089,26.56907],[94.10186,26.57107],[94.10261,26.57602],[94.09313,26.57954],[94.08917,26.57569],[94.07908,26.57736],[94.08275,26.58688],[94.07479,26.59014],[94.0738,26.59665],[94.08704,26.60915],[94.08134,26.61479],[94.08983,26.62171],[94.08821,26.62793],[94.09821,26.62844],[94.09884,26.64084],[94.0973,26.64523],[94.08987,26.64751],[94.08827,26.65522],[94.07211,26.66566],[94.06293,26.66533],[94.05913,26.66796],[94.0563,26.67687],[94.05183,26.67289],[94.04604,26.68833],[94.04681,26.69562],[94.03973,26.70841],[94.04539,26.71253],[94.04329,26.72106],[94.04928,26.72844],[94.04963,26.73912],[94.04363,26.73604],[94.03641,26.73721],[94.0324,26.74137],[94.02348,26.7414],[94.02557,26.74706],[94.01301,26.7483],[94.00424,26.74642],[94.00326,26.76236],[93.99995,26.76658],[93.97645,26.76539],[93.97608,26.77839],[93.98638,26.78267],[93.98072,26.78856],[93.97824,26.80425],[93.96549,26.78694],[93.95537,26.785],[93.94487,26.78627],[93.9335,26.77974],[93.92011,26.78361],[93.87529,26.80922],[93.86839,26.81435],[93.85649,26.81491],[93.8497,26.81266],[93.84132,26.81457],[93.83143,26.81293],[93.8226,26.82357]]]},"properties":{"name":"Golaghat","id":11}},
{"type":"Feature","geometry":{"type":"Polygon","coordinates":[[[92.58909,24.86193],[92.58662,24.84914],[92.58119,24.83897],[92.57346,24.83171],[92.56336,24.81947],[92.55462,24.81415],[92.54505,24.79864],[92.54413,24.793],[92.54756,24.77728],[92.54318,24.77206],[92.54494,24.75995],[92.52723,24.74614],[92.52303,24.74028],[92.52195,24.72135],[92.51055,24.70893],[92.50562,24.6998],[92.50402,24.69093],[92.4984,24.6831],[92.49725,24.67402],[92.50298,24.66516],[92.50669,24.63449],[92.50659,24.62684],[92.51026,24.62561],[92.50867,24.61657],[92.5092,24.60295],[92.50529,24.60343],[92.50579,24.59141],[92.51406,24.57776],[92.51684,24.57624],[92.5191,24.56701],[92.51629,24.55232],[92.5084,24.53239],[92.51054,24.52253],[92.50753,24.5083],[92.50887,24.49572],[92.50632,24.48868],[92.51053,24.47981],[92.50794,24.46984],[92.50597,24.45102],[92.50655,24.43745],[92.50213,24.41999],[92.50042,24.40013],[92.49619,24.39216],[92.49594,24.38094],[92.4924,24.3732],[92.49244,24.36746],[92.48336,24.35034],[92.47667,24.32284],[92.47034,24.30943],[92.46387,24.29873],[92.45446,24.28673],[92.44549,24.27318],[92.43931,24.26817],[92.43255,24.25366],[92.42208,24.25108],[92.41975,24.23317],[92.41789,24.2089],[92.41863,24.19234],[92.4218,24.18651],[92.43282,24.18123],[92.43407,24.17211],[92.43774,24.16708],[92.43484,24.16056],[92.43616,24.15039],[92.44349,24.15105],[92.4502,24.14164],[92.45679,24.14143],[92.46261,24.1343],[92.48102,24.14082],[92.47829,24.1466],[92.48219,24.15497],[92.48762,24.16009],[92.49428,24.1578],[92.50199,24.15995],[92.50278,24.16451],[92.51325,24.16709],[92.5171,24.17402],[92.52127,24.17074],[92.52916,24.17259],[92.53099,24.18124],[92.53733,24.19424],[92.53593,24.19767],[92.54099,24.20399],[92.54175,24.21194],[92.54691,24.22216],[92.54665,24.23544],[92.55019,24.24364],[92.56411,24.2478],[92.58134,24.24304],[92.5875,24.24252],[92.59545,24.24696],[92.60544,24.24683],[92.61107,24.25097],[92.61498,24.26124],[92.61526,24.26814],[92.61889,24.28439],[92.61629,24.28884],[92.61896,24.30911],[92.62262,24.31788],[92.62289,24.32835],[92.6257,24.33206],[92.63621,24.33026],[92.64453,24.32522],[92.65136,24.32787],[92.65191,24.33282],[92.65797,24.34098],[92.66173,24.34096],[92.67428,24.34729],[92.67912,24.34527],[92.68747,24.34948],[92.69116,24.35388],[92.69274,24.36528],[92.69637,24.37146],[92.70359,24.37366],[92.70293,24.38124],[92.71372,24.40272],[92.7137,24.40778],[92.71764,24.41362],[92.72329,24.43334],[92.73007,24.45013],[92.74315,24.47198],[92.75406,24.49847],[92.75322,24.50438],[92.75874,24.50908],[92.76475,24.51816],[92.7592,24.51851],[92.76338,24.52982],[92.77522,24.54613],[92.77301,24.55169],[92.78065,24.55957],[92.78032,24.56923],[92.76414,24.56657],[92.76063,24.57671],[92.75501,24.5827],[92.74159,24.58339],[92.73875,24.5867],[92.72565,24.56905],[92.71924,24.56497],[92.71475,24.56832],[92.70489,24.56397],[92.70096,24.56981],[92.68972,24.57886],[92.67679,24.58125],[92.66988,24.59108],[92.67356,24.59844],[92.66993,24.60942],[92.67843,24.60932],[92.69016,24.61255],[92.69648,24.61639],[92.69356,24.62108],[92.68101,24.62878],[92.66998,24.62626],[92.66659,24.63882],[92.66883,24.65879],[92.66642,24.66953],[92.65989,24.66924],[92.65779,24.67458],[92.65576,24.69174],[92.65788,24.6959],[92.65921,24.71161],[92.65613,24.73573],[92.65916,24.74745],[92.66746,24.7675],[92.66655,24.77707],[92.66977,24.78984],[92.68401,24.80243],[92.68464,24.80654],[92.6803,24.81318],[92.67111,24.81482],[92.66051,24.81321],[92.64339,24.8191],[92.63978,24.81906],[92.63575,24.83144],[92.63893,24.83552],[92.63177,24.84785],[92.63136,24.85314],[92.62068,24.85803],[92.6103,24.86093],[92.59804,24.87794],[92.58214,24.87313],[92.59039,24.86717],[92.58909,24.86193]]]},"properties":{"name":"Hailakandi","id":12}},
{"type":"Feature","geometry":{"type":"Polygon","coordinates":[[[94.57061,27.17847],[94.56334,27.18136],[94.56333,27.17348],[94.54793,27.17091],[94.52586,27.15854],[94.53177,27.15337],[94.53425,27.14635],[94.52972,27.14143],[94.51509,27.14163],[94.51332,27.13992],[94.50983,27.12029],[94.49454,27.12244],[94.4916,27.13312],[94.48488,27.13752],[94.47537,27.13121],[94.47539,27.1219],[94.47133,27.11416],[94.46304,27.11133],[94.45859,27.11474],[94.43959,27.11914],[94.42865,27.11212],[94.4291,27.09982],[94.41906,27.09074],[94.39359,27.09747],[94.38467,27.0952],[94.36861,27.09754],[94.35965,27.0925],[94.35322,27.08557],[94.33849,27.08103],[94.3252,27.08734],[94.31758,27.07266],[94.30892,27.07224],[94.29798,27.08562],[94.28261,27.0951],[94.26756,27.0921],[94.2548,27.08485],[94.23953,27.07316],[94.23173,27.05911],[94.22465,27.03796],[94.22585,27.03178],[94.2202,27.02998],[94.20386,27.02891],[94.19589,27.03705],[94.19125,27.03562],[94.18821,27.02802],[94.19299,27.0159],[94.19331,27.01073],[94.18709,27.00041],[94.18232,26.99706],[94.17589,26.9993],[94.17126,26.99718],[94.16003,26.99888],[94.15568,26.99369],[94.13868,26.98938],[94.14157,26.97615],[94.13535,26.96917],[94.11252,26.97004],[94.10158,26.96667],[94.08754,26.96057],[94.07911,26.96023],[94.06892,26.97773],[94.06128,26.98023],[94.0542,26.97915],[94.04495,26.97374],[94.04217,26.96754],[94.02899,26.95618],[94.02799,26.9472],[94.03056,26.93457],[94.02699,26.92991],[94.01394,26.92748],[94.00846,26.93452],[93.99994,26.93985],[93.98808,26.92748],[93.97661,26.92342],[93.94823,26.9286],[93.93659,26.92936],[93.92426,26.92654],[93.91937,26.92185],[93.91995,26.90825],[93.89401,26.89053],[93.89798,26.87885],[93.8987,26.87174],[93.89416,26.86467],[93.88076,26.85533],[93.86621,26.85774],[93.85821,26.85759],[93.85016,26.85216],[93.84344,26.85207],[93.8384,26.8404],[93.82662,26.8252],[93.8226,26.82357],[93.83143,26.81293],[93.84132,26.81457],[93.8497,26.81266],[93.85649,26.81491],[93.86839,26.81435],[93.87529,26.80922],[93.92011,26.78361],[93.9335,26.77974],[93.94487,26.78627],[93.95537,26.785],[93.96549,26.78694],[93.97824,26.80425],[93.98072,26.78856],[93.98638,26.78267],[93.97608,26.77839],[93.97645,26.76539],[93.99995,26.76658],[94.00326,26.76236],[94.00424,26.74642],[94.01301,26.7483],[94.02557,26.74706],[94.02348,26.7414],[94.0324,26.74137],[94.03641,26.73721],[94.04363,26.73604],[94.04963,26.73912],[94.04928,26.72844],[94.04329,26.72106],[94.04539,26.71253],[94.03973,26.70841],[94.04681,26.69562],[94.04604,26.68833],[94.05183,26.67289],[94.0563,26.67687],[94.05913,26.66796],[94.06293,26.66533],[94.07211,26.66566],[94.08827,26.65522],[94.08987,26.64751],[94.0973,26.64523],[94.09884,26.64084],[94.09821,26.62844],[94.08821,26.62793],[94.08983,26.62171],[94.08134,26.61479],[94.08704,26.60915],[94.0738,26.59665],[94.07479,26.59014],[94.08275,26.58688],[94.07908,26.57736],[94.08917,26.57569],[94.09313,26.57954],[94.10261,26.57602],[94.10186,26.57107],[94.1089,26.56907],[94.11786,26.55417],[94.11156,26.55051],[94.11689,26.54348],[94.11312,26.53956],[94.11379,26.53027],[94.1072,26.5196],[94.10841,26.51094],[94.10354,26.49725],[94.09955,26.49151],[94.10439,26.47987],[94.10465,26.47091],[94.10771,26.46648],[94.12745,26.4538],[94.13141,26.4449],[94.11986,26.42725],[94.11857,26.39971],[94.12217,26.3927],[94.12867,26.37239],[94.13279,26.36528],[94.13831,26.3499],[94.15928,26.35045],[94.16795,26.34877],[94.16478,26.35559],[94.17389,26.36304],[94.17436,26.37329],[94.17942,26.38419],[94.17729,26.39504],[94.1772,26.40891],[94.17441,26.4164],[94.17616,26.42732],[94.18699,26.45604],[94.20155,26.4654],[94.20982,26.47923],[94.21195,26.48536],[94.22408,26.49607],[94.24035,26.50691],[94.25252,26.5232],[94.2538,26.528],[94.26306,26.53942],[94.28278,26.55899],[94.28579,26.55368],[94.28607,26.5295],[94.2895,26.52057],[94.28763,26.5039],[94.2928,26.48538],[94.29428,26.47608],[94.30363,26.46257],[94.3168,26.4582],[94.32459,26.46597],[94.32421,26.47466],[94.32963,26.47911],[94.33726,26.48007],[94.35239,26.49099],[94.35404,26.50006],[94.35144,26.50387],[94.36957,26.50521],[94.37794,26.50833],[94.37861,26.52048],[94.39174,26.52803],[94.39688,26.52493],[94.40281,26.53399],[94.40167,26.53928],[94.40708,26.54344],[94.40514,26.55043],[94.41523,26.57849],[94.40644,26.59719],[94.41033,26.6117],[94.43494,26.6206],[94.45497,26.63422],[94.46292,26.63064],[94.45903,26.65056],[94.465,26.66273],[94.46841,26.66502],[94.48622,26.66888],[94.49872,26.66886],[94.5076,26.67813],[94.51596,26.68243],[94.52015,26.68974],[94.52057,26.69659],[94.52821,26.6964],[94.54552,26.706],[94.56516,26.70106],[94.56336,26.68568],[94.57509,26.68604],[94.57191,26.69125],[94.58321,26.7006],[94.59281,26.69772],[94.59533,26.70155],[94.59659,26.71319],[94.60505,26.71485],[94.59562,26.72492],[94.58623,26.72559],[94.58277,26.73211],[94.58445,26.73553],[94.5739,26.74318],[94.57609,26.75178],[94.56733,26.74827],[94.56041,26.75631],[94.55127,26.74739],[94.54095,26.76142],[94.53607,26.75358],[94.52985,26.76139],[94.52471,26.76369],[94.52551,26.77153],[94.51609,26.77475],[94.52497,26.79012],[94.51902,26.79592],[94.52522,26.80053],[94.52424,26.80744],[94.51262,26.8131],[94.50369,26.82283],[94.49817,26.82506],[94.48989,26.83382],[94.49486,26.84965],[94.49495,26.86307],[94.49826,26.86944],[94.49465,26.87648],[94.49552,26.88339],[94.48917,26.88636],[94.48219,26.8975],[94.48142,26.90221],[94.4863,26.90654],[94.48178,26.91465],[94.48487,26.91768],[94.48191,26.92489],[94.48218,26.93393],[94.46805,26.93893],[94.45961,26.93958],[94.44424,26.93748],[94.43143,26.93915],[94.42308,26.94249],[94.40836,26.94339],[94.4039,26.94753],[94.40348,26.9599],[94.42639,26.97246],[94.44159,26.98234],[94.46077,26.99077],[94.47056,27.00075],[94.47557,27.02255],[94.48099,27.02936],[94.49958,27.03487],[94.51101,27.04112],[94.51511,27.04742],[94.53127,27.06625],[94.53991,27.06874],[94.54658,27.074],[94.55256,27.09305],[94.5652,27.10062],[94.57078,27.11034],[94.57851,27.11684],[94.58258,27.12485],[94.58289,27.13418],[94.59577,27.14513],[94.59117,27.14907],[94.58743,27.15698],[94.57061,27.17847]]]},"properties":{"name":"Jorhat","id":13}},
{"type":"Feature","geometry":{"type":"Polygon","coordinates":[[[91.57004,26.5726],[91.56797,26.56398],[91.56366,26.56178],[91.56201,26.55353],[91.55471,26.54596],[91.55796,26.53996],[91.55653,26.52313],[91.55799,26.51726],[91.55677,26.50609],[91.55999,26.50189],[91.55942,26.49014],[91.562,26.48229],[91.55529,26.48008],[91.55366,26.47318],[91.55686,26.45549],[91.56295,26.44402],[91.56688,26.43316],[91.56168,26.41637],[91.55456,26.41438],[91.55026,26.41667],[91.5427,26.41384],[91.54674,26.40648],[91.53591,26.39303],[91.5361,26.3886],[91.52786,26.37794],[91.52875,26.37401],[91.53853,26.37062],[91.52878,26.36147],[91.52204,26.34855],[91.52369,26.33859],[91.53437,26.33645],[91.52796,26.32979],[91.51032,26.32614],[91.50804,26.32174],[91.49958,26.32298],[91.49423,26.31896],[91.4802,26.3178],[91.45919,26.31803],[91.45819,26.31109],[91.45216,26.30304],[91.45181,26.29044],[91.45362,26.27259],[91.44064,26.25974],[91.42046,26.26496],[91.41544,26.26059],[91.41323,26.25216],[91.41575,26.24511],[91.43339,26.2409],[91.42767,26.23613],[91.42341,26.22662],[91.42286,26.21414],[91.41539,26.19737],[91.42156,26.18178],[91.4218,26.16612],[91.41588,26.13622],[91.39986,26.13663],[91.39379,26.13922],[91.37211,26.15659],[91.35866,26.16438],[91.34598,26.16273],[91.33851,26.16534],[91.3333,26.16194],[91.31103,26.16079],[91.29972,26.1575],[91.28885,26.15819],[91.25755,26.16316],[91.23263,26.17703],[91.23676,26.18217],[91.22816,26.17991],[91.18374,26.17366],[91.16818,26.16936],[91.14898,26.15935],[91.13365,26.15834],[91.11916,26.15341],[91.10302,26.16172],[91.09393,26.16381],[91.07669,26.15607],[91.05883,26.13931],[91.05172,26.12833],[91.04574,26.12803],[91.03429,26.12081],[91.02797,26.11942],[91.00916,26.12859],[91.00522,26.12937],[90.99183,26.12421],[90.97576,26.11148],[90.97218,26.10709],[90.95829,26.09691],[90.95349,26.09499],[90.9391,26.09378],[90.9436,26.08825],[90.94884,26.08945],[90.95346,26.08098],[90.96122,26.08185],[90.96441,26.07515],[90.98137,26.06117],[91.00599,26.05281],[91.01297,26.05264],[91.02979,26.03974],[91.03986,26.04484],[91.05275,26.04025],[91.05834,26.04458],[91.06921,26.04392],[91.07271,26.03646],[91.08133,26.03697],[91.08618,26.03024],[91.09178,26.02864],[91.09176,26.02369],[91.10069,26.00923],[91.10062,26.0048],[91.09196,26.00024],[91.08791,25.98218],[91.08356,25.97362],[91.07718,25.97108],[91.07052,25.96445],[91.05111,25.94098],[91.05396,25.9333],[91.04379,25.9212],[91.03989,25.9089],[91.03304,25.89391],[91.03234,25.88749],[91.0322,25.8793],[91.0296,25.86607],[91.02491,25.86078],[91.0162,25.85665],[91.01581,25.8483],[91.01176,25.83772],[91.00465,25.82528],[91.00916,25.82024],[91.02385,25.82208],[91.02798,25.82701],[91.04502,25.83884],[91.05214,25.84825],[91.06892,25.84585],[91.08155,25.85204],[91.07602,25.8419],[91.07589,25.83775],[91.06482,25.8355],[91.0529,25.82834],[91.06623,25.8198],[91.06952,25.82519],[91.08433,25.82875],[91.12372,25.83072],[91.13464,25.84132],[91.14084,25.8415],[91.15579,25.84943],[91.16456,25.84865],[91.17108,25.84498],[91.18191,25.84209],[91.18837,25.84929],[91.19592,25.85456],[91.201,25.85414],[91.20154,25.84696],[91.2055,25.83985],[91.19736,25.82993],[91.19716,25.82572],[91.19101,25.8149],[91.19379,25.81003],[91.18758,25.79436],[91.18678,25.78192],[91.18274,25.77566],[91.19196,25.7628],[91.19145,25.73827],[91.20074,25.7303],[91.21857,25.72322],[91.22657,25.72273],[91.23519,25.72846],[91.25806,25.7471],[91.26496,25.74856],[91.2783,25.7462],[91.28226,25.75591],[91.28997,25.76336],[91.29958,25.77749],[91.30902,25.7956],[91.32769,25.82301],[91.33515,25.8313],[91.33629,25.83805],[91.3452,25.8353],[91.35127,25.83954],[91.36638,25.83967],[91.37319,25.84347],[91.39119,25.84645],[91.40385,25.85024],[91.40773,25.84901],[91.41537,25.85305],[91.42693,25.85268],[91.43346,25.84687],[91.44381,25.84074],[91.45755,25.85041],[91.47227,25.85783],[91.47112,25.86108],[91.47643,25.89064],[91.47343,25.89998],[91.47381,25.91211],[91.46849,25.92769],[91.46662,25.94151],[91.47298,25.95884],[91.46999,25.96557],[91.473,25.97229],[91.47507,25.98994],[91.47008,26.00116],[91.46312,26.00859],[91.46129,26.02146],[91.45285,26.03212],[91.45527,26.04467],[91.46392,26.05059],[91.48022,26.05132],[91.49353,26.03799],[91.4969,26.03273],[91.50575,26.02667],[91.51773,26.02694],[91.52688,26.0336],[91.53196,26.06602],[91.53121,26.07186],[91.53455,26.09813],[91.53933,26.10767],[91.54295,26.1356],[91.55212,26.14208],[91.56539,26.14225],[91.57555,26.13648],[91.59233,26.12399],[91.5943,26.11587],[91.60069,26.11083],[91.62069,26.10674],[91.63486,26.11382],[91.63918,26.12359],[91.6449,26.12886],[91.66127,26.13146],[91.67097,26.13887],[91.67767,26.15286],[91.6907,26.16702],[91.71327,26.17705],[91.74706,26.19439],[91.76159,26.19995],[91.75012,26.21052],[91.74945,26.22082],[91.75545,26.22575],[91.76636,26.23077],[91.7705,26.23917],[91.78175,26.24109],[91.78695,26.24401],[91.7866,26.25356],[91.7932,26.26809],[91.79057,26.27583],[91.79102,26.28342],[91.78708,26.29624],[91.79142,26.30901],[91.79718,26.31842],[91.80241,26.31444],[91.81123,26.31645],[91.81395,26.32349],[91.82202,26.32481],[91.82429,26.33191],[91.82258,26.33654],[91.82404,26.36373],[91.82059,26.37902],[91.81441,26.38319],[91.80927,26.38124],[91.80701,26.38749],[91.80165,26.39096],[91.79706,26.40724],[91.78573,26.40867],[91.78316,26.41117],[91.78102,26.4257],[91.77366,26.43167],[91.77486,26.44344],[91.7681,26.45578],[91.76685,26.46616],[91.77739,26.46618],[91.78121,26.47385],[91.78311,26.49367],[91.77022,26.49707],[91.74782,26.49913],[91.7419,26.49736],[91.72847,26.48543],[91.72371,26.47839],[91.72221,26.47111],[91.71141,26.46083],[91.68853,26.46217],[91.66296,26.47],[91.65569,26.48015],[91.64562,26.48682],[91.64283,26.49664],[91.64146,26.51301],[91.622,26.51593],[91.61866,26.52431],[91.61451,26.52832],[91.60542,26.53009],[91.59768,26.53649],[91.59719,26.54789],[91.59174,26.56576],[91.58278,26.57224],[91.57004,26.5726]]]},"properties":{"name":"Kamrup","id":14}},
{"type":"Feature","geometry":{"type":"Polygon","coordinates":[[[91.76159,26.19995],[91.74706,26.19439],[91.71327,26.17705],[91.6907,26.16702],[91.67767,26.15286],[91.67097,26.13887],[91.66127,26.13146],[91.6449,26.12886],[91.63918,26.12359],[91.63486,26.11382],[91.62069,26.10674],[91.60069,26.11083],[91.5943,26.11587],[91.59233,26.12399],[91.57555,26.13648],[91.56539,26.14225],[91.55212,26.14208],[91.54295,26.1356],[91.53933,26.10767],[91.53455,26.09813],[91.53121,26.07186],[91.53196,26.06602],[91.52688,26.0336],[91.51773,26.02694],[91.50575,26.02667],[91.4969,26.03273],[91.49353,26.03799],[91.48022,26.05132],[91.46392,26.05059],[91.45527,26.04467],[91.45285,26.03212],[91.46129,26.02146],[91.46312,26.00859],[91.47008,26.00116],[91.47507,25.98994],[91.473,25.97229],[91.46999,25.96557],[91.47298,25.95884],[91.46662,25.94151],[91.46849,25.92769],[91.47381,25.91211],[91.47343,25.89998],[91.47643,25.89064],[91.47112,25.86108],[91.47227,25.85783],[91.48098,25.85676],[91.48562,25.86198],[91.49859,25.86139],[91.51531,25.8656],[91.52167,25.87216],[91.52795,25.87192],[91.53461,25.88718],[91.52836,25.88914],[91.52232,25.87706],[91.51034,25.86649],[91.49626,25.86459],[91.47998,25.8678],[91.47735,25.87031],[91.48128,25.88376],[91.48599,25.89013],[91.49553,25.89464],[91.50586,25.89121],[91.50376,25.89753],[91.51115,25.90881],[91.52739,25.91982],[91.53393,25.92275],[91.53851,25.93303],[91.52431,25.92388],[91.51339,25.91447],[91.50596,25.91338],[91.50426,25.91981],[91.51894,25.93737],[91.52242,25.93994],[91.52115,25.95719],[91.52851,25.96036],[91.53981,25.96113],[91.53995,25.96741],[91.5539,25.97391],[91.5575,25.98562],[91.56805,26.00084],[91.57127,26.01095],[91.57274,26.02648],[91.57854,26.03211],[91.59082,26.02914],[91.59947,26.01977],[91.61919,26.02367],[91.62292,26.02598],[91.63479,26.02135],[91.63563,26.00385],[91.62731,25.98483],[91.6306,25.97592],[91.6405,25.96378],[91.63663,25.95943],[91.63264,25.94357],[91.62717,25.94491],[91.61348,25.94355],[91.61368,25.93888],[91.62527,25.92993],[91.63531,25.9247],[91.65038,25.91266],[91.65394,25.90658],[91.66439,25.90878],[91.67174,25.90428],[91.67843,25.91072],[91.68105,25.9162],[91.68883,25.92011],[91.69475,25.92798],[91.70441,25.93679],[91.70336,25.94076],[91.71637,25.94609],[91.72261,25.95292],[91.72407,25.96392],[91.72225,25.97715],[91.72571,26.02918],[91.72896,26.04576],[91.73552,26.04987],[91.73382,26.05806],[91.762,26.07012],[91.78106,26.09006],[91.78713,26.08538],[91.7929,26.08582],[91.80433,26.10373],[91.8106,26.10261],[91.8181,26.11021],[91.82186,26.11752],[91.82908,26.11691],[91.85632,26.10353],[91.86717,26.09906],[91.87825,26.09644],[91.87767,26.08327],[91.87176,26.05557],[91.87256,26.0509],[91.88559,26.02869],[91.8943,26.02823],[91.90326,26.02494],[91.90978,26.02577],[91.91928,26.02012],[91.91794,26.00898],[91.92185,25.99878],[91.92811,25.99838],[91.93624,26.0133],[91.94859,26.01313],[91.98042,26.02444],[91.98648,26.02913],[91.98965,26.03731],[91.99331,26.03961],[92.00563,26.03659],[92.0104,26.03801],[92.02608,26.03698],[92.0383,26.03793],[92.04181,26.03475],[92.05503,26.03134],[92.06536,26.03321],[92.07578,26.03877],[92.09549,26.04698],[92.11102,26.04816],[92.12548,26.04332],[92.13521,26.04431],[92.14026,26.05124],[92.14833,26.05697],[92.15263,26.0633],[92.1712,26.07598],[92.18042,26.07789],[92.1759,26.0817],[92.17029,26.09166],[92.17425,26.10104],[92.17211,26.11541],[92.16682,26.13357],[92.16506,26.14818],[92.17038,26.16336],[92.15679,26.16627],[92.14948,26.16253],[92.13457,26.17348],[92.13195,26.17843],[92.11726,26.17595],[92.11087,26.17106],[92.08624,26.17821],[92.09575,26.18475],[92.0924,26.18847],[92.08386,26.18564],[92.07971,26.19508],[92.0634,26.19717],[92.04851,26.21336],[92.0483,26.20417],[92.04292,26.19938],[92.03448,26.20769],[92.0264,26.20051],[92.017,26.20523],[92.00669,26.20218],[91.99991,26.20444],[91.97877,26.21758],[91.95915,26.23145],[91.96001,26.24782],[91.95598,26.25371],[91.93512,26.24138],[91.92666,26.24576],[91.91695,26.2405],[91.91518,26.23339],[91.90479,26.22531],[91.89313,26.22145],[91.89245,26.21893],[91.87788,26.21558],[91.86933,26.21875],[91.85756,26.21558],[91.84443,26.21433],[91.81836,26.20567],[91.81355,26.207],[91.77953,26.19774],[91.76159,26.19995]]]},"properties":{"name":"Kamrup Metropolitan","id":15}},
{"type":"Feature","geometry":{"type":"MultiPolygon","coordinates":[[[[93.3045,26.57824],[93.29767,26.57819],[93.28814,26.57114],[93.27678,26.5725],[93.26468,26.56747],[93.25396,26.56809],[93.25199,26.56347],[93.24071,26.55511],[93.24111,26.54915],[93.26063,26.55049],[93.25192,26.54505],[93.26587,26.53748],[93.27913,26.54196],[93.27777,26.53096],[93.2724,26.52725],[93.28093,26.52011],[93.29214,26.52046],[93.30017,26.50808],[93.29517,26.5023],[93.28724,26.51642],[93.27609,26.51215],[93.27598,26.51875],[93.2602,26.52118],[93.25179,26.52074],[93.24775,26.53044],[93.23747,26.53519],[93.23367,26.53363],[93.22426,26.53662],[93.22197,26.52784],[93.21532,26.52888],[93.21433,26.51933],[93.21938,26.50718],[93.21143,26.50961],[93.21028,26.51787],[93.20205,26.53386],[93.19756,26.5355],[93.18662,26.5296],[93.16675,26.52165],[93.16396,26.52435],[93.17776,26.53053],[93.18674,26.53845],[93.19542,26.54178],[93.19921,26.54024],[93.21114,26.55121],[93.21394,26.55603],[93.209,26.56139],[93.20038,26.56572],[93.18926,26.56746],[93.17228,26.55346],[93.15808,26.5475],[93.15037,26.5554],[93.13985,26.54727],[93.13812,26.54069],[93.12497,26.53785],[93.12104,26.52904],[93.10775,26.53086],[93.10493,26.53925],[93.09344,26.54335],[93.08869,26.54171],[93.0793,26.54288],[93.06382,26.54171],[93.04705,26.5354],[93.04753,26.52582],[93.04226,26.51726],[93.03641,26.51285],[93.01541,26.50409],[93.01445,26.49725],[93.00884,26.49371],[93.01249,26.48209],[93.01735,26.47767],[93.02264,26.47747],[93.04212,26.48564],[93.05043,26.48784],[93.07207,26.48925],[93.07495,26.4963],[93.08245,26.49352],[93.08299,26.48768],[93.06899,26.48289],[93.06795,26.47749],[93.07918,26.47631],[93.08315,26.47099],[93.09358,26.46825],[93.0926,26.46245],[93.09598,26.45907],[93.1105,26.4669],[93.10737,26.4708],[93.10868,26.47628],[93.11708,26.48396],[93.12499,26.48405],[93.12144,26.49397],[93.13244,26.48787],[93.13091,26.48428],[93.13504,26.47712],[93.11551,26.47194],[93.11901,26.46838],[93.12545,26.46822],[93.13156,26.46438],[93.12384,26.45792],[93.10959,26.44922],[93.11891,26.44055],[93.1115,26.43819],[93.10352,26.44647],[93.09085,26.43903],[93.07641,26.43376],[93.08108,26.42889],[93.0783,26.42048],[93.06786,26.41655],[93.05255,26.41458],[93.05212,26.42084],[93.05746,26.42121],[93.05444,26.43391],[93.04731,26.43743],[93.03265,26.42405],[93.01882,26.42085],[93.00631,26.42571],[92.99486,26.42008],[92.98759,26.41828],[92.98314,26.42114],[92.97387,26.41549],[92.96559,26.41354],[92.96246,26.40905],[92.95356,26.40358],[92.9522,26.3963],[92.94242,26.40187],[92.92885,26.39803],[92.91476,26.3923],[92.90908,26.3934],[92.90527,26.3992],[92.89593,26.38283],[92.90622,26.38268],[92.90969,26.37837],[92.92895,26.38035],[92.92149,26.37335],[92.92042,26.36804],[92.91521,26.36228],[92.915,26.35531],[92.92559,26.35546],[92.93488,26.35189],[92.94341,26.35079],[92.94763,26.33594],[92.9441,26.32665],[92.92308,26.31311],[92.91973,26.31577],[92.91121,26.31329],[92.90188,26.30769],[92.896,26.30153],[92.89816,26.2961],[92.89413,26.28927],[92.88146,26.28564],[92.86344,26.29387],[92.85025,26.30427],[92.84517,26.29627],[92.84142,26.28047],[92.83195,26.27066],[92.82478,26.27081],[92.82193,26.26517],[92.81832,26.23835],[92.81925,26.23382],[92.82785,26.2303],[92.82909,26.22353],[92.82084,26.21507],[92.8122,26.21604],[92.79957,26.2215],[92.79735,26.20625],[92.80328,26.2021],[92.82443,26.20621],[92.82928,26.2047],[92.84391,26.20567],[92.85162,26.20144],[92.86244,26.20229],[92.88443,26.20836],[92.90148,26.2031],[92.91084,26.20155],[92.92906,26.20323],[92.9335,26.20084],[92.94434,26.20076],[92.95536,26.18765],[92.95829,26.17337],[92.95536,26.1657],[92.94388,26.15206],[92.93657,26.15036],[92.93276,26.14498],[92.93767,26.13823],[92.94603,26.13614],[92.96022,26.13877],[92.97035,26.12848],[92.98337,26.12733],[92.99994,26.12068],[93.00401,26.11523],[93.01172,26.11116],[93.02176,26.11115],[93.03042,26.10427],[93.03725,26.10274],[93.04094,26.09641],[93.04001,26.08999],[93.04597,26.08593],[93.05915,26.08596],[93.06379,26.08121],[93.0744,26.0843],[93.08019,26.07938],[93.08603,26.08379],[93.09247,26.07449],[93.0979,26.07682],[93.10829,26.07499],[93.10825,26.0701],[93.09647,26.03197],[93.10996,26.03472],[93.11956,26.03447],[93.12537,26.03135],[93.13158,26.02265],[93.14298,26.01731],[93.14728,26.00684],[93.15329,26.00042],[93.1548,25.99481],[93.16018,25.99044],[93.15846,25.98029],[93.16195,25.97481],[93.162,25.96582],[93.16725,25.95604],[93.17335,25.9538],[93.17478,25.94501],[93.17838,25.94033],[93.18795,25.90226],[93.19181,25.8969],[93.2003,25.89077],[93.21555,25.87441],[93.22352,25.8631],[93.23679,25.85306],[93.2387,25.84634],[93.24527,25.83673],[93.24786,25.81898],[93.24615,25.81452],[93.25135,25.80761],[93.25166,25.79674],[93.24954,25.7894],[93.2521,25.78667],[93.24878,25.7784],[93.23517,25.76392],[93.23467,25.74739],[93.22816,25.73132],[93.22299,25.72521],[93.20989,25.72813],[93.18505,25.72947],[93.17764,25.7249],[93.16998,25.71687],[93.14514,25.7129],[93.13935,25.70616],[93.13912,25.69395],[93.13337,25.68376],[93.13912,25.66885],[93.14647,25.66105],[93.16536,25.66046],[93.17125,25.65867],[93.17656,25.64768],[93.18443,25.6389],[93.19198,25.62528],[93.18205,25.61637],[93.18077,25.60219],[93.17309,25.59531],[93.18947,25.5822],[93.19321,25.56951],[93.20263,25.56334],[93.20074,25.55704],[93.20886,25.55362],[93.21276,25.544],[93.21819,25.54854],[93.22342,25.54842],[93.23205,25.5442],[93.25259,25.54585],[93.26528,25.54518],[93.27112,25.53051],[93.27769,25.52885],[93.28999,25.54003],[93.2979,25.54472],[93.30339,25.53165],[93.30696,25.52857],[93.32259,25.52972],[93.33183,25.54328],[93.34133,25.55132],[93.34555,25.55757],[93.35446,25.56164],[93.36077,25.55686],[93.36603,25.55967],[93.36522,25.56618],[93.37348,25.56556],[93.37655,25.57371],[93.38275,25.57256],[93.38246,25.58114],[93.39068,25.58548],[93.39012,25.59111],[93.40689,25.59283],[93.40971,25.60045],[93.40912,25.60805],[93.41837,25.6174],[93.42252,25.61859],[93.4276,25.6278],[93.4311,25.62552],[93.43915,25.62865],[93.44446,25.63434],[93.45204,25.63378],[93.46561,25.64046],[93.48339,25.642],[93.49396,25.65148],[93.49996,25.65274],[93.50211,25.65823],[93.52034,25.67986],[93.5169,25.68426],[93.52278,25.68939],[93.53061,25.68888],[93.53803,25.69936],[93.5436,25.69786],[93.54983,25.71512],[93.54489,25.72313],[93.55698,25.73389],[93.55637,25.73809],[93.56554,25.73747],[93.5735,25.75274],[93.57333,25.75693],[93.58385,25.75386],[93.59275,25.76234],[93.61148,25.77256],[93.62239,25.77588],[93.6212,25.78128],[93.62702,25.78766],[93.62908,25.80045],[93.63342,25.80129],[93.6362,25.80973],[93.64857,25.82],[93.65683,25.82237],[93.66867,25.82062],[93.66958,25.82477],[93.67811,25.82484],[93.68293,25.83173],[93.68258,25.83668],[93.69209,25.84009],[93.69791,25.84727],[93.70649,25.84922],[93.69104,25.88526],[93.68599,25.90094],[93.68784,25.90545],[93.70522,25.91727],[93.71666,25.91769],[93.72908,25.92434],[93.73658,25.92647],[93.7502,25.93319],[93.74954,25.93797],[93.75899,25.94459],[93.76293,25.95083],[93.76855,25.95093],[93.77316,25.9619],[93.77946,25.96707],[93.78316,25.97884],[93.79067,25.97342],[93.8021,25.97701],[93.79562,25.99171],[93.78984,26.00055],[93.79193,26.00572],[93.78562,26.01424],[93.79407,26.01417],[93.78696,26.02363],[93.79147,26.02627],[93.78431,26.0325],[93.78307,26.03898],[93.79563,26.04091],[93.79367,26.05278],[93.79835,26.05485],[93.79564,26.06074],[93.80108,26.06459],[93.79842,26.07198],[93.80611,26.07764],[93.80581,26.08995],[93.81642,26.09],[93.81031,26.10212],[93.81395,26.11216],[93.82285,26.11139],[93.82459,26.11446],[93.81899,26.12124],[93.82671,26.12994],[93.82377,26.13658],[93.8308,26.13826],[93.82857,26.14439],[93.83564,26.16027],[93.83132,26.16046],[93.82655,26.16634],[93.82461,26.17464],[93.83149,26.1788],[93.83027,26.18679],[93.83549,26.19081],[93.83332,26.19826],[93.84451,26.2027],[93.83697,26.2067],[93.84677,26.21238],[93.85021,26.2165],[93.85756,26.21929],[93.85862,26.22689],[93.8647,26.23569],[93.85965,26.24427],[93.86739,26.24522],[93.86401,26.253],[93.87035,26.25423],[93.87717,26.26557],[93.86965,26.26744],[93.87461,26.27319],[93.88148,26.27275],[93.88379,26.27663],[93.87489,26.28298],[93.87768,26.28991],[93.87061,26.29657],[93.87426,26.30138],[93.88824,26.30285],[93.88604,26.31284],[93.89524,26.31467],[93.89505,26.32139],[93.88988,26.32329],[93.8918,26.34206],[93.88982,26.34935],[93.89054,26.36569],[93.89487,26.37229],[93.88595,26.37282],[93.89042,26.37879],[93.88517,26.38713],[93.88518,26.39386],[93.8702,26.38955],[93.86345,26.39661],[93.86031,26.40468],[93.85439,26.40491],[93.83937,26.41163],[93.83345,26.41697],[93.82887,26.41732],[93.82546,26.40785],[93.81702,26.39952],[93.8082,26.39633],[93.80025,26.38967],[93.79548,26.37719],[93.7902,26.37725],[93.77721,26.38388],[93.79184,26.39693],[93.79852,26.40978],[93.78632,26.41302],[93.78367,26.42242],[93.79621,26.42976],[93.79236,26.45018],[93.78857,26.45393],[93.78879,26.46336],[93.77983,26.46774],[93.77829,26.47468],[93.78047,26.47931],[93.77727,26.48748],[93.76838,26.50182],[93.76738,26.50657],[93.7596,26.50705],[93.75653,26.52007],[93.76022,26.52718],[93.75247,26.53089],[93.74848,26.5283],[93.7416,26.54035],[93.74115,26.54656],[93.73729,26.54962],[93.74371,26.56263],[93.74191,26.56962],[93.75299,26.577],[93.75159,26.58209],[93.73989,26.5854],[93.73503,26.59351],[93.72474,26.59556],[93.72389,26.60355],[93.71942,26.60441],[93.68682,26.60596],[93.68018,26.6003],[93.67169,26.60243],[93.66668,26.59874],[93.66262,26.60266],[93.65017,26.59951],[93.64743,26.59396],[93.64164,26.59808],[93.62687,26.59052],[93.62979,26.58654],[93.62616,26.57523],[93.61874,26.56742],[93.61614,26.5767],[93.60484,26.57259],[93.58812,26.5684],[93.58909,26.57376],[93.58657,26.58149],[93.58942,26.59406],[93.59389,26.59734],[93.5893,26.60355],[93.57202,26.60349],[93.56956,26.60707],[93.56068,26.60833],[93.5476,26.6039],[93.53457,26.59493],[93.51253,26.59336],[93.51027,26.59546],[93.50596,26.60862],[93.49897,26.6118],[93.49906,26.60433],[93.48524,26.60368],[93.48042,26.60159],[93.47345,26.59356],[93.47944,26.58824],[93.49567,26.59076],[93.49345,26.58534],[93.47712,26.5816],[93.46657,26.56852],[93.46132,26.57034],[93.46814,26.58009],[93.4658,26.58408],[93.44759,26.57652],[93.42551,26.57379],[93.41374,26.56753],[93.40523,26.57028],[93.40413,26.58056],[93.39493,26.57778],[93.38033,26.57796],[93.36957,26.58137],[93.33711,26.58267],[93.32175,26.58226],[93.31354,26.57662],[93.3045,26.57824]]],[[[92.66161,25.57945],[92.66753,25.57295],[92.68385,25.57674],[92.68264,25.5845],[92.69209,25.59386],[92.70321,25.59968],[92.71572,25.59905],[92.71914,25.58998],[92.74201,25.59521],[92.7508,25.60014],[92.75322,25.61288],[92.76367,25.6176],[92.76818,25.62167],[92.76376,25.62859],[92.77035,25.63395],[92.77289,25.63951],[92.78181,25.64714],[92.78855,25.65549],[92.78895,25.66102],[92.77789,25.6779],[92.79366,25.6879],[92.79884,25.68858],[92.8067,25.70052],[92.81282,25.70195],[92.81937,25.71266],[92.82414,25.72521],[92.82232,25.73993],[92.83411,25.74453],[92.83868,25.74941],[92.85762,25.75113],[92.87011,25.75487],[92.88754,25.7579],[92.90721,25.76469],[92.91539,25.76971],[92.92215,25.77074],[92.92986,25.78078],[92.92907,25.78486],[92.93261,25.80297],[92.93145,25.80756],[92.94487,25.80474],[92.9632,25.81698],[92.95881,25.80053],[92.97216,25.7901],[92.971,25.78399],[92.98378,25.79094],[92.98951,25.78672],[92.99109,25.79531],[92.98531,25.80903],[92.98929,25.81955],[92.99268,25.82326],[92.99996,25.8197],[93.00748,25.80631],[93.01101,25.79139],[93.01754,25.78979],[93.02034,25.79578],[93.0269,25.79568],[93.03071,25.79106],[93.05411,25.77977],[93.07261,25.77457],[93.07819,25.77673],[93.078,25.78169],[93.0635,25.78372],[93.04902,25.7946],[93.0281,25.81616],[93.0167,25.83191],[93.01197,25.84594],[92.99996,25.85403],[92.98717,25.87513],[92.96602,25.8745],[92.93145,25.86887],[92.89509,25.86545],[92.8891,25.8695],[92.87687,25.8668],[92.8719,25.86935],[92.86747,25.87893],[92.85769,25.88886],[92.84952,25.90469],[92.85922,25.92182],[92.8516,25.92297],[92.83771,25.91328],[92.82399,25.92243],[92.80518,25.91863],[92.80023,25.92884],[92.79431,25.93638],[92.79803,25.94166],[92.79847,25.95411],[92.80945,25.95397],[92.80648,25.96028],[92.80013,25.96304],[92.79225,25.95888],[92.78566,25.9522],[92.78015,25.94962],[92.77106,25.95276],[92.76523,25.96404],[92.7701,25.97641],[92.7689,25.9844],[92.7771,25.99375],[92.77532,25.99972],[92.7656,25.9979],[92.76311,26.00411],[92.7675,26.00649],[92.7835,26.00808],[92.78011,26.01452],[92.77356,26.01571],[92.76181,26.01467],[92.76103,26.02053],[92.76554,26.03013],[92.7602,26.03659],[92.74946,26.04029],[92.7567,26.05248],[92.75269,26.06104],[92.72054,26.05745],[92.71448,26.04902],[92.71405,26.03807],[92.71904,26.03102],[92.71597,26.02739],[92.71732,26.02137],[92.71399,26.01807],[92.70798,26.02042],[92.69649,26.01892],[92.69253,26.02258],[92.67087,26.02801],[92.65862,26.01921],[92.66166,26.00615],[92.65844,25.99861],[92.64203,25.99666],[92.63718,25.989],[92.62408,25.98437],[92.61545,25.97743],[92.60829,25.97482],[92.60087,25.97554],[92.59374,25.96447],[92.58146,25.96475],[92.57329,25.96068],[92.56032,25.964],[92.55223,25.97013],[92.55734,25.97646],[92.57293,26.0008],[92.56968,26.0065],[92.57283,26.01174],[92.57999,26.01645],[92.59479,26.02184],[92.59565,26.02572],[92.58458,26.03004],[92.58325,26.03473],[92.58628,26.04229],[92.5875,26.05399],[92.59801,26.06842],[92.59928,26.07611],[92.59331,26.08376],[92.5836,26.08943],[92.57897,26.09417],[92.57919,26.10996],[92.57586,26.11375],[92.56835,26.11508],[92.55654,26.11328],[92.54763,26.10761],[92.54036,26.09759],[92.53388,26.10051],[92.5234,26.10166],[92.52232,26.11368],[92.52381,26.12437],[92.53061,26.14285],[92.52293,26.15011],[92.51138,26.1411],[92.50257,26.14851],[92.49368,26.14901],[92.47841,26.14164],[92.47118,26.14626],[92.46148,26.13728],[92.45428,26.13407],[92.44403,26.12185],[92.43668,26.12145],[92.43186,26.11028],[92.42187,26.11847],[92.40605,26.11771],[92.40757,26.12506],[92.41277,26.1291],[92.41354,26.13551],[92.40234,26.13816],[92.38815,26.13966],[92.37937,26.13168],[92.37369,26.13069],[92.37055,26.12047],[92.35766,26.11021],[92.34571,26.10682],[92.34709,26.10287],[92.33307,26.09696],[92.32801,26.09632],[92.32017,26.09136],[92.31424,26.08159],[92.30353,26.07472],[92.25767,26.0272],[92.20966,25.99006],[92.20285,25.98394],[92.19357,25.98354],[92.18293,25.97358],[92.17506,25.97055],[92.16752,25.9628],[92.16928,25.95712],[92.15825,25.94317],[92.16334,25.93091],[92.16181,25.91355],[92.16558,25.91015],[92.18276,25.90692],[92.18859,25.91414],[92.19903,25.91636],[92.20244,25.90655],[92.20937,25.90883],[92.22441,25.9096],[92.22684,25.8999],[92.22004,25.89849],[92.21741,25.89212],[92.20514,25.88839],[92.19677,25.87958],[92.18286,25.86995],[92.18274,25.84967],[92.17703,25.84487],[92.17321,25.83606],[92.16731,25.83138],[92.16486,25.82017],[92.15486,25.8111],[92.15542,25.79383],[92.15272,25.78199],[92.15691,25.77698],[92.15581,25.77126],[92.15993,25.75553],[92.16651,25.74307],[92.16588,25.72705],[92.15793,25.72314],[92.15122,25.71285],[92.15748,25.70747],[92.1592,25.69937],[92.16306,25.6943],[92.16206,25.68921],[92.16705,25.67673],[92.16228,25.67017],[92.17133,25.66471],[92.18635,25.67943],[92.19354,25.68459],[92.20163,25.68556],[92.21219,25.69417],[92.22648,25.71221],[92.23418,25.71335],[92.23838,25.70661],[92.24958,25.70917],[92.27202,25.70911],[92.28611,25.71402],[92.29507,25.71546],[92.30758,25.72126],[92.30975,25.72428],[92.31914,25.72193],[92.34046,25.72495],[92.35325,25.73294],[92.36442,25.73458],[92.3729,25.74453],[92.38654,25.7516],[92.38496,25.74548],[92.38837,25.74114],[92.39616,25.7395],[92.40618,25.7417],[92.41778,25.7385],[92.41413,25.73096],[92.41834,25.72767],[92.43451,25.72942],[92.44334,25.71881],[92.43778,25.71356],[92.42854,25.70839],[92.43284,25.70222],[92.43561,25.68549],[92.45256,25.68454],[92.46669,25.68038],[92.47588,25.67121],[92.48256,25.66178],[92.48946,25.64787],[92.49441,25.63399],[92.49905,25.62482],[92.51165,25.61504],[92.51838,25.6179],[92.53433,25.61375],[92.54151,25.61557],[92.54558,25.61204],[92.55868,25.60975],[92.55722,25.60364],[92.55735,25.59056],[92.56193,25.58048],[92.56195,25.57202],[92.57345,25.55815],[92.58235,25.55749],[92.58842,25.5507],[92.60352,25.55507],[92.60963,25.56342],[92.63148,25.56832],[92.63506,25.57653],[92.64155,25.58501],[92.64926,25.58998],[92.65438,25.5898],[92.66139,25.58267],[92.66161,25.57945]]]]},"properties":{"name":"Karbi Anglong","id":16}},
{"type":"Feature","geometry":{"type":"Polygon","coordinates":[[[92.49894,24.87397],[92.49777,24.86792],[92.48717,24.86681],[92.46439,24.87527],[92.45114,24.87415],[92.44332,24.86853],[92.43801,24.85959],[92.42405,24.85802],[92.41662,24.86396],[92.41077,24.8635],[92.40269,24.85535],[92.39605,24.85506],[92.38545,24.8619],[92.38195,24.86966],[92.37422,24.87461],[92.3656,24.87748],[92.35746,24.88576],[92.35092,24.88774],[92.34885,24.88294],[92.34311,24.88293],[92.33199,24.89329],[92.31514,24.90073],[92.31263,24.91021],[92.30766,24.91625],[92.29864,24.91577],[92.28551,24.90769],[92.27016,24.90971],[92.25046,24.90767],[92.24364,24.90394],[92.24346,24.90005],[92.252,24.89168],[92.25343,24.88148],[92.24634,24.87252],[92.23628,24.86571],[92.23699,24.86102],[92.24692,24.85301],[92.24901,24.84932],[92.24749,24.83305],[92.25325,24.82928],[92.26412,24.83139],[92.27176,24.82871],[92.27463,24.80144],[92.28308,24.79126],[92.28309,24.78719],[92.27026,24.78075],[92.26583,24.77414],[92.26448,24.76411],[92.26806,24.75878],[92.27059,24.74769],[92.26787,24.73268],[92.26607,24.71244],[92.25742,24.70131],[92.24446,24.70334],[92.23371,24.69681],[92.22617,24.67998],[92.22541,24.67266],[92.22891,24.66265],[92.23964,24.64824],[92.23989,24.63703],[92.23176,24.61831],[92.22252,24.60888],[92.22404,24.59859],[92.2291,24.59437],[92.23339,24.58101],[92.2341,24.5523],[92.23229,24.53703],[92.23371,24.52736],[92.23342,24.50171],[92.23677,24.49107],[92.23958,24.48816],[92.23045,24.47829],[92.22906,24.47023],[92.23122,24.45864],[92.23522,24.45466],[92.23933,24.44551],[92.25658,24.43451],[92.25603,24.4172],[92.26276,24.40803],[92.26425,24.39579],[92.26987,24.39305],[92.27312,24.38665],[92.2699,24.3804],[92.27226,24.37577],[92.26758,24.37146],[92.26814,24.36549],[92.26408,24.36038],[92.21282,24.24764],[92.24045,24.2489],[92.25948,24.24868],[92.30337,24.25087],[92.3763,24.24936],[92.39545,24.25055],[92.40657,24.24993],[92.42208,24.25108],[92.43255,24.25366],[92.43931,24.26817],[92.44549,24.27318],[92.45446,24.28673],[92.46387,24.29873],[92.47034,24.30943],[92.47667,24.32284],[92.48336,24.35034],[92.49244,24.36746],[92.4924,24.3732],[92.49594,24.38094],[92.49619,24.39216],[92.50042,24.40013],[92.50213,24.41999],[92.50655,24.43745],[92.50597,24.45102],[92.50794,24.46984],[92.51053,24.47981],[92.50632,24.48868],[92.50887,24.49572],[92.50753,24.5083],[92.51054,24.52253],[92.5084,24.53239],[92.51629,24.55232],[92.5191,24.56701],[92.51684,24.57624],[92.51406,24.57776],[92.50579,24.59141],[92.50529,24.60343],[92.5092,24.60295],[92.50867,24.61657],[92.51026,24.62561],[92.50659,24.62684],[92.50669,24.63449],[92.50298,24.66516],[92.49725,24.67402],[92.4984,24.6831],[92.50402,24.69093],[92.50562,24.6998],[92.51055,24.70893],[92.52195,24.72135],[92.52303,24.74028],[92.52723,24.74614],[92.54494,24.75995],[92.54318,24.77206],[92.54756,24.77728],[92.54413,24.793],[92.54505,24.79864],[92.55462,24.81415],[92.56336,24.81947],[92.57346,24.83171],[92.58119,24.83897],[92.58662,24.84914],[92.58909,24.86193],[92.578,24.86832],[92.56031,24.8721],[92.55274,24.87014],[92.54563,24.86506],[92.52584,24.85871],[92.51984,24.87175],[92.51623,24.87493],[92.50361,24.8721],[92.49894,24.87397]]]},"properties":{"name":"Karimganj","id":17}},
{"type":"Feature","geometry":{"type":"Polygon","coordinates":[[[90.40981,26.43401],[90.40565,26.44302],[90.40161,26.44658],[90.40048,26.45922],[90.4015,26.47172],[90.39632,26.47792],[90.39603,26.48599],[90.40388,26.48912],[90.39597,26.49343],[90.39603,26.49745],[90.40216,26.50448],[90.39644,26.50913],[90.40249,26.51666],[90.39781,26.52075],[90.38852,26.51503],[90.38599,26.52056],[90.39174,26.52616],[90.39087,26.53036],[90.38291,26.53089],[90.38242,26.54141],[90.37775,26.54404],[90.37042,26.54221],[90.36266,26.54845],[90.36056,26.55433],[90.3552,26.55517],[90.35382,26.56307],[90.35892,26.56748],[90.3537,26.57161],[90.35896,26.57785],[90.36521,26.57792],[90.36791,26.58945],[90.35982,26.59828],[90.35478,26.608],[90.35605,26.61853],[90.36692,26.62696],[90.3647,26.63137],[90.38529,26.65232],[90.39562,26.67566],[90.40682,26.69126],[90.40522,26.6999],[90.41108,26.70671],[90.42068,26.71119],[90.42148,26.72089],[90.42734,26.73928],[90.43312,26.7467],[90.43119,26.75622],[90.42798,26.76021],[90.42903,26.76954],[90.42185,26.78465],[90.42192,26.80025],[90.42496,26.80748],[90.42547,26.81525],[90.42335,26.82259],[90.42819,26.86629],[90.42831,26.88749],[90.42509,26.89857],[90.4149,26.90167],[90.36927,26.89782],[90.36028,26.89587],[90.35462,26.88746],[90.351,26.87621],[90.34615,26.87189],[90.31692,26.85063],[90.30672,26.84801],[90.29563,26.84827],[90.26759,26.85517],[90.24961,26.85773],[90.23149,26.85804],[90.22012,26.8535],[90.19995,26.83283],[90.18784,26.80392],[90.19394,26.77039],[90.15135,26.75472],[90.13308,26.74887],[90.07284,26.73194],[90.05049,26.72889],[90.02501,26.73038],[90.00741,26.73419],[89.99,26.72662],[89.96315,26.72303],[89.92625,26.72247],[89.89484,26.72426],[89.86787,26.73688],[89.86389,26.73111],[89.86517,26.7085],[89.86232,26.70367],[89.86679,26.70024],[89.87678,26.68342],[89.87481,26.6737],[89.87585,26.66611],[89.87336,26.65651],[89.88166,26.64939],[89.87895,26.6434],[89.86258,26.63198],[89.86231,26.6233],[89.86709,26.61504],[89.88249,26.61294],[89.88045,26.60106],[89.87734,26.59461],[89.88275,26.58413],[89.87506,26.57941],[89.86722,26.57778],[89.87018,26.57018],[89.86979,26.5482],[89.86657,26.54309],[89.86698,26.53037],[89.85958,26.52099],[89.86073,26.50506],[89.86006,26.49422],[89.8578,26.4877],[89.86609,26.47469],[89.86743,26.46599],[89.87525,26.4639],[89.87453,26.44834],[89.86023,26.43398],[89.85802,26.42449],[89.85266,26.41975],[89.85481,26.41414],[89.84986,26.41015],[89.83831,26.41223],[89.83229,26.3964],[89.83559,26.39014],[89.84537,26.39076],[89.84947,26.39429],[89.8518,26.40268],[89.85815,26.39592],[89.86224,26.3844],[89.8601,26.38205],[89.86834,26.37539],[89.87923,26.3747],[89.88285,26.37257],[89.89291,26.35867],[89.8939,26.3497],[89.88794,26.3461],[89.89154,26.34113],[89.89842,26.34032],[89.90087,26.3286],[89.89638,26.3249],[89.88566,26.30305],[89.87127,26.26975],[89.86939,26.26028],[89.86551,26.25845],[89.85462,26.25888],[89.85319,26.25534],[89.8574,26.2429],[89.8701,26.2325],[89.86119,26.2214],[89.86116,26.21726],[89.86635,26.21019],[89.87054,26.20863],[89.87074,26.20006],[89.86223,26.19412],[89.86424,26.18674],[89.8712,26.19122],[89.87414,26.18844],[89.86944,26.17967],[89.87203,26.16862],[89.86878,26.15275],[89.87312,26.14574],[89.88419,26.13674],[89.91385,26.13408],[89.94412,26.13915],[89.94661,26.13796],[89.97705,26.14534],[90.00039,26.14255],[90.02166,26.13185],[90.03347,26.12876],[90.04427,26.13092],[90.05611,26.13897],[90.05776,26.15623],[90.07171,26.1727],[90.10181,26.18993],[90.11253,26.19468],[90.13479,26.19634],[90.14049,26.20297],[90.13678,26.21047],[90.13687,26.22602],[90.12609,26.23139],[90.12119,26.23844],[90.12118,26.2527],[90.12329,26.26112],[90.12913,26.26229],[90.14998,26.27494],[90.15242,26.28022],[90.14818,26.2919],[90.13275,26.29317],[90.12413,26.30409],[90.10781,26.31215],[90.11106,26.31686],[90.11811,26.31874],[90.11883,26.32414],[90.10659,26.32571],[90.10916,26.3293],[90.12233,26.33914],[90.14347,26.3494],[90.15665,26.35283],[90.17626,26.34225],[90.18132,26.34521],[90.1912,26.34522],[90.19715,26.35302],[90.20798,26.35865],[90.21077,26.36244],[90.20899,26.3769],[90.22872,26.38536],[90.22861,26.37321],[90.2345,26.3699],[90.23596,26.36183],[90.23123,26.34954],[90.22073,26.33164],[90.23018,26.33251],[90.24068,26.32375],[90.24556,26.32787],[90.25244,26.32615],[90.25749,26.3347],[90.27091,26.331],[90.2763,26.32774],[90.28253,26.31981],[90.2892,26.32316],[90.29246,26.33091],[90.28959,26.33635],[90.30192,26.33794],[90.30491,26.3427],[90.31988,26.35285],[90.32908,26.36134],[90.33407,26.36128],[90.3438,26.37031],[90.3484,26.36858],[90.34973,26.35982],[90.35835,26.34944],[90.35359,26.34136],[90.34321,26.33409],[90.33596,26.32249],[90.31909,26.29943],[90.31775,26.28871],[90.32079,26.28155],[90.32823,26.27807],[90.34701,26.28393],[90.35654,26.29254],[90.36814,26.29163],[90.3767,26.29405],[90.37825,26.30532],[90.37509,26.31292],[90.37702,26.31919],[90.39514,26.33036],[90.4026,26.33867],[90.41143,26.3405],[90.42909,26.35993],[90.42422,26.3633],[90.41732,26.36225],[90.39985,26.36272],[90.38591,26.36616],[90.38193,26.36988],[90.3912,26.37648],[90.39864,26.38542],[90.39756,26.39101],[90.39951,26.40129],[90.40981,26.43401]]]},"properties":{"name":"Kokrajhar","id":18}},
{"type":"Feature","geometry":{"type":"Polygon","coordinates":[[[94.26198,27.5202],[94.22394,27.50377],[94.21767,27.49989],[94.21459,27.4947],[94.1975,27.49423],[94.18918,27.48759],[94.17697,27.48086],[94.1702,27.48098],[94.15947,27.47486],[94.16245,27.46326],[94.14304,27.44525],[94.13809,27.44266],[94.1193,27.42777],[94.10872,27.41486],[94.09551,27.40775],[94.08855,27.40137],[94.07462,27.37981],[94.07081,27.3712],[94.06308,27.36036],[94.05698,27.35964],[94.0438,27.35011],[94.00217,27.33157],[94.00283,27.32699],[93.99234,27.32152],[93.98309,27.31064],[93.97482,27.30521],[93.95865,27.29165],[93.94102,27.27016],[93.92101,27.25403],[93.90313,27.23843],[93.89505,27.22787],[93.88769,27.22127],[93.86951,27.19574],[93.85951,27.188],[93.84192,27.17037],[93.83102,27.16756],[93.81906,27.15517],[93.81061,27.14868],[93.80761,27.13472],[93.8155,27.12891],[93.81333,27.12317],[93.81692,27.11949],[93.82391,27.11891],[93.82917,27.10881],[93.82855,27.09622],[93.83323,27.08926],[93.83862,27.07501],[93.83011,27.06577],[93.82065,27.06176],[93.81475,27.06751],[93.8104,27.0594],[93.79953,27.06073],[93.79588,27.05458],[93.7893,27.05108],[93.78307,27.05769],[93.77558,27.05924],[93.77036,27.04017],[93.74831,27.0293],[93.73578,27.02413],[93.72082,27.01615],[93.70746,27.00526],[93.70756,27.0006],[93.70015,26.99173],[93.70508,26.98508],[93.711,26.98331],[93.72737,26.97467],[93.72941,26.9694],[93.73895,26.9643],[93.74489,26.95828],[93.74797,26.9478],[93.7469,26.93705],[93.75253,26.9189],[93.74509,26.90777],[93.74645,26.90044],[93.75049,26.89416],[93.7578,26.8915],[93.77613,26.88821],[93.78098,26.88447],[93.78343,26.87289],[93.79041,26.85745],[93.78142,26.85126],[93.77454,26.84928],[93.77371,26.84369],[93.79083,26.83017],[93.80837,26.82285],[93.8226,26.82357],[93.82662,26.8252],[93.8384,26.8404],[93.84344,26.85207],[93.85016,26.85216],[93.85821,26.85759],[93.86621,26.85774],[93.88076,26.85533],[93.89416,26.86467],[93.8987,26.87174],[93.89798,26.87885],[93.89401,26.89053],[93.91995,26.90825],[93.91937,26.92185],[93.92426,26.92654],[93.93659,26.92936],[93.94823,26.9286],[93.97661,26.92342],[93.98808,26.92748],[93.99994,26.93985],[94.00846,26.93452],[94.01394,26.92748],[94.02699,26.92991],[94.03056,26.93457],[94.02799,26.9472],[94.02899,26.95618],[94.04217,26.96754],[94.04495,26.97374],[94.0542,26.97915],[94.06128,26.98023],[94.06892,26.97773],[94.07911,26.96023],[94.08754,26.96057],[94.10158,26.96667],[94.11252,26.97004],[94.13535,26.96917],[94.14157,26.97615],[94.13868,26.98938],[94.15568,26.99369],[94.16003,26.99888],[94.17126,26.99718],[94.17589,26.9993],[94.18232,26.99706],[94.18709,27.00041],[94.19331,27.01073],[94.19299,27.0159],[94.18821,27.02802],[94.19125,27.03562],[94.19589,27.03705],[94.20386,27.02891],[94.2202,27.02998],[94.22585,27.03178],[94.22465,27.03796],[94.23173,27.05911],[94.23953,27.07316],[94.2548,27.08485],[94.26756,27.0921],[94.28261,27.0951],[94.29798,27.08562],[94.30892,27.07224],[94.31758,27.07266],[94.3252,27.08734],[94.33849,27.08103],[94.35322,27.08557],[94.35965,27.0925],[94.36861,27.09754],[94.38467,27.0952],[94.39359,27.09747],[94.41906,27.09074],[94.4291,27.09982],[94.42865,27.11212],[94.43959,27.11914],[94.45859,27.11474],[94.46304,27.11133],[94.47133,27.11416],[94.47539,27.1219],[94.47537,27.13121],[94.48488,27.13752],[94.4916,27.13312],[94.49454,27.12244],[94.50983,27.12029],[94.51332,27.13992],[94.51509,27.14163],[94.52972,27.14143],[94.53425,27.14635],[94.53177,27.15337],[94.52586,27.15854],[94.54793,27.17091],[94.56333,27.17348],[94.56334,27.18136],[94.57061,27.17847],[94.58068,27.19226],[94.58282,27.20185],[94.58063,27.21371],[94.5714,27.21428],[94.55571,27.22209],[94.54639,27.23708],[94.53749,27.24215],[94.52751,27.25155],[94.5209,27.26275],[94.52525,27.29343],[94.52285,27.30001],[94.51397,27.31213],[94.50946,27.32103],[94.50299,27.32657],[94.4845,27.32403],[94.47603,27.31916],[94.46951,27.31058],[94.46252,27.30487],[94.45314,27.30573],[94.44423,27.31079],[94.43241,27.31117],[94.41793,27.30897],[94.39995,27.31768],[94.39528,27.32517],[94.38769,27.32798],[94.37282,27.32934],[94.36999,27.32536],[94.36201,27.32468],[94.35215,27.3284],[94.33704,27.32766],[94.32689,27.33565],[94.32293,27.34943],[94.32344,27.36775],[94.32577,27.39508],[94.32184,27.42297],[94.30901,27.43544],[94.29197,27.44853],[94.28449,27.45781],[94.27992,27.46802],[94.28135,27.47737],[94.2822,27.50092],[94.27644,27.51037],[94.26198,27.5202]]]},"properties":{"name":"Lakhimpur","id":19}},
{"type":"Feature","geometry":{"type":"Polygon","coordinates":[[[91.95598,26.25371],[91.96001,26.24782],[91.95915,26.23145],[91.97877,26.21758],[91.99991,26.20444],[92.00669,26.20218],[92.017,26.20523],[92.0264,26.20051],[92.03448,26.20769],[92.04292,26.19938],[92.0483,26.20417],[92.04851,26.21336],[92.0634,26.19717],[92.07971,26.19508],[92.08386,26.18564],[92.0924,26.18847],[92.09575,26.18475],[92.08624,26.17821],[92.11087,26.17106],[92.11726,26.17595],[92.13195,26.17843],[92.13457,26.17348],[92.14948,26.16253],[92.15679,26.16627],[92.17038,26.16336],[92.16506,26.14818],[92.16682,26.13357],[92.17211,26.11541],[92.17425,26.10104],[92.17029,26.09166],[92.1759,26.0817],[92.18042,26.07789],[92.18442,26.06871],[92.19142,26.06524],[92.20388,26.06838],[92.21405,26.06931],[92.23036,26.06596],[92.24318,26.06084],[92.25346,26.06265],[92.2757,26.06415],[92.29003,26.06824],[92.29589,26.07603],[92.30353,26.07472],[92.31424,26.08159],[92.32017,26.09136],[92.32801,26.09632],[92.33307,26.09696],[92.34709,26.10287],[92.34571,26.10682],[92.35766,26.11021],[92.37055,26.12047],[92.37369,26.13069],[92.37937,26.13168],[92.38815,26.13966],[92.40234,26.13816],[92.40739,26.15035],[92.41705,26.18218],[92.42756,26.21945],[92.43262,26.23492],[92.43845,26.24296],[92.45049,26.24432],[92.47101,26.24897],[92.49559,26.25126],[92.50678,26.25597],[92.52297,26.27704],[92.53617,26.30086],[92.54049,26.32398],[92.55498,26.33853],[92.55825,26.35232],[92.55145,26.36049],[92.53044,26.372],[92.50685,26.38222],[92.49065,26.38762],[92.44206,26.40507],[92.43417,26.41828],[92.44008,26.46166],[92.44266,26.48457],[92.44013,26.49899],[92.42848,26.51118],[92.42488,26.51675],[92.4046,26.51403],[92.39156,26.51437],[92.38576,26.51699],[92.36562,26.50524],[92.35059,26.50623],[92.34645,26.50214],[92.31764,26.48713],[92.30557,26.47591],[92.30081,26.46859],[92.29129,26.4595],[92.28218,26.45388],[92.27398,26.45144],[92.25734,26.45128],[92.24981,26.44764],[92.24357,26.44157],[92.23938,26.43064],[92.2225,26.41682],[92.2136,26.41489],[92.2044,26.42088],[92.18952,26.42352],[92.18147,26.42299],[92.16513,26.4169],[92.15642,26.41059],[92.14407,26.39855],[92.13104,26.37999],[92.12712,26.37085],[92.10644,26.35304],[92.10383,26.34313],[92.08617,26.33695],[92.07601,26.31428],[92.06534,26.30805],[92.06428,26.30322],[92.05081,26.28081],[92.04557,26.27544],[92.03286,26.26982],[92.02876,26.27049],[92.01737,26.2799],[92.00492,26.27362],[91.99203,26.26892],[91.98436,26.27484],[91.95598,26.25371]]]},"properties":{"name":"Marigaon","id":20}},
{"type":"Feature","geometry":{"type":"Polygon","coordinates":[[[93.30925,26.69811],[93.29849,26.69835],[93.29222,26.69508],[93.29042,26.68711],[93.27581,26.68257],[93.26651,26.68166],[93.25318,26.68535],[93.24689,26.68369],[93.2395,26.67437],[93.2351,26.66561],[93.23121,26.64456],[93.21817,26.62547],[93.19569,26.61529],[93.17371,26.60967],[93.16209,26.59877],[93.13541,26.58425],[93.12443,26.57738],[93.11548,26.57447],[93.10738,26.57571],[93.08561,26.58915],[93.07437,26.59454],[93.04163,26.59409],[93.00906,26.59823],[92.99994,26.60321],[92.99073,26.61319],[92.96572,26.61831],[92.94431,26.6171],[92.93648,26.61206],[92.92433,26.59811],[92.91132,26.59384],[92.89665,26.59545],[92.89097,26.59327],[92.87119,26.58222],[92.85216,26.58519],[92.84261,26.58316],[92.82588,26.57494],[92.80211,26.55851],[92.79451,26.55714],[92.77367,26.55621],[92.76881,26.54724],[92.76524,26.53184],[92.75963,26.52493],[92.75971,26.51912],[92.75563,26.51171],[92.74945,26.5124],[92.73611,26.51708],[92.72917,26.52252],[92.72701,26.53515],[92.7172,26.53328],[92.70544,26.52566],[92.69164,26.51063],[92.68423,26.50921],[92.67482,26.51673],[92.66615,26.52018],[92.65687,26.51786],[92.64181,26.51731],[92.62035,26.51139],[92.60623,26.50849],[92.58097,26.5],[92.5693,26.50124],[92.55871,26.50494],[92.52897,26.50919],[92.51231,26.50687],[92.49489,26.50256],[92.48207,26.49658],[92.47537,26.4954],[92.46711,26.49751],[92.45629,26.50735],[92.45351,26.51847],[92.43821,26.51957],[92.42488,26.51675],[92.42848,26.51118],[92.44013,26.49899],[92.44266,26.48457],[92.44008,26.46166],[92.43417,26.41828],[92.44206,26.40507],[92.49065,26.38762],[92.50685,26.38222],[92.53044,26.372],[92.55145,26.36049],[92.55825,26.35232],[92.55498,26.33853],[92.54049,26.32398],[92.53617,26.30086],[92.52297,26.27704],[92.50678,26.25597],[92.49559,26.25126],[92.47101,26.24897],[92.45049,26.24432],[92.43845,26.24296],[92.43262,26.23492],[92.42756,26.21945],[92.41705,26.18218],[92.40739,26.15035],[92.40234,26.13816],[92.41354,26.13551],[92.41277,26.1291],[92.40757,26.12506],[92.40605,26.11771],[92.42187,26.11847],[92.43186,26.11028],[92.43668,26.12145],[92.44403,26.12185],[92.45428,26.13407],[92.46148,26.13728],[92.47118,26.14626],[92.47841,26.14164],[92.49368,26.14901],[92.50257,26.14851],[92.51138,26.1411],[92.52293,26.15011],[92.53061,26.14285],[92.52381,26.12437],[92.52232,26.11368],[92.5234,26.10166],[92.53388,26.10051],[92.54036,26.09759],[92.54763,26.10761],[92.55654,26.11328],[92.56835,26.11508],[92.57586,26.11375],[92.57919,26.10996],[92.57897,26.09417],[92.5836,26.08943],[92.59331,26.08376],[92.59928,26.07611],[92.59801,26.06842],[92.5875,26.05399],[92.58628,26.04229],[92.58325,26.03473],[92.58458,26.03004],[92.59565,26.02572],[92.59479,26.02184],[92.57999,26.01645],[92.57283,26.01174],[92.56968,26.0065],[92.57293,26.0008],[92.55734,25.97646],[92.55223,25.97013],[92.56032,25.964],[92.57329,25.96068],[92.58146,25.96475],[92.59374,25.96447],[92.60087,25.97554],[92.60829,25.97482],[92.61545,25.97743],[92.62408,25.98437],[92.63718,25.989],[92.64203,25.99666],[92.65844,25.99861],[92.66166,26.00615],[92.65862,26.01921],[92.67087,26.02801],[92.69253,26.02258],[92.69649,26.01892],[92.70798,26.02042],[92.71399,26.01807],[92.71732,26.02137],[92.71597,26.02739],[92.71904,26.03102],[92.71405,26.03807],[92.71448,26.04902],[92.72054,26.05745],[92.75269,26.06104],[92.7567,26.05248],[92.74946,26.04029],[92.7602,26.03659],[92.76554,26.03013],[92.76103,26.02053],[92.76181,26.01467],[92.77356,26.01571],[92.78011,26.01452],[92.7835,26.00808],[92.7675,26.00649],[92.76311,26.00411],[92.7656,25.9979],[92.77532,25.99972],[92.7771,25.99375],[92.7689,25.9844],[92.7701,25.97641],[92.76523,25.96404],[92.77106,25.95276],[92.78015,25.94962],[92.78566,25.9522],[92.79225,25.95888],[92.80013,25.96304],[92.80648,25.96028],[92.80945,25.95397],[92.79847,25.95411],[92.79803,25.94166],[92.79431,25.93638],[92.80023,25.92884],[92.80518,25.91863],[92.82399,25.92243],[92.83771,25.91328],[92.8516,25.92297],[92.85922,25.92182],[92.84952,25.90469],[92.85769,25.88886],[92.86747,25.87893],[92.8719,25.86935],[92.87687,25.8668],[92.8891,25.8695],[92.89509,25.86545],[92.93145,25.86887],[92.96602,25.8745],[92.98717,25.87513],[92.99996,25.85403],[93.01197,25.84594],[93.0167,25.83191],[93.0281,25.81616],[93.04902,25.7946],[93.0635,25.78372],[93.078,25.78169],[93.07819,25.77673],[93.07261,25.77457],[93.06992,25.77042],[93.08152,25.76316],[93.08811,25.77159],[93.10008,25.77412],[93.10899,25.77419],[93.11049,25.77083],[93.125,25.76245],[93.13159,25.76119],[93.13034,25.75009],[93.14793,25.73737],[93.1511,25.73752],[93.14887,25.72284],[93.14514,25.7129],[93.16998,25.71687],[93.17764,25.7249],[93.18505,25.72947],[93.20989,25.72813],[93.22299,25.72521],[93.22816,25.73132],[93.23467,25.74739],[93.23517,25.76392],[93.24878,25.7784],[93.2521,25.78667],[93.24954,25.7894],[93.25166,25.79674],[93.25135,25.80761],[93.24615,25.81452],[93.24786,25.81898],[93.24527,25.83673],[93.2387,25.84634],[93.23679,25.85306],[93.22352,25.8631],[93.21555,25.87441],[93.2003,25.89077],[93.19181,25.8969],[93.18795,25.90226],[93.17838,25.94033],[93.17478,25.94501],[93.17335,25.9538],[93.16725,25.95604],[93.162,25.96582],[93.16195,25.97481],[93.15846,25.98029],[93.16018,25.99044],[93.1548,25.99481],[93.15329,26.00042],[93.14728,26.00684],[93.14298,26.01731],[93.13158,26.02265],[93.12537,26.03135],[93.11956,26.03447],[93.10996,26.03472],[93.09647,26.03197],[93.10825,26.0701],[93.10829,26.07499],[93.0979,26.07682],[93.09247,26.07449],[93.08603,26.08379],[93.08019,26.07938],[93.0744,26.0843],[93.06379,26.08121],[93.05915,26.08596],[93.04597,26.08593],[93.04001,26.08999],[93.04094,26.09641],[93.03725,26.10274],[93.03042,26.10427],[93.02176,26.11115],[93.01172,26.11116],[93.00401,26.11523],[92.99994,26.12068],[92.98337,26.12733],[92.97035,26.12848],[92.96022,26.13877],[92.94603,26.13614],[92.93767,26.13823],[92.93276,26.14498],[92.93657,26.15036],[92.94388,26.15206],[92.95536,26.1657],[92.95829,26.17337],[92.95536,26.18765],[92.94434,26.20076],[92.9335,26.20084],[92.92906,26.20323],[92.91084,26.20155],[92.90148,26.2031],[92.88443,26.20836],[92.86244,26.20229],[92.85162,26.20144],[92.84391,26.20567],[92.82928,26.2047],[92.82443,26.20621],[92.80328,26.2021],[92.79735,26.20625],[92.79957,26.2215],[92.8122,26.21604],[92.82084,26.21507],[92.82909,26.22353],[92.82785,26.2303],[92.81925,26.23382],[92.81832,26.23835],[92.82193,26.26517],[92.82478,26.27081],[92.83195,26.27066],[92.84142,26.28047],[92.84517,26.29627],[92.85025,26.30427],[92.86344,26.29387],[92.88146,26.28564],[92.89413,26.28927],[92.89816,26.2961],[92.896,26.30153],[92.90188,26.30769],[92.91121,26.31329],[92.91973,26.31577],[92.92308,26.31311],[92.9441,26.32665],[92.94763,26.33594],[92.94341,26.35079],[92.93488,26.35189],[92.92559,26.35546],[92.915,26.35531],[92.91521,26.36228],[92.92042,26.36804],[92.92149,26.37335],[92.92895,26.38035],[92.90969,26.37837],[92.90622,26.38268],[92.89593,26.38283],[92.90527,26.3992],[92.90908,26.3934],[92.91476,26.3923],[92.92885,26.39803],[92.94242,26.40187],[92.9522,26.3963],[92.95356,26.40358],[92.96246,26.40905],[92.96559,26.41354],[92.97387,26.41549],[92.98314,26.42114],[92.98759,26.41828],[92.99486,26.42008],[93.00631,26.42571],[93.01882,26.42085],[93.03265,26.42405],[93.04731,26.43743],[93.05444,26.43391],[93.05746,26.42121],[93.05212,26.42084],[93.05255,26.41458],[93.06786,26.41655],[93.0783,26.42048],[93.08108,26.42889],[93.07641,26.43376],[93.09085,26.43903],[93.10352,26.44647],[93.1115,26.43819],[93.11891,26.44055],[93.10959,26.44922],[93.12384,26.45792],[93.13156,26.46438],[93.12545,26.46822],[93.11901,26.46838],[93.11551,26.47194],[93.13504,26.47712],[93.13091,26.48428],[93.13244,26.48787],[93.12144,26.49397],[93.12499,26.48405],[93.11708,26.48396],[93.10868,26.47628],[93.10737,26.4708],[93.1105,26.4669],[93.09598,26.45907],[93.0926,26.46245],[93.09358,26.46825],[93.08315,26.47099],[93.07918,26.47631],[93.06795,26.47749],[93.06899,26.48289],[93.08299,26.48768],[93.08245,26.49352],[93.07495,26.4963],[93.07207,26.48925],[93.05043,26.48784],[93.04212,26.48564],[93.02264,26.47747],[93.01735,26.47767],[93.01249,26.48209],[93.00884,26.49371],[93.01445,26.49725],[93.01541,26.50409],[93.03641,26.51285],[93.04226,26.51726],[93.04753,26.52582],[93.04705,26.5354],[93.06382,26.54171],[93.0793,26.54288],[93.08869,26.54171],[93.09344,26.54335],[93.10493,26.53925],[93.10775,26.53086],[93.12104,26.52904],[93.12497,26.53785],[93.13812,26.54069],[93.13985,26.54727],[93.15037,26.5554],[93.15808,26.5475],[93.17228,26.55346],[93.18926,26.56746],[93.20038,26.56572],[93.209,26.56139],[93.21394,26.55603],[93.21114,26.55121],[93.19921,26.54024],[93.19542,26.54178],[93.18674,26.53845],[93.17776,26.53053],[93.16396,26.52435],[93.16675,26.52165],[93.18662,26.5296],[93.19756,26.5355],[93.20205,26.53386],[93.21028,26.51787],[93.21143,26.50961],[93.21938,26.50718],[93.21433,26.51933],[93.21532,26.52888],[93.22197,26.52784],[93.22426,26.53662],[93.23367,26.53363],[93.23747,26.53519],[93.24775,26.53044],[93.25179,26.52074],[93.2602,26.52118],[93.27598,26.51875],[93.27609,26.51215],[93.28724,26.51642],[93.29517,26.5023],[93.30017,26.50808],[93.29214,26.52046],[93.28093,26.52011],[93.2724,26.52725],[93.27777,26.53096],[93.27913,26.54196],[93.26587,26.53748],[93.25192,26.54505],[93.26063,26.55049],[93.24111,26.54915],[93.24071,26.55511],[93.25199,26.56347],[93.25396,26.56809],[93.26468,26.56747],[93.27678,26.5725],[93.28814,26.57114],[93.29767,26.57819],[93.3045,26.57824],[93.29646,26.58606],[93.30237,26.60483],[93.29608,26.61668],[93.28842,26.6349],[93.29266,26.63698],[93.31135,26.63658],[93.31659,26.6401],[93.3215,26.64909],[93.32241,26.65698],[93.31301,26.66316],[93.31165,26.66877],[93.31941,26.67532],[93.31888,26.68538],[93.31089,26.69146],[93.30925,26.69811]]]},"properties":{"name":"Nagaon","id":21}},
{"type":"Feature","geometry":{"type":"Polygon","coordinates":[[[91.29262,26.50835],[91.28996,26.50243],[91.28263,26.49586],[91.26918,26.4871],[91.25434,26.46677],[91.24139,26.45505],[91.24106,26.44872],[91.23573,26.43968],[91.23542,26.42387],[91.23993,26.41641],[91.24201,26.4031],[91.23762,26.3921],[91.24341,26.38606],[91.24259,26.38158],[91.25104,26.37282],[91.25115,26.36712],[91.26499,26.36768],[91.28162,26.37235],[91.28273,26.3698],[91.27417,26.36149],[91.28059,26.35442],[91.27921,26.34079],[91.27207,26.33977],[91.26961,26.33606],[91.27295,26.32746],[91.26606,26.31532],[91.25841,26.31074],[91.26411,26.30218],[91.25703,26.30149],[91.25562,26.29524],[91.26385,26.29056],[91.25408,26.28254],[91.24071,26.27721],[91.2303,26.28076],[91.21863,26.26787],[91.22186,26.26048],[91.22799,26.26214],[91.23995,26.26111],[91.24124,26.25149],[91.2296,26.24125],[91.2221,26.22493],[91.21797,26.22076],[91.22219,26.21584],[91.23825,26.21183],[91.24483,26.20343],[91.2516,26.19911],[91.24387,26.19181],[91.24222,26.18073],[91.23676,26.18217],[91.23263,26.17703],[91.25755,26.16316],[91.28885,26.15819],[91.29972,26.1575],[91.31103,26.16079],[91.3333,26.16194],[91.33851,26.16534],[91.34598,26.16273],[91.35866,26.16438],[91.37211,26.15659],[91.39379,26.13922],[91.39986,26.13663],[91.41588,26.13622],[91.4218,26.16612],[91.42156,26.18178],[91.41539,26.19737],[91.42286,26.21414],[91.42341,26.22662],[91.42767,26.23613],[91.43339,26.2409],[91.41575,26.24511],[91.41323,26.25216],[91.41544,26.26059],[91.42046,26.26496],[91.44064,26.25974],[91.45362,26.27259],[91.45181,26.29044],[91.45216,26.30304],[91.45819,26.31109],[91.45919,26.31803],[91.4802,26.3178],[91.49423,26.31896],[91.49958,26.32298],[91.50804,26.32174],[91.51032,26.32614],[91.52796,26.32979],[91.53437,26.33645],[91.52369,26.33859],[91.52204,26.34855],[91.52878,26.36147],[91.53853,26.37062],[91.52875,26.37401],[91.52786,26.37794],[91.5361,26.3886],[91.53591,26.39303],[91.54674,26.40648],[91.5427,26.41384],[91.55026,26.41667],[91.55456,26.41438],[91.56168,26.41637],[91.56688,26.43316],[91.56295,26.44402],[91.55686,26.45549],[91.55366,26.47318],[91.55529,26.48008],[91.562,26.48229],[91.55942,26.49014],[91.55999,26.50189],[91.55677,26.50609],[91.55799,26.51726],[91.55653,26.52313],[91.55796,26.53996],[91.55471,26.54596],[91.56201,26.55353],[91.56366,26.56178],[91.56797,26.56398],[91.57004,26.5726],[91.55394,26.57715],[91.54646,26.57632],[91.54022,26.57207],[91.5304,26.56919],[91.53224,26.5624],[91.52333,26.55252],[91.52368,26.54279],[91.51577,26.54393],[91.51085,26.53736],[91.50196,26.53109],[91.49859,26.53133],[91.49003,26.54222],[91.48148,26.55671],[91.47891,26.56577],[91.47367,26.57253],[91.47152,26.57934],[91.46248,26.58167],[91.45501,26.5775],[91.44668,26.56037],[91.42723,26.5532],[91.41912,26.5488],[91.41296,26.53512],[91.40476,26.52962],[91.38206,26.52739],[91.37408,26.5277],[91.36269,26.52437],[91.3511,26.51883],[91.34971,26.50341],[91.34335,26.49777],[91.32993,26.49237],[91.30532,26.49277],[91.29827,26.49661],[91.29262,26.50835]]]},"properties":{"name":"Nalbari","id":22}},
{"type":"Feature","geometry":{"type":"Polygon","coordinates":[[[94.59577,27.14513],[94.58289,27.13418],[94.58258,27.12485],[94.57851,27.11684],[94.57078,27.11034],[94.5652,27.10062],[94.55256,27.09305],[94.54658,27.074],[94.53991,27.06874],[94.53127,27.06625],[94.51511,27.04742],[94.51101,27.04112],[94.49958,27.03487],[94.48099,27.02936],[94.47557,27.02255],[94.47056,27.00075],[94.46077,26.99077],[94.44159,26.98234],[94.42639,26.97246],[94.40348,26.9599],[94.4039,26.94753],[94.40836,26.94339],[94.42308,26.94249],[94.43143,26.93915],[94.44424,26.93748],[94.45961,26.93958],[94.46805,26.93893],[94.48218,26.93393],[94.48191,26.92489],[94.48487,26.91768],[94.48178,26.91465],[94.4863,26.90654],[94.48142,26.90221],[94.48219,26.8975],[94.48917,26.88636],[94.49552,26.88339],[94.49465,26.87648],[94.49826,26.86944],[94.49495,26.86307],[94.49486,26.84965],[94.48989,26.83382],[94.49817,26.82506],[94.50369,26.82283],[94.51262,26.8131],[94.52424,26.80744],[94.52522,26.80053],[94.51902,26.79592],[94.52497,26.79012],[94.51609,26.77475],[94.52551,26.77153],[94.52471,26.76369],[94.52985,26.76139],[94.53607,26.75358],[94.54095,26.76142],[94.55127,26.74739],[94.56041,26.75631],[94.56733,26.74827],[94.57609,26.75178],[94.5739,26.74318],[94.58445,26.73553],[94.58277,26.73211],[94.58623,26.72559],[94.59562,26.72492],[94.60038,26.73276],[94.6105,26.73512],[94.61238,26.72765],[94.61782,26.72553],[94.62311,26.71449],[94.62867,26.71357],[94.64067,26.7189],[94.65375,26.71853],[94.6655,26.72264],[94.68695,26.72743],[94.69721,26.73452],[94.71175,26.74763],[94.73224,26.7588],[94.74203,26.76835],[94.74616,26.77692],[94.75109,26.77444],[94.75671,26.76702],[94.7627,26.77468],[94.76867,26.77813],[94.76942,26.78586],[94.77346,26.7897],[94.786,26.7933],[94.80257,26.80076],[94.8057,26.8069],[94.79702,26.81325],[94.81343,26.81947],[94.8171,26.83619],[94.82148,26.83959],[94.82151,26.84919],[94.83267,26.85743],[94.8392,26.86872],[94.85197,26.87605],[94.85946,26.88799],[94.87012,26.90973],[94.8867,26.92716],[94.90177,26.93502],[94.91434,26.93723],[94.92864,26.94675],[94.93405,26.93316],[94.93898,26.93257],[94.95772,26.93812],[94.96458,26.93519],[94.97105,26.92288],[94.98003,26.91912],[94.98602,26.91272],[94.9924,26.91285],[94.99343,26.92062],[94.99983,26.91873],[95.02168,26.9198],[95.02888,26.92691],[95.03838,26.93287],[95.05497,26.93524],[95.06566,26.94253],[95.08717,26.94705],[95.11037,26.96118],[95.11727,26.97796],[95.1267,26.98118],[95.1431,26.99256],[95.1498,26.99407],[95.15483,27.00028],[95.19587,27.03716],[95.20416,27.03719],[95.20802,27.02895],[95.21414,27.02763],[95.2263,27.0364],[95.23819,27.03733],[95.2485,27.02432],[95.26697,27.03448],[95.2779,27.0438],[95.27812,27.05082],[95.28822,27.06036],[95.31,27.07515],[95.3135,27.08076],[95.32359,27.08357],[95.34892,27.09873],[95.36677,27.10679],[95.37156,27.10533],[95.37317,27.11216],[95.36639,27.11571],[95.36371,27.1238],[95.36917,27.13577],[95.36705,27.14628],[95.36003,27.15766],[95.35933,27.16755],[95.34842,27.17089],[95.34579,27.18076],[95.33056,27.18694],[95.31986,27.18654],[95.31415,27.18406],[95.30017,27.19439],[95.2894,27.19681],[95.27379,27.1887],[95.26835,27.1925],[95.25795,27.18531],[95.25619,27.19145],[95.24063,27.18627],[95.24375,27.18176],[95.23475,27.17885],[95.23653,27.17397],[95.23022,27.1723],[95.22672,27.16621],[95.22106,27.16442],[95.20149,27.16236],[95.2012,27.15798],[95.19407,27.15565],[95.18008,27.14773],[95.17961,27.14081],[95.16267,27.13101],[95.15782,27.13453],[95.15314,27.13165],[95.14171,27.1367],[95.1354,27.1345],[95.13041,27.13749],[95.1279,27.13078],[95.11898,27.13407],[95.09609,27.13593],[95.06231,27.13562],[95.05958,27.13796],[95.05463,27.15115],[95.05049,27.15365],[95.04108,27.15186],[95.03247,27.14497],[95.02737,27.14385],[95.0079,27.14766],[94.98973,27.14626],[94.98127,27.1503],[94.98527,27.15917],[94.98625,27.16972],[94.97612,27.19436],[94.97524,27.21183],[94.97016,27.2287],[94.95849,27.22067],[94.92711,27.18966],[94.88748,27.15664],[94.86674,27.13151],[94.84905,27.10811],[94.84305,27.09459],[94.83093,27.0954],[94.82697,27.09998],[94.81418,27.09881],[94.8148,27.10572],[94.82065,27.11412],[94.81226,27.11538],[94.80308,27.11987],[94.79783,27.1189],[94.76581,27.12752],[94.76045,27.14242],[94.76235,27.14925],[94.77792,27.16992],[94.77495,27.18406],[94.78149,27.19074],[94.77772,27.2124],[94.77163,27.21631],[94.7729,27.22278],[94.77949,27.2386],[94.76763,27.24515],[94.76393,27.24893],[94.75791,27.24491],[94.74852,27.24385],[94.74204,27.24884],[94.74742,27.26125],[94.75354,27.26902],[94.74575,27.27456],[94.73354,27.27375],[94.72189,27.26477],[94.71859,27.25654],[94.72509,27.25109],[94.72612,27.24594],[94.71511,27.2456],[94.71074,27.25068],[94.7085,27.26679],[94.70466,27.27091],[94.69552,27.26814],[94.68648,27.24679],[94.68222,27.2444],[94.66297,27.24706],[94.64661,27.24655],[94.63582,27.22274],[94.62472,27.2017],[94.61784,27.17585],[94.60816,27.15925],[94.59577,27.14513]]]},"properties":{"name":"Sivasagar","id":23}},
{"type":"Feature","geometry":{"type":"Polygon","coordinates":[[[92.34645,26.50214],[92.35059,26.50623],[92.36562,26.50524],[92.38576,26.51699],[92.39156,26.51437],[92.4046,26.51403],[92.42488,26.51675],[92.43821,26.51957],[92.45351,26.51847],[92.45629,26.50735],[92.46711,26.49751],[92.47537,26.4954],[92.48207,26.49658],[92.49489,26.50256],[92.51231,26.50687],[92.52897,26.50919],[92.55871,26.50494],[92.5693,26.50124],[92.58097,26.5],[92.60623,26.50849],[92.62035,26.51139],[92.64181,26.51731],[92.65687,26.51786],[92.66615,26.52018],[92.67482,26.51673],[92.68423,26.50921],[92.69164,26.51063],[92.70544,26.52566],[92.7172,26.53328],[92.72701,26.53515],[92.72917,26.52252],[92.73611,26.51708],[92.74945,26.5124],[92.75563,26.51171],[92.75971,26.51912],[92.75963,26.52493],[92.76524,26.53184],[92.76881,26.54724],[92.77367,26.55621],[92.79451,26.55714],[92.80211,26.55851],[92.82588,26.57494],[92.84261,26.58316],[92.85216,26.58519],[92.87119,26.58222],[92.89097,26.59327],[92.89665,26.59545],[92.91132,26.59384],[92.92433,26.59811],[92.93648,26.61206],[92.94431,26.6171],[92.96572,26.61831],[92.99073,26.61319],[92.99994,26.60321],[93.00906,26.59823],[93.04163,26.59409],[93.07437,26.59454],[93.08561,26.58915],[93.10738,26.57571],[93.11548,26.57447],[93.12443,26.57738],[93.13541,26.58425],[93.16209,26.59877],[93.17371,26.60967],[93.19569,26.61529],[93.21817,26.62547],[93.23121,26.64456],[93.2351,26.66561],[93.2395,26.67437],[93.24689,26.68369],[93.25318,26.68535],[93.26651,26.68166],[93.27581,26.68257],[93.29042,26.68711],[93.29222,26.69508],[93.29849,26.69835],[93.30925,26.69811],[93.32088,26.70242],[93.32502,26.7061],[93.33771,26.70745],[93.34399,26.72312],[93.3493,26.73154],[93.35937,26.73748],[93.38231,26.74438],[93.40518,26.75293],[93.41719,26.74748],[93.43357,26.74449],[93.44523,26.74598],[93.45098,26.75123],[93.46258,26.75692],[93.47289,26.75896],[93.49431,26.75696],[93.51111,26.76035],[93.52395,26.75524],[93.53584,26.75374],[93.54703,26.74194],[93.55544,26.7374],[93.5642,26.73613],[93.56182,26.72782],[93.56748,26.72381],[93.60262,26.71572],[93.62026,26.71239],[93.63922,26.70632],[93.65149,26.70491],[93.66702,26.71397],[93.67361,26.71267],[93.66983,26.72516],[93.66281,26.73685],[93.6566,26.76073],[93.65079,26.77756],[93.65155,26.78906],[93.67237,26.8002],[93.69075,26.79532],[93.69736,26.7977],[93.71273,26.81748],[93.72847,26.81475],[93.73895,26.80844],[93.74677,26.80066],[93.75507,26.80519],[93.75965,26.81364],[93.7672,26.83688],[93.77371,26.84369],[93.77454,26.84928],[93.78142,26.85126],[93.79041,26.85745],[93.78343,26.87289],[93.78098,26.88447],[93.77613,26.88821],[93.7578,26.8915],[93.75049,26.89416],[93.74645,26.90044],[93.74509,26.90777],[93.75253,26.9189],[93.7469,26.93705],[93.74797,26.9478],[93.74489,26.95828],[93.73895,26.9643],[93.72941,26.9694],[93.72737,26.97467],[93.711,26.98331],[93.70508,26.98508],[93.70015,26.99173],[93.67763,26.96801],[93.65698,26.96345],[93.6264,26.96122],[93.59772,26.95222],[93.58613,26.94971],[93.57273,26.9512],[93.54746,26.94886],[93.52782,26.94576],[93.49138,26.93572],[93.48883,26.94029],[93.4823,26.93738],[93.47013,26.93612],[93.46586,26.94076],[93.44993,26.9514],[93.43875,26.95337],[93.39287,26.95737],[93.37638,26.95776],[93.35011,26.96065],[93.26912,26.95351],[93.2247,26.9467],[93.1866,26.93635],[93.11135,26.92497],[93.09426,26.91324],[93.07876,26.91767],[93.07127,26.92196],[93.065,26.91976],[93.04063,26.91566],[93.02183,26.91463],[92.99993,26.92818],[92.98322,26.93348],[92.97551,26.9387],[92.95395,26.94682],[92.92042,26.96219],[92.9176,26.96773],[92.91936,26.98263],[92.90249,26.99428],[92.88611,27.00038],[92.87521,27.00575],[92.83942,27.01165],[92.82726,27.01659],[92.78818,27.02885],[92.77201,27.03122],[92.73046,27.02664],[92.71664,27.02434],[92.68539,27.03002],[92.66197,27.03683],[92.65352,27.02309],[92.64213,27.01686],[92.64764,27.00835],[92.64844,26.98574],[92.58822,26.96019],[92.55664,26.95745],[92.53482,26.9617],[92.51852,26.96283],[92.50811,26.9652],[92.49374,26.96317],[92.4627,26.96178],[92.4493,26.95912],[92.44531,26.9535],[92.42891,26.94196],[92.41503,26.94269],[92.40289,26.92478],[92.37046,26.93009],[92.36761,26.93125],[92.36225,26.92462],[92.3527,26.90567],[92.35014,26.89017],[92.3448,26.8852],[92.34788,26.87312],[92.34641,26.86428],[92.34866,26.86145],[92.34309,26.84864],[92.3394,26.84597],[92.33473,26.83065],[92.34103,26.82434],[92.33456,26.82143],[92.33386,26.81461],[92.33772,26.81107],[92.33271,26.80554],[92.34081,26.78729],[92.33936,26.77781],[92.34518,26.77008],[92.35516,26.75106],[92.35822,26.74778],[92.35919,26.73175],[92.36527,26.71608],[92.36767,26.70601],[92.37835,26.70289],[92.38692,26.69538],[92.38668,26.67564],[92.39043,26.67079],[92.39038,26.66168],[92.40758,26.6474],[92.40829,26.63747],[92.40207,26.62581],[92.3908,26.6229],[92.38708,26.6194],[92.3852,26.60891],[92.37918,26.60787],[92.36885,26.59729],[92.3635,26.58561],[92.36479,26.58069],[92.35898,26.57665],[92.35816,26.57173],[92.36832,26.5681],[92.36892,26.55775],[92.38028,26.54049],[92.38585,26.53451],[92.38385,26.53112],[92.37403,26.52998],[92.35583,26.53014],[92.34946,26.52434],[92.32858,26.51106],[92.34456,26.50815],[92.34645,26.50214]]]},"properties":{"name":"Sonitpur","id":24}},
{"type":"Feature","geometry":{"type":"Polygon","coordinates":[[[95.27759,27.6824],[95.29213,27.66976],[95.29995,27.64748],[95.3096,27.6173],[95.32283,27.58732],[95.31768,27.58449],[95.30308,27.58326],[95.29907,27.57506],[95.29391,27.57682],[95.29169,27.56838],[95.27671,27.5673],[95.27904,27.55989],[95.28525,27.55506],[95.28184,27.54659],[95.27493,27.54989],[95.27125,27.54656],[95.26659,27.53617],[95.27236,27.52519],[95.26733,27.52349],[95.2671,27.51577],[95.2642,27.51014],[95.23895,27.50254],[95.23205,27.49607],[95.2306,27.48588],[95.23092,27.47205],[95.22182,27.45781],[95.2393,27.43453],[95.25233,27.43261],[95.25217,27.42614],[95.26051,27.41773],[95.25898,27.41036],[95.2707,27.40547],[95.27805,27.41142],[95.28507,27.40774],[95.29638,27.41161],[95.30191,27.40863],[95.30792,27.39838],[95.31535,27.39122],[95.32536,27.38907],[95.34067,27.38937],[95.35126,27.39152],[95.37658,27.38049],[95.38037,27.38532],[95.37858,27.39165],[95.39739,27.39131],[95.42,27.38172],[95.42498,27.37486],[95.43169,27.37191],[95.44122,27.36292],[95.45079,27.36892],[95.4742,27.36432],[95.47669,27.34239],[95.46117,27.33838],[95.45307,27.33001],[95.46432,27.32125],[95.47046,27.30611],[95.45168,27.29488],[95.46586,27.27135],[95.46527,27.2666],[95.44712,27.25229],[95.45802,27.23215],[95.46267,27.23991],[95.45947,27.24744],[95.47382,27.26285],[95.4822,27.25274],[95.48737,27.25056],[95.49144,27.24261],[95.50669,27.2485],[95.51105,27.25285],[95.51135,27.26017],[95.51662,27.26251],[95.52089,27.2576],[95.53524,27.26446],[95.55455,27.25312],[95.55652,27.24813],[95.57482,27.24478],[95.57821,27.23584],[95.59037,27.22316],[95.60763,27.22498],[95.61941,27.23013],[95.63441,27.23337],[95.63726,27.23046],[95.67945,27.2474],[95.68467,27.25089],[95.69567,27.2516],[95.70212,27.24906],[95.71571,27.25249],[95.72568,27.25263],[95.7321,27.25992],[95.74014,27.26326],[95.7572,27.26769],[95.78487,27.27242],[95.79098,27.27873],[95.80094,27.28196],[95.80667,27.28125],[95.81036,27.27414],[95.83809,27.28023],[95.85038,27.2863],[95.86061,27.28733],[95.86096,27.27289],[95.86554,27.26976],[95.87245,27.25996],[95.88249,27.25995],[95.88771,27.25631],[95.89814,27.25728],[95.9012,27.26938],[95.90435,27.27285],[95.90652,27.28489],[95.91239,27.28613],[95.91883,27.29221],[95.94067,27.30255],[95.96329,27.30999],[95.96793,27.3175],[95.97014,27.32992],[95.97746,27.33525],[95.99379,27.34436],[95.99709,27.35641],[96.01331,27.35693],[96.02104,27.36415],[96.0151,27.36838],[96.00853,27.38017],[96.00026,27.39057],[96.00124,27.39648],[95.99118,27.40762],[95.98973,27.41479],[95.97978,27.41495],[95.9812,27.41922],[95.97808,27.42864],[95.9736,27.4299],[95.95329,27.42646],[95.95083,27.43045],[95.95343,27.43666],[95.94336,27.43963],[95.93364,27.43996],[95.91721,27.43645],[95.91155,27.43326],[95.90648,27.41654],[95.90042,27.4046],[95.89221,27.40306],[95.89472,27.41158],[95.89039,27.41973],[95.89076,27.43302],[95.88301,27.43746],[95.87619,27.42874],[95.86531,27.4224],[95.85835,27.41408],[95.85616,27.42108],[95.84977,27.42374],[95.85336,27.43821],[95.86424,27.44546],[95.85993,27.45608],[95.86654,27.46249],[95.87672,27.46456],[95.88177,27.4809],[95.87968,27.48616],[95.88098,27.49459],[95.89017,27.49966],[95.88765,27.50478],[95.87904,27.51337],[95.88051,27.52336],[95.88199,27.54684],[95.87426,27.5448],[95.86301,27.54625],[95.85279,27.55936],[95.84672,27.56171],[95.84062,27.56036],[95.83268,27.57266],[95.82199,27.57553],[95.82105,27.58941],[95.82499,27.59687],[95.79887,27.60173],[95.79692,27.61214],[95.788,27.61737],[95.78825,27.62629],[95.79832,27.62986],[95.80237,27.643],[95.78718,27.6497],[95.78019,27.6546],[95.77883,27.66034],[95.78145,27.6733],[95.78649,27.67736],[95.79552,27.67828],[95.79416,27.68638],[95.77981,27.68853],[95.77372,27.69412],[95.7737,27.70551],[95.77161,27.71021],[95.75982,27.72094],[95.75936,27.72538],[95.773,27.72874],[95.78594,27.73401],[95.78171,27.75249],[95.79,27.75932],[95.80756,27.77784],[95.80879,27.78424],[95.82436,27.80354],[95.84461,27.81574],[95.84726,27.82439],[95.85335,27.82839],[95.87498,27.83404],[95.89336,27.85129],[95.89634,27.86148],[95.90184,27.86093],[95.91266,27.86726],[95.9153,27.8751],[95.92987,27.88477],[95.92526,27.89027],[95.92997,27.89712],[95.93966,27.89751],[95.94066,27.90407],[95.94485,27.9069],[95.95666,27.92109],[95.95892,27.92715],[95.95374,27.93147],[95.95369,27.93614],[95.96661,27.94694],[95.97887,27.9628],[95.95834,27.96349],[95.82747,27.97203],[95.60851,27.95283],[95.59874,27.94621],[95.5904,27.9367],[95.58231,27.93865],[95.57299,27.93748],[95.56801,27.92669],[95.56679,27.9176],[95.54555,27.90856],[95.54525,27.89739],[95.52796,27.893],[95.51766,27.87688],[95.51691,27.85743],[95.50506,27.85715],[95.49296,27.85222],[95.48782,27.84429],[95.48675,27.83795],[95.47946,27.8296],[95.48053,27.82311],[95.47707,27.81636],[95.47005,27.80887],[95.46322,27.78902],[95.45973,27.77438],[95.44415,27.75749],[95.42135,27.73824],[95.41077,27.73228],[95.4022,27.72535],[95.39328,27.72342],[95.3441,27.702],[95.32156,27.69534],[95.29885,27.69551],[95.28433,27.69075],[95.27759,27.6824]]]},"properties":{"name":"Tinsukia","id":25}},
{"type":"Feature","geometry":{"type":"Polygon","coordinates":[[[91.7891,26.49942],[91.82784,26.50925],[91.84554,26.52857],[91.86323,26.54063],[91.8739,26.54519],[91.89524,26.54511],[91.90161,26.55844],[91.9173,26.56185],[91.92439,26.5736],[91.9364,26.57422],[91.94798,26.57026],[91.95433,26.56517],[91.95375,26.55907],[91.96519,26.55359],[91.9695,26.55403],[91.98188,26.56182],[91.98614,26.56684],[91.99261,26.5695],[92.00341,26.5694],[92.01516,26.56741],[92.02807,26.55951],[92.03546,26.54742],[92.04934,26.53177],[92.05137,26.52623],[92.0635,26.51915],[92.06572,26.5067],[92.07214,26.50236],[92.07001,26.49792],[92.06984,26.48718],[92.07702,26.48202],[92.09009,26.48485],[92.0945,26.49526],[92.08078,26.51244],[92.08783,26.53263],[92.09917,26.54404],[92.09898,26.55097],[92.09208,26.55918],[92.08622,26.5604],[92.06866,26.5464],[92.06089,26.54546],[92.04675,26.56729],[92.04544,26.58044],[92.0483,26.5925],[92.06043,26.6123],[92.06821,26.61324],[92.07634,26.62869],[92.08904,26.62923],[92.09823,26.63861],[92.1085,26.63974],[92.11982,26.64631],[92.13399,26.64905],[92.14225,26.64865],[92.15694,26.654],[92.16417,26.65969],[92.17707,26.66037],[92.18471,26.66746],[92.18939,26.66878],[92.20219,26.66562],[92.21357,26.65608],[92.21767,26.64038],[92.22779,26.63166],[92.23785,26.6251],[92.23956,26.61511],[92.23903,26.59857],[92.24244,26.59518],[92.24544,26.58196],[92.25131,26.5791],[92.27023,26.59228],[92.27202,26.59694],[92.27487,26.62076],[92.27895,26.62693],[92.29319,26.63037],[92.29801,26.64418],[92.30056,26.66488],[92.30556,26.67507],[92.31357,26.67756],[92.32865,26.67036],[92.3358,26.66873],[92.33535,26.64946],[92.3391,26.64309],[92.33004,26.63677],[92.33546,26.62791],[92.32571,26.61644],[92.33205,26.61077],[92.32975,26.60444],[92.3419,26.60028],[92.34024,26.5961],[92.32923,26.59584],[92.32808,26.59166],[92.34382,26.58148],[92.3548,26.58496],[92.3635,26.58561],[92.36885,26.59729],[92.37918,26.60787],[92.3852,26.60891],[92.38708,26.6194],[92.3908,26.6229],[92.40207,26.62581],[92.40829,26.63747],[92.40758,26.6474],[92.39038,26.66168],[92.39043,26.67079],[92.38668,26.67564],[92.38692,26.69538],[92.37835,26.70289],[92.36767,26.70601],[92.36527,26.71608],[92.35919,26.73175],[92.35822,26.74778],[92.35516,26.75106],[92.34518,26.77008],[92.33936,26.77781],[92.34081,26.78729],[92.33271,26.80554],[92.33772,26.81107],[92.33386,26.81461],[92.33456,26.82143],[92.34103,26.82434],[92.33473,26.83065],[92.3394,26.84597],[92.34309,26.84864],[92.34866,26.86145],[92.34641,26.86428],[92.34788,26.87312],[92.3448,26.8852],[92.35014,26.89017],[92.3527,26.90567],[92.36225,26.92462],[92.36761,26.93125],[92.35624,26.93413],[92.34999,26.93202],[92.32327,26.92696],[92.30609,26.92281],[92.30696,26.90813],[92.2796,26.90108],[92.2711,26.9037],[92.25781,26.91087],[92.21264,26.89557],[92.19814,26.88968],[92.16572,26.89138],[92.15128,26.88962],[92.12373,26.88906],[92.11127,26.89259],[92.10202,26.88065],[92.10079,26.86737],[92.09229,26.85975],[92.08584,26.86089],[92.05856,26.84684],[92.0489,26.84634],[92.02039,26.84989],[91.99761,26.8541],[91.98904,26.85711],[91.97629,26.86579],[91.96343,26.87646],[91.95751,26.88664],[91.94558,26.89378],[91.90091,26.91508],[91.88711,26.91517],[91.86145,26.91302],[91.85714,26.91128],[91.83549,26.87538],[91.8211,26.86273],[91.80561,26.85106],[91.77855,26.83778],[91.76274,26.82846],[91.73059,26.8116],[91.70788,26.81092],[91.72141,26.75311],[91.72643,26.74268],[91.73697,26.72932],[91.73607,26.71219],[91.74347,26.69862],[91.74171,26.69227],[91.74591,26.68686],[91.74623,26.67863],[91.74383,26.66871],[91.7382,26.66815],[91.73593,26.65766],[91.74815,26.64629],[91.74135,26.64056],[91.7508,26.63635],[91.746,26.63066],[91.74861,26.62712],[91.74282,26.61569],[91.74626,26.6107],[91.74266,26.60114],[91.75221,26.60401],[91.74984,26.59506],[91.74587,26.58994],[91.75053,26.5859],[91.75151,26.57877],[91.76119,26.57633],[91.7684,26.56818],[91.76821,26.56456],[91.77511,26.55238],[91.78174,26.54792],[91.78251,26.54003],[91.78674,26.53658],[91.77997,26.52834],[91.78014,26.52286],[91.7864,26.51973],[91.78282,26.51132],[91.7891,26.49942]]]},"properties":{"name":"Udalguri","id":26}}
]}