{"type":"FeatureCollection","features":[{"type":"Feature","geometry":{"type":"Polygon","coordinates":[[[78.85,19.76],[78.402,19.837],[78.315,19.913],[78.314,19.457],[78.188,19.243],[77.953,19.342],[77.765,19.063],[77.948,18.844],[78.238,19.004],[78.534,18.944],[78.976,19.073],[79.191,18.876],[79.389,18.871],[79.656,18.731],[79.901,18.835],[79.865,19.107],[79.98,19.404],[79.792,19.596],[79.477,19.5],[79.261,19.613],[79.024,19.542],[78.85,19.76]]]},"properties":{"name":"Adilabad","id":0}},{"type":"Feature","geometry":{"type":"Polygon","coordinates":[[[78.198,27.403],[77.951,27.283],[77.648,27.241],[77.456,26.741],[77.724,26.876],[78.218,26.83],[78.544,26.766],[78.779,26.758],[78.749,26.914],[78.227,27.076],[78.286,27.313],[78.198,27.403]]]},"properties":{"name":"Agra","id":1}},{"type":"Feature","geometry":{"type":"Polygon","coordinates":[[[72.336,23.107],[72,23.504],[71.874,23.383],[71.901,23.11],[72.02,22.992],[72.031,22.506],[71.607,22.338],[71.758,22.133],[72.06,22.105],[72.227,21.989],[72.229,21.993],[72.23,22.003],[72.26,21.973],[72.295,22.027],[72.357,22.148],[72.36,22.261],[72.36,22.268],[72.373,22.315],[72.394,22.345],[72.397,22.358],[72.385,22.371],[72.376,22.373],[72.362,22.375],[72.508,22.615],[72.507,22.619],[72.524,22.798],[72.841,22.993],[72.765,23.093],[72.339,23.106],[72.336,23.107]]]},"properties":{"name":"Ahmadabad","id":2}},{"type":"Feature","geometry":{"type":"Polygon","coordinates":[[[74.673,19.947],[74.32,19.985],[74.319,19.767],[74.121,19.644],[73.916,19.682],[73.62,19.587],[73.782,19.386],[74,19.358],[74.175,19.042],[74.386,18.808],[74.58,18.473],[74.834,18.339],[75.314,18.519],[75.587,18.697],[75.398,18.831],[75.159,18.65],[74.828,18.938],[74.942,19.126],[75.209,19.034],[75.41,19.079],[75.479,19.421],[75.194,19.593],[74.853,19.648],[74.673,19.947]]]},"properties":{"name":"Ahmadnagar","id":3}},{"type":"Feature","geometry":{"type":"Polygon","coordinates":[[[93,24.4],[92.896,24.391],[92.847,24.027],[92.627,23.954],[92.673,23.383],[92.689,23.328],[92.881,23.519],[93.045,23.411],[93.044,23.766],[93.207,24.048],[92.985,24.126],[93,24.4]]]},"properties":{"name":"Aizawl","id":4}},{"type":"Feature","geometry":{"type":"Polygon","coordinates":[[[74.977,26.89],[74.722,26.676],[74.291,26.449],[74.288,26.121],[74.117,25.866],[74.184,25.848],[74.197,25.854],[74.258,25.867],[74.268,25.871],[74.389,25.962],[74.905,25.881],[75.109,25.693],[75.319,25.764],[75.355,26.019],[75.113,26.285],[75.17,26.462],[74.941,26.75],[74.977,26.89]]]},"properties":{"name":"Ajmer","id":5}},{"type":"Feature","geometry":{"type":"Polygon","coordinates":[[[77.616,20.76],[77.529,20.848],[77.134,20.863],[77.165,21.237],[76.784,21.189],[76.7,20.353],[76.822,20.28],[77.055,20.448],[77.349,20.465],[77.616,20.76]]]},"properties":{"name":"Akola","id":6}},{"type":"Feature","geometry":{"type":"Polygon","coordinates":[[[76.373,9.836],[76.28,9.789],[76.337,9.422],[76.487,9.085],[76.656,9.149],[76.516,9.4],[76.395,9.563],[76.373,9.836]]]},"properties":{"name":"Alappuzha","id":7}},{"type":"Feature","geometry":{"type":"Polygon","coordinates":[[[78.486,28.124],[78.144,28.071],[77.676,28.103],[77.674,28.108],[77.479,28.078],[77.528,27.926],[77.715,27.943],[77.898,27.584],[78.015,27.752],[78.26,27.677],[78.479,27.808],[78.621,28.039],[78.486,28.124]]]},"properties":{"name":"Aligarh","id":8}},{"type":"Feature","geometry":{"type":"Polygon","coordinates":[[[74.378,22.636],[74.063,22.549],[74.142,21.952],[74.432,22.029],[74.503,22.044],[74.743,22.558],[74.378,22.636]]]},"properties":{"name":"Alirajpur","id":9}},{"type":"Feature","geometry":{"type":"Polygon","coordinates":[[[82.027,25.709],[81.806,25.749],[81.649,25.579],[81.802,25.469],[81.819,25.409],[81.762,25.342],[81.636,25.351],[81.615,25.339],[81.599,25.323],[81.593,25.32],[81.552,25.293],[81.55,25.29],[81.549,25.287],[81.564,25.239],[81.526,25.235],[81.522,25.222],[81.521,25.194],[81.527,25.194],[81.546,25.189],[81.548,25.184],[81.567,25.186],[81.575,25.192],[81.596,25.18],[81.628,25.152],[81.601,25.133],[81.599,25.12],[81.655,25.072],[81.91,24.98],[82.073,24.821],[82.169,24.891],[82.305,25.019],[82.327,25.076],[82.269,25.182],[82.205,25.19],[82.222,25.276],[82.302,25.308],[82.319,25.343],[82.308,25.369],[82.316,25.374],[82.313,25.386],[82.318,25.397],[82.311,25.461],[82.305,25.495],[82.318,25.521],[82.329,25.498],[82.339,25.512],[82.329,25.525],[82.327,25.53],[82.327,25.533],[82.329,25.534],[82.33,25.536],[82.331,25.537],[82.326,25.543],[82.229,25.588],[82.215,25.588],[82.183,25.581],[82.027,25.709]]]},"properties":{"name":"Allahabad","id":10}},{"type":"Feature","geometry":{"type":"Polygon","coordinates":[[[79.896,29.702],[79.748,29.69],[79.47,29.983],[79.228,29.978],[79.083,29.885],[79.037,29.585],[79.223,29.521],[79.664,29.54],[79.852,29.434],[80.072,29.521],[79.896,29.702]]]},"properties":{"name":"Almora","id":11}},{"type":"Feature","geometry":{"type":"Polygon","coordinates":[[[76.863,28.22],[76.547,28.034],[76.316,28.179],[76.185,28.055],[76.231,27.836],[76.234,27.418],[76.125,27.238],[76.288,27.087],[76.965,27.146],[77.141,27.346],[76.979,27.652],[76.897,27.714],[76.971,28.139],[76.863,28.22]]]},"properties":{"name":"Alwar","id":12}},{"type":"Feature","geometry":{"type":"Polygon","coordinates":[[[77.125,30.563],[76.955,30.473],[76.942,30.48],[76.94,30.491],[76.936,30.497],[76.93,30.5],[76.929,30.495],[76.77,30.434],[76.64,30.151],[76.808,30.212],[77.065,30.122],[77.068,30.127],[77.213,30.496],[77.213,30.502],[77.125,30.563]]]},"properties":{"name":"Ambala","id":13}},{"type":"Feature","geometry":{"type":"Polygon","coordinates":[[[82.882,26.54],[82.479,26.652],[82.221,26.407],[82.68,26.255],[82.885,26.383],[83.135,26.385],[83.071,26.408],[82.882,26.54]]]},"properties":{"name":"Ambedkar Nagar","id":14}},{"type":"Feature","geometry":{"type":"Polygon","coordinates":[[[78.342,21.589],[77.903,21.377],[77.674,21.371],[77.5,21.747],[77.065,21.713],[77.037,21.698],[77.021,21.688],[76.782,21.56],[76.663,21.28],[76.784,21.189],[77.165,21.237],[77.134,20.863],[77.529,20.848],[77.616,20.76],[77.653,20.564],[77.971,20.587],[78.28,20.696],[78.146,20.952],[78.251,21.329],[78.435,21.5],[78.342,21.589]]]},"properties":{"name":"Amravati","id":15}},{"type":"Feature","geometry":{"type":"MultiPolygon","coordinates":[[[[71.392,21.978],[71.059,21.903],[71.047,21.756],[70.793,21.665],[70.891,21.269],[71.198,20.977],[71.208,20.8],[71.679,20.997],[71.521,21.174],[71.597,21.726],[71.392,21.978]]],[[[70.858,20.754],[70.64,20.767],[70.822,20.692],[70.869,20.706],[70.873,20.723],[70.858,20.742],[70.858,20.747],[70.862,20.75],[70.862,20.753],[70.861,20.753],[70.858,20.754]]]]},"properties":{"name":"Amreli","id":16}},{"type":"Feature","geometry":{"type":"Polygon","coordinates":[[[74.912,32.051],[74.486,31.722],[74.613,31.498],[74.739,31.565],[74.988,31.512],[75.057,31.543],[75.124,31.495],[75.163,31.512],[75.23,31.491],[75.252,31.502],[75.258,31.495],[75.264,31.494],[75.272,31.489],[75.28,31.483],[75.405,31.594],[74.902,31.934],[74.912,32.051]]]},"properties":{"name":"Amritsar","id":17}},{"type":"Feature","geometry":{"type":"Polygon","coordinates":[[[73.23,22.634],[73.005,22.715],[72.874,22.581],[72.69,22.626],[72.574,22.507],[72.555,22.566],[72.534,22.569],[72.534,22.585],[72.513,22.612],[72.508,22.615],[72.362,22.375],[72.394,22.382],[72.412,22.358],[72.471,22.243],[72.855,22.272],[72.91,22.261],[72.915,22.278],[73.23,22.634]]]},"properties":{"name":"Anand","id":18}},{"type":"Feature","geometry":{"type":"Polygon","coordinates":[[[78.144,14.945],[77.965,15.103],[77.662,15.232],[77.158,15.137],[77.114,15.034],[76.761,14.988],[76.765,14.602],[77.01,14.238],[77.287,14.338],[77.39,14.014],[77.141,14.005],[77.025,14.179],[76.952,14.092],[77.042,13.932],[77.432,13.834],[77.457,13.683],[77.92,13.905],[78.127,13.786],[78.466,13.994],[78.426,14.279],[77.997,14.501],[78.117,14.694],[78.144,14.945]]]},"properties":{"name":"Anantapur","id":19}},{"type":"Feature","geometry":{"type":"Polygon","coordinates":[[[75.631,34.223],[75.194,34.19],[75.149,34.084],[75.055,33.827],[75.153,33.579],[75.417,33.358],[75.5,33.399],[75.574,33.519],[75.506,33.966],[75.707,34.216],[75.631,34.223]]]},"properties":{"name":"Anantnag","id":20}},{"type":"Feature","geometry":{"type":"Polygon","coordinates":[[[96.9,27.615],[97.256,27.9],[97.375,28.217],[96.998,28.309],[96.666,28.46],[96.317,28.383],[96.308,28.374],[96.277,28.091],[96.638,27.803],[96.704,27.66],[96.9,27.615]]]},"properties":{"name":"Anjaw","id":21}},{"type":"Feature","geometry":{"type":"Polygon","coordinates":[[[85.395,21.185],[85.334,21.482],[85.194,21.663],[85.151,21.594],[85.023,21.456],[84.923,21.142],[84.745,21.171],[84.283,20.927],[84.268,20.889],[84.357,20.782],[84.794,20.581],[84.852,20.528],[85.13,20.615],[85.256,20.799],[85.233,21.071],[85.395,21.185]]]},"properties":{"name":"Anugul","id":22}},{"type":"Feature","geometry":{"type":"Polygon","coordinates":[[[81.203,23.279],[81.193,23.29],[81.139,23.242],[81.138,23.235],[81.125,23.216],[81.204,22.909],[81.73,22.676],[81.777,22.873],[82.123,23.103],[82.195,23.321],[81.983,23.414],[81.981,23.416],[81.758,23.214],[81.442,23.057],[81.257,23.209],[81.203,23.279]]]},"properties":{"name":"Anuppur","id":23}},{"type":"Feature","geometry":{"type":"Polygon","coordinates":[[[87.648,26.393],[87.158,26.406],[87.038,26.561],[87.093,26.055],[87.082,25.96],[87.561,25.986],[87.678,26.111],[87.648,26.393]]]},"properties":{"name":"Araria","id":24}},{"type":"Feature","geometry":{"type":"Polygon","coordinates":[[[79.435,11.34],[79.259,11.388],[79.258,11.388],[79.17,11.377],[79.009,11.057],[79.007,10.889],[79.222,10.943],[79.461,11.154],[79.496,11.248],[79.498,11.257],[79.437,11.34],[79.435,11.34]]]},"properties":{"name":"Ariyalur","id":25}},{"type":"Feature","geometry":{"type":"Polygon","coordinates":[[[78.172,24.843],[78.164,24.839],[78.112,24.835],[78.09,24.847],[78.08,24.846],[78.049,24.856],[78.031,24.837],[78.008,24.961],[77.906,24.999],[77.885,25.006],[77.874,24.999],[77.871,24.997],[77.826,25],[77.822,24.978],[77.77,24.899],[77.755,24.895],[77.748,24.867],[77.563,24.871],[77.476,24.433],[77.649,24.315],[78.072,24.256],[78.267,24.449],[78.172,24.843]]]},"properties":{"name":"Ashoknagar","id":26}},{"type":"Feature","geometry":{"type":"Polygon","coordinates":[[[79.759,26.783],[79.337,26.938],[79.233,26.428],[79.504,26.364],[79.759,26.783]]]},"properties":{"name":"Auraiya","id":27}},{"type":"Feature","geometry":{"type":"Polygon","coordinates":[[[84.329,24.489],[84.547,24.527],[84.723,24.701],[84.735,25.045],[84.739,25.053],[84.739,25.057],[84.741,25.067],[84.448,25.128],[84,24.637],[84.329,24.489]]]},"properties":{"name":"Aurangabad","id":28}},{"type":"Feature","geometry":{"type":"Polygon","coordinates":[[[75.89,20.563],[75.559,20.613],[75.255,20.57],[74.935,20.27],[74.715,20.135],[74.673,19.947],[74.853,19.648],[75.194,19.593],[75.479,19.421],[75.61,19.381],[75.656,19.554],[75.649,20.191],[75.89,20.563]]]},"properties":{"name":"Aurangabad","id":29}},{"type":"Feature","geometry":{"type":"Polygon","coordinates":[[[83.135,26.385],[82.885,26.383],[82.68,26.255],[82.682,26.151],[82.787,25.825],[83.067,25.651],[83.346,25.814],[83.327,26.022],[83.508,26.277],[83.135,26.385]]]},"properties":{"name":"Azamgarh","id":30}},{"type":"Feature","geometry":{"type":"Polygon","coordinates":[[[74.823,34.049],[74.536,33.991],[74.413,33.857],[74.514,33.663],[74.555,33.692],[74.78,33.804],[74.929,33.979],[74.823,34.049]]]},"properties":{"name":"Badgam","id":31}},{"type":"Feature","geometry":{"type":"Polygon","coordinates":[[[76.241,16.165],[75.487,16.509],[75.388,16.762],[75.108,16.509],[75.034,16.337],[75.416,16.109],[75.455,15.886],[75.846,15.838],[76.086,15.992],[76.286,15.901],[76.241,16.165]]]},"properties":{"name":"Bagalkot","id":32}},{"type":"Feature","geometry":{"type":"Polygon","coordinates":[[[79.896,29.702],[80.119,30.224],[79.994,30.314],[79.47,29.983],[79.748,29.69],[79.896,29.702]]]},"properties":{"name":"Bageshwar","id":33}},{"type":"Feature","geometry":{"type":"Polygon","coordinates":[[[77.507,29.19],[77.153,29.296],[77.143,29.167],[77.197,28.862],[77.228,28.83],[77.413,28.782],[77.413,28.791],[77.462,28.92],[77.507,29.19]]]},"properties":{"name":"Baghpat","id":34}},{"type":"Feature","geometry":{"type":"Polygon","coordinates":[[[81.75,27.948],[81.058,28.404],[81.038,28.294],[81.28,27.943],[81.303,27.681],[81.412,27.337],[81.507,27.059],[81.731,27.33],[81.626,27.848],[81.75,27.948]]]},"properties":{"name":"Bahraich","id":35}},{"type":"Feature","geometry":{"type":"Polygon","coordinates":[[[91.783,26.494],[91.785,26.496],[91.789,26.499],[91.708,26.811],[90.959,26.783],[90.824,26.56],[90.832,26.556],[90.855,26.525],[90.854,26.523],[90.857,26.522],[90.86,26.521],[90.862,26.52],[90.876,26.525],[90.867,26.544],[90.869,26.569],[90.906,26.588],[90.939,26.539],[91.048,26.559],[91.098,26.518],[91.239,26.619],[91.293,26.509],[91.293,26.504],[91.564,26.575],[91.571,26.572],[91.783,26.494]]]},"properties":{"name":"Baksa","id":36}},{"type":"Feature","geometry":{"type":"Polygon","coordinates":[[[81.048,22.24],[80.923,22.335],[80.711,22.205],[80.1,22.34],[79.924,21.971],[79.512,21.589],[79.543,21.543],[79.922,21.524],[80.195,21.634],[80.455,21.403],[80.663,21.331],[80.714,21.672],[80.845,21.83],[80.924,22.121],[81.048,22.24]]]},"properties":{"name":"Balaghat","id":37}},{"type":"Feature","geometry":{"type":"Polygon","coordinates":[[[83.459,21.055],[82.703,20.726],[82.687,20.45],[82.825,20.166],[83.146,20.17],[83.491,20.416],[83.625,20.351],[83.63,20.369],[83.656,20.37],[83.649,20.386],[83.65,20.388],[83.653,20.389],[83.654,20.39],[83.66,20.404],[83.658,20.413],[83.663,20.418],[83.666,20.42],[83.666,20.423],[83.659,20.426],[83.658,20.432],[83.622,20.449],[83.585,20.486],[83.606,20.53],[83.678,20.742],[83.626,20.985],[83.459,21.055]]]},"properties":{"name":"Balangir","id":38}},{"type":"Feature","geometry":{"type":"Polygon","coordinates":[[[87.444,21.769],[87.099,21.865],[87,21.594],[86.688,21.594],[86.362,21.3],[86.371,21.239],[86.464,21.159],[86.861,21.209],[87.15,21.508],[87.49,21.603],[87.444,21.769]]]},"properties":{"name":"Baleshwar","id":39}},{"type":"Feature","geometry":{"type":"Polygon","coordinates":[[[84.058,26.097],[83.811,26.191],[83.733,25.856],[83.955,25.748],[83.929,25.56],[84.39,25.733],[84.402,25.727],[84.604,25.738],[84.459,25.888],[84.058,26.097]]]},"properties":{"name":"Ballia","id":40}},{"type":"Feature","geometry":{"type":"Polygon","coordinates":[[[82.741,27.502],[82.691,27.716],[82.459,27.676],[82.209,27.844],[82.036,27.57],[82.077,27.411],[82.279,27.275],[82.339,27.054],[82.48,27.156],[82.44,27.173],[82.484,27.204],[82.514,27.218],[82.481,27.321],[82.741,27.502]]]},"properties":{"name":"Balrampur","id":41}},{"type":"Feature","geometry":{"type":"Polygon","coordinates":[[[72.268,24.624],[71.48,24.678],[71.289,24.613],[71.316,23.982],[71.972,23.892],[72.231,24.065],[72.478,23.93],[72.623,24.041],[72.865,24.016],[72.961,24.351],[72.728,24.362],[72.335,24.625],[72.294,24.618],[72.268,24.624]]]},"properties":{"name":"Banas Kantha","id":42}},{"type":"Feature","geometry":{"type":"Polygon","coordinates":[[[81.022,25.544],[80.35,25.899],[80.347,25.717],[80.121,25.407],[80.104,25.347],[80.317,25.387],[80.356,25.126],[80.29,25.056],[80.275,25.026],[80.481,24.976],[80.723,25.064],[80.78,25.33],[81.022,25.544]]]},"properties":{"name":"Banda","id":43}},{"type":"Feature","geometry":{"type":"Polygon","coordinates":[[[75.392,34.543],[75.083,34.5],[74.604,34.869],[74.55,34.549],[74.366,34.354],[74.714,34.347],[74.753,34.339],[74.953,34.455],[75.358,34.352],[75.392,34.543]]]},"properties":{"name":"Bandipore","id":44}},{"type":"Feature","geometry":{"type":"Polygon","coordinates":[[[77.387,13.5],[77.205,13.184],[77.331,12.973],[77.48,13.221],[77.729,13.188],[77.835,12.868],[77.869,12.867],[77.926,13.238],[77.387,13.5]]]},"properties":{"name":"Bangalore Rural","id":45}},{"type":"Feature","geometry":{"type":"Polygon","coordinates":[[[77.835,12.868],[77.729,13.188],[77.48,13.221],[77.331,12.973],[77.599,12.657],[77.835,12.868]]]},"properties":{"name":"Bangalore","id":46}},{"type":"Feature","geometry":{"type":"Polygon","coordinates":[[[87.174,25.049],[86.693,25.113],[86.503,24.979],[86.616,24.608],[86.917,24.54],[87.05,24.625],[87.174,25.049]]]},"properties":{"name":"Banka","id":47}},{"type":"Feature","geometry":{"type":"Polygon","coordinates":[[[87.714,23.011],[87.447,23.405],[86.899,23.64],[86.784,23.342],[86.705,22.872],[86.612,22.799],[86.927,22.627],[87.054,22.824],[87.36,22.952],[87.525,22.93],[87.714,23.011]]]},"properties":{"name":"Bankura","id":48}},{"type":"Feature","geometry":{"type":"Polygon","coordinates":[[[74.773,23.54],[74.551,23.826],[74.384,23.906],[74.154,23.787],[73.959,23.38],[74.001,23.334],[74.021,23.331],[74.32,23.06],[74.74,23.227],[74.532,23.32],[74.773,23.54]]]},"properties":{"name":"Banswara","id":49}},{"type":"Feature","geometry":{"type":"Polygon","coordinates":[[[81.719,26.92],[81.718,26.92],[81.507,27.059],[81.412,27.337],[80.929,27.159],[81.219,26.706],[81.166,26.593],[81.542,26.521],[81.564,26.628],[81.561,26.641],[81.549,26.64],[81.545,26.642],[81.55,26.665],[81.581,26.682],[81.585,26.766],[81.616,26.869],[81.703,26.88],[81.718,26.902],[81.72,26.91],[81.719,26.92]]]},"properties":{"name":"Bara Banki","id":50}},{"type":"Feature","geometry":{"type":"Polygon","coordinates":[[[83.8,21.566],[83.49,21.643],[83.277,21.378],[83.2,21.143],[82.639,21.09],[82.703,20.726],[83.459,21.055],[83.896,21.178],[83.8,21.566]]]},"properties":{"name":"Bargarh","id":51}},{"type":"Feature","geometry":{"type":"Polygon","coordinates":[[[74.714,34.347],[74.366,34.354],[74.02,34.285],[74.315,34.203],[74.32,33.956],[74.413,33.857],[74.536,33.991],[74.823,34.049],[74.714,34.347]]]},"properties":{"name":"Baramula","id":52}},{"type":"Feature","geometry":{"type":"Polygon","coordinates":[[[76.859,25.325],[76.775,25.307],[76.607,25.384],[76.579,25.432],[76.331,25.374],[76.218,25.084],[76.443,24.783],[76.636,24.414],[76.845,24.438],[77.055,24.522],[76.874,25.006],[77.308,25.079],[77.412,25.221],[76.859,25.325]]]},"properties":{"name":"Baran","id":53}},{"type":"Feature","geometry":{"type":"Polygon","coordinates":[[[88.198,23.765],[87.966,23.803],[87.908,23.54],[87.09,23.807],[86.798,23.833],[86.801,23.695],[86.899,23.64],[87.447,23.405],[87.714,23.011],[88.013,22.963],[88.171,23.15],[88.42,23.212],[88.392,23.497],[88.198,23.765]]]},"properties":{"name":"Barddhaman","id":54}},{"type":"Feature","geometry":{"type":"Polygon","coordinates":[[[79.643,28.853],[79.407,28.879],[79.222,28.572],[79,28.385],[79.118,28.204],[79.498,28.02],[79.685,28.263],[79.744,28.466],[79.6,28.616],[79.643,28.853]]]},"properties":{"name":"Bareilly","id":55}},{"type":"Feature","geometry":{"type":"Polygon","coordinates":[[[72.073,26.349],[71.895,26.3],[71.578,26.508],[71.222,26.447],[70.954,26.249],[70.367,26.148],[70.136,26.153],[70.099,25.935],[70.276,25.709],[70.673,25.669],[70.665,25.398],[70.886,25.151],[71.098,24.687],[71.188,24.648],[71.474,24.999],[71.793,25.084],[72.033,25.476],[72.317,25.387],[72.778,25.802],[72.834,25.863],[72.688,26.186],[72.492,26.299],[72.255,26.21],[72.073,26.349]]]},"properties":{"name":"Barmer","id":56}},{"type":"Feature","geometry":{"type":"Polygon","coordinates":[[[75.656,30.635],[75.655,30.634],[75.408,30.582],[75.293,30.51],[75.372,30.2],[75.566,30.148],[75.579,30.143],[75.663,30.301],[75.657,30.544],[75.686,30.608],[75.665,30.613],[75.668,30.623],[75.662,30.631],[75.656,30.635]]]},"properties":{"name":"Barnala","id":57}},{"type":"Feature","geometry":{"type":"Polygon","coordinates":[[[91.293,26.509],[91.239,26.619],[91.098,26.518],[91.048,26.559],[90.939,26.539],[90.906,26.588],[90.869,26.569],[90.867,26.544],[90.876,26.525],[90.862,26.52],[90.86,26.521],[90.857,26.522],[90.854,26.523],[90.853,26.522],[90.656,26.241],[90.939,26.094],[91.237,26.182],[91.281,26.354],[91.241,26.455],[91.269,26.487],[91.29,26.502],[91.291,26.507],[91.292,26.508],[91.293,26.508],[91.293,26.509]]]},"properties":{"name":"Barpeta","id":58}},{"type":"Feature","geometry":{"type":"Polygon","coordinates":[[[75.619,21.391],[75.44,21.676],[75.264,21.745],[75.319,22.134],[74.503,22.044],[74.432,22.029],[74.509,21.722],[74.772,21.614],[75.056,21.563],[75.206,21.414],[75.619,21.391]]]},"properties":{"name":"Barwani","id":59}},{"type":"Feature","geometry":{"type":"Polygon","coordinates":[[[81.356,19.325],[81.358,19.323],[81.502,19.204],[81.479,18.942],[81.662,18.798],[81.969,18.693],[82.093,18.739],[82.248,18.917],[82.169,19.214],[82.054,19.544],[82.06,19.796],[81.881,20.05],[81.817,20.169],[81.589,20.194],[81.293,20.017],[81.392,19.834],[81.394,19.833],[81.372,19.803],[81.379,19.725],[81.483,19.661],[81.356,19.325]]]},"properties":{"name":"Bastar","id":60}},{"type":"Feature","geometry":{"type":"Polygon","coordinates":[[[82.905,27.021],[82.568,27.075],[82.487,26.905],[82.225,26.807],[82.479,26.652],[82.882,26.54],[82.98,26.731],[82.905,27.021]]]},"properties":{"name":"Basti","id":61}},{"type":"Feature","geometry":{"type":"Polygon","coordinates":[[[75.293,30.51],[75.008,30.488],[74.822,30.393],[74.726,30.308],[74.707,29.97],[75.189,29.835],[75.372,30.2],[75.293,30.51]]]},"properties":{"name":"Bathinda","id":62}},{"type":"Feature","geometry":{"type":"Polygon","coordinates":[[[84.268,20.889],[83.852,20.823],[83.606,20.53],[83.585,20.486],[83.622,20.449],[83.658,20.432],[83.659,20.426],[83.666,20.423],[83.67,20.425],[83.675,20.429],[83.68,20.429],[83.686,20.42],[83.69,20.416],[83.695,20.416],[83.71,20.425],[83.715,20.43],[83.722,20.435],[83.729,20.433],[83.736,20.426],[83.746,20.422],[83.751,20.424],[83.751,20.428],[83.755,20.428],[83.761,20.425],[83.77,20.414],[83.779,20.412],[83.783,20.413],[83.81,20.432],[83.806,20.511],[83.843,20.544],[83.858,20.572],[83.873,20.579],[83.881,20.58],[83.895,20.58],[83.912,20.578],[83.915,20.58],[83.913,20.587],[83.916,20.599],[83.92,20.606],[83.918,20.609],[83.918,20.614],[83.917,20.616],[83.92,20.617],[83.928,20.607],[83.938,20.603],[83.934,20.589],[83.943,20.583],[83.95,20.581],[83.973,20.586],[83.979,20.585],[83.986,20.581],[83.996,20.572],[84.007,20.57],[84.014,20.571],[84.016,20.571],[84.033,20.58],[84.036,20.585],[84.045,20.59],[84.056,20.596],[84.074,20.598],[84.085,20.592],[84.097,20.598],[84.104,20.599],[84.118,20.588],[84.256,20.605],[84.513,20.398],[84.794,20.581],[84.357,20.782],[84.268,20.889]]]},"properties":{"name":"Bauda","id":63}},{"type":"Feature","geometry":{"type":"Polygon","coordinates":[[[86.293,25.64],[86.152,25.765],[85.736,25.527],[86.064,25.334],[86.299,25.297],[86.509,25.428],[86.293,25.64]]]},"properties":{"name":"Begusarai","id":64}},{"type":"Feature","geometry":{"type":"Polygon","coordinates":[[[75.343,16.954],[75.227,16.843],[75,16.947],[74.912,16.787],[74.693,16.717],[74.27,16.522],[74.342,16.293],[74.503,16.225],[74.345,15.766],[74.211,15.781],[74.119,15.652],[74.277,15.522],[74.614,15.359],[74.743,15.411],[74.842,15.607],[75.279,15.689],[75.455,15.886],[75.416,16.109],[75.034,16.337],[75.108,16.509],[75.388,16.762],[75.343,16.954]]]},"properties":{"name":"Belgaum","id":65}},{"type":"Feature","geometry":{"type":"Polygon","coordinates":[[[77.158,15.137],[77.042,15.364],[77.028,15.834],[76.814,15.547],[76.249,15.191],[75.95,15.137],[75.702,14.948],[75.757,14.738],[76.052,14.918],[76.508,14.564],[76.761,14.988],[77.114,15.034],[77.158,15.137]]]},"properties":{"name":"Bellary","id":66}},{"type":"Feature","geometry":{"type":"Polygon","coordinates":[[[78.342,21.589],[78.52,21.93],[78.28,22.089],[78.273,22.402],[78.036,22.33],[77.544,22.355],[77.356,22.249],[77.455,22.085],[77.219,21.905],[77.065,21.713],[77.5,21.747],[77.674,21.371],[77.903,21.377],[78.342,21.589]]]},"properties":{"name":"Betul","id":67}},{"type":"Feature","geometry":{"type":"Polygon","coordinates":[[[86.861,21.209],[86.464,21.159],[86.371,21.239],[86.29,21.018],[86.359,20.853],[86.625,20.797],[86.798,20.739],[86.979,20.86],[86.861,21.209]]]},"properties":{"name":"Bhadrak","id":68}},{"type":"Feature","geometry":{"type":"Polygon","coordinates":[[[87.232,25.451],[87.103,25.514],[86.824,25.444],[86.731,25.254],[86.693,25.113],[87.174,25.049],[87.478,25.195],[87.479,25.241],[87.544,25.297],[87.553,25.331],[87.544,25.331],[87.517,25.352],[87.504,25.35],[87.489,25.367],[87.457,25.359],[87.34,25.415],[87.278,25.37],[87.232,25.451]]]},"properties":{"name":"Bhagalpur","id":69}},{"type":"Feature","geometry":{"type":"Polygon","coordinates":[[[79.922,21.524],[79.543,21.543],[79.514,21.121],[79.66,20.969],[79.509,20.704],[79.933,20.667],[79.965,20.69],[79.865,20.876],[80.087,21.048],[79.848,21.245],[79.922,21.524]]]},"properties":{"name":"Bhandara","id":70}},{"type":"Feature","geometry":{"type":"Polygon","coordinates":[[[77.285,27.801],[77.047,27.815],[76.979,27.652],[77.141,27.346],[76.965,27.146],[77.018,26.928],[77.063,26.889],[77.078,26.859],[77.1,26.862],[77.349,26.711],[77.456,26.741],[77.648,27.241],[77.349,27.519],[77.285,27.801]]]},"properties":{"name":"Bharatpur","id":71}},{"type":"Feature","geometry":{"type":"Polygon","coordinates":[[[72.658,21.471],[72.687,21.447],[72.91,21.43],[73.451,21.523],[73.3,21.889],[73.21,21.82],[72.907,22.067],[72.865,22.226],[72.547,22.15],[72.518,21.706],[72.658,21.471]]]},"properties":{"name":"Bharuch","id":72}},{"type":"Feature","geometry":{"type":"Polygon","coordinates":[[[71.607,22.338],[71.433,22.261],[71.392,21.978],[71.597,21.726],[71.521,21.174],[71.679,20.997],[72.048,21.161],[72.306,21.627],[72.227,21.989],[72.06,22.105],[71.758,22.133],[71.607,22.338]]]},"properties":{"name":"Bhavnagar","id":73}},{"type":"Feature","geometry":{"type":"Polygon","coordinates":[[[75.319,25.764],[75.109,25.693],[74.905,25.881],[74.389,25.962],[74.268,25.871],[74.258,25.867],[74.197,25.854],[74.184,25.848],[74.022,25.432],[74.08,25.149],[74.259,25.065],[74.415,25.202],[74.869,25.177],[75.197,25.034],[75.353,25.021],[75.453,25.026],[75.441,25.275],[75.308,25.42],[75.464,25.718],[75.319,25.764]]]},"properties":{"name":"Bhilwara","id":74}},{"type":"Feature","geometry":{"type":"Polygon","coordinates":[[[78.779,26.758],[78.544,26.766],[78.264,26.338],[78.629,26.157],[78.775,26.015],[78.884,25.91],[78.935,25.95],[79.135,26.439],[78.993,26.68],[78.779,26.758]]]},"properties":{"name":"Bhind","id":75}},{"type":"Feature","geometry":{"type":"Polygon","coordinates":[[[76.22,28.981],[75.987,29.078],[75.832,28.913],[75.525,28.979],[75.478,28.935],[75.672,28.517],[75.898,28.39],[75.904,28.4],[75.9,28.417],[75.906,28.43],[76,28.44],[76.079,28.394],[76.187,28.443],[76.196,28.442],[76.22,28.467],[76.259,28.436],[76.275,28.448],[76.277,28.448],[76.292,28.449],[76.409,28.666],[76.407,28.682],[76.406,28.681],[76.22,28.981]]]},"properties":{"name":"Bhiwani","id":76}},{"type":"Feature","geometry":{"type":"Polygon","coordinates":[[[84.275,25.36],[84.279,25.353],[84.466,25.161],[84.705,25.315],[84.854,25.695],[84.604,25.738],[84.402,25.727],[84.39,25.733],[84.376,25.717],[84.364,25.699],[84.362,25.684],[84.329,25.655],[84.363,25.472],[84.323,25.432],[84.295,25.389],[84.285,25.362],[84.275,25.36]]]},"properties":{"name":"Bhojpur","id":77}},{"type":"Feature","geometry":{"type":"Polygon","coordinates":[[[77.319,23.894],[77.228,23.896],[77.17,23.687],[77.298,23.432],[77.183,23.311],[77.383,23.089],[77.568,23.145],[77.626,23.329],[77.522,23.518],[77.651,23.698],[77.319,23.894]]]},"properties":{"name":"Bhopal","id":78}},{"type":"Feature","geometry":{"type":"Polygon","coordinates":[[[75.61,19.381],[75.479,19.421],[75.41,19.079],[75.209,19.034],[74.942,19.126],[74.828,18.938],[75.159,18.65],[75.398,18.831],[75.587,18.697],[76.277,18.557],[76.609,18.455],[76.727,18.749],[76.479,18.956],[76.365,19.234],[76.209,19.278],[75.922,19.374],[75.61,19.381]]]},"properties":{"name":"Bid","id":79}},{"type":"Feature","geometry":{"type":"Polygon","coordinates":[[[77.554,18.293],[77.267,18.42],[77.209,18.279],[76.742,17.9],[76.692,17.682],[77.444,17.584],[77.61,18.02],[77.603,18.275],[77.554,18.293]]]},"properties":{"name":"Bidar","id":80}},{"type":"Feature","geometry":{"type":"Polygon","coordinates":[[[80.834,19.352],[80.396,19.247],[80.275,18.991],[80.275,18.722],[80.344,18.595],[80.389,18.598],[80.496,18.632],[80.731,18.374],[80.731,18.367],[80.982,18.174],[80.982,18.165],[81.09,18.217],[81.234,18.967],[81.206,19.188],[81.146,19.183],[81.128,19.213],[81.132,19.247],[81.131,19.251],[81.128,19.257],[81.119,19.263],[81.03,19.232],[81.014,19.23],[80.994,19.227],[80.99,19.228],[80.834,19.352]]]},"properties":{"name":"Bijapur","id":81}},{"type":"Feature","geometry":{"type":"Polygon","coordinates":[[[76.073,17.334],[75.634,17.479],[75.604,17.305],[75.667,16.985],[75.343,16.954],[75.388,16.762],[75.487,16.509],[76.241,16.165],[76.329,16.191],[76.46,16.711],[76.43,17.099],[76.244,17.149],[76.073,17.334]]]},"properties":{"name":"Bijapur","id":82}},{"type":"Feature","geometry":{"type":"Polygon","coordinates":[[[78.908,29.45],[78.706,29.503],[78.344,29.79],[78,29.54],[78.137,29.253],[78.106,29.083],[78.525,29.07],[78.771,29.281],[78.841,29.362],[78.908,29.45]]]},"properties":{"name":"Bijnor","id":83}},{"type":"Feature","geometry":{"type":"Polygon","coordinates":[[[74.042,29.012],[73.345,29.006],[73.011,28.714],[72.648,28.903],[72.312,28.686],[72.205,28.39],[71.932,28.128],[71.898,27.963],[72.146,27.873],[72.284,27.549],[72.604,27.607],[73.163,27.295],[73.375,27.26],[73.54,27.494],[73.878,27.539],[73.869,27.779],[74.228,27.817],[74.299,28.146],[74.061,28.529],[74.161,28.777],[74.041,29.004],[74.042,29.012]]]},"properties":{"name":"Bikaner","id":84}},{"type":"Feature","geometry":{"type":"Polygon","coordinates":[[[82.123,23.103],[81.777,22.873],[81.73,22.676],[81.487,22.493],[81.551,22.27],[81.504,22.013],[81.506,22.008],[81.807,21.942],[81.943,21.815],[82.038,21.884],[82.44,21.738],[82.441,21.739],[82.383,21.763],[82.382,21.768],[82.37,21.81],[82.367,21.818],[82.364,21.824],[82.36,21.839],[82.329,21.868],[82.325,21.872],[82.456,22.176],[82.467,22.181],[82.46,22.196],[82.46,22.199],[82.462,22.213],[82.463,22.214],[82.46,22.216],[82.143,22.33],[82.154,22.739],[82.224,22.94],[82.123,23.103]]]},"properties":{"name":"Bilaspur","id":85}},{"type":"Feature","geometry":{"type":"Polygon","coordinates":[[[76.73,31.585],[76.459,31.486],[76.396,31.408],[76.649,31.21],[76.876,31.354],[76.73,31.585]]]},"properties":{"name":"Bilaspur","id":86}},{"type":"Feature","geometry":{"type":"Polygon","coordinates":[[[87.892,24.564],[87.647,24.251],[87.444,23.98],[87.238,24.026],[87.09,23.807],[87.908,23.54],[87.966,23.803],[87.855,23.886],[88.024,24.243],[87.892,24.564]]]},"properties":{"name":"Birbhum","id":87}},{"type":"Feature","geometry":{"type":"Polygon","coordinates":[[[93.876,24.552],[93.774,24.737],[93.725,24.592],[93.88,24.286],[93.876,24.552]]]},"properties":{"name":"Bishnupur","id":88}},{"type":"Feature","geometry":{"type":"Polygon","coordinates":[[[85.92,23.956],[85.647,23.933],[85.884,23.478],[86.358,23.466],[86.445,23.622],[86.214,23.709],[86.119,23.894],[85.92,23.956]]]},"properties":{"name":"Bokaro","id":89}},{"type":"Feature","geometry":{"type":"Polygon","coordinates":[[[90.854,26.523],[90.804,26.535],[90.723,26.481],[90.643,26.527],[90.552,26.434],[90.41,26.434],[90.41,26.433],[90.429,26.36],[90.436,26.354],[90.379,26.181],[90.656,26.241],[90.853,26.522],[90.854,26.523]]]},"properties":{"name":"Bongaigaon","id":90}},{"type":"Feature","geometry":{"type":"Polygon","coordinates":[[[78.92,28.479],[78.639,28.333],[78.415,28.463],[78.291,28.403],[78.486,28.124],[78.621,28.039],[79.209,27.707],[79.35,27.652],[79.498,28.02],[79.118,28.204],[79,28.385],[78.92,28.479]]]},"properties":{"name":"Budaun","id":91}},{"type":"Feature","geometry":{"type":"Polygon","coordinates":[[[78.209,28.615],[78.181,28.616],[78.169,28.617],[78.149,28.63],[78.128,28.622],[77.968,28.714],[77.716,28.552],[77.713,28.553],[77.689,28.552],[77.661,28.491],[77.658,28.487],[77.653,28.485],[77.649,28.485],[77.647,28.483],[77.639,28.478],[77.675,28.105],[77.676,28.103],[78.144,28.071],[78.486,28.124],[78.291,28.403],[78.216,28.6],[78.209,28.615]]]},"properties":{"name":"Bulandshahr","id":92}},{"type":"Feature","geometry":{"type":"Polygon","coordinates":[[[76.784,21.189],[76.663,21.28],[76.384,21.078],[75.998,20.778],[76.011,20.643],[75.927,20.323],[76.161,20.298],[76.025,20.023],[76.1,19.856],[76.533,19.85],[76.647,19.866],[76.671,20.126],[76.822,20.28],[76.7,20.353],[76.784,21.189]]]},"properties":{"name":"Buldana","id":93}},{"type":"Feature","geometry":{"type":"Polygon","coordinates":[[[76.157,25.762],[75.894,25.869],[75.632,25.709],[75.464,25.718],[75.308,25.42],[75.441,25.275],[75.453,25.026],[75.624,24.996],[75.794,25.258],[75.981,25.24],[76.275,25.511],[76.157,25.762]]]},"properties":{"name":"Bundi","id":94}},{"type":"Feature","geometry":{"type":"Polygon","coordinates":[[[76.782,21.56],[76.079,21.572],[75.992,21.374],[76.184,21.088],[76.384,21.078],[76.663,21.28],[76.782,21.56]]]},"properties":{"name":"Burhanpur","id":95}},{"type":"Feature","geometry":{"type":"Polygon","coordinates":[[[84.39,25.733],[83.929,25.56],[83.77,25.386],[83.815,25.36],[83.832,25.346],[83.9,25.293],[83.906,25.294],[84.275,25.36],[84.285,25.362],[84.295,25.389],[84.323,25.432],[84.363,25.472],[84.329,25.655],[84.362,25.684],[84.364,25.699],[84.376,25.717],[84.39,25.733]]]},"properties":{"name":"Buxar","id":96}},{"type":"Feature","geometry":{"type":"Polygon","coordinates":[[[93.252,24.972],[92.543,25.097],[92.438,25.032],[92.499,24.874],[92.589,24.862],[92.765,24.518],[92.896,24.391],[93,24.4],[93.106,24.58],[93.214,24.858],[93.252,24.972]]]},"properties":{"name":"Cachar","id":97}},{"type":"Feature","geometry":{"type":"Polygon","coordinates":[[[77.26,28.623],[77.253,28.654],[77.186,28.658],[77.183,28.648],[77.187,28.626],[77.26,28.623]]]},"properties":{"name":"Central","id":98}},{"type":"Feature","geometry":{"type":"Polygon","coordinates":[[[76.748,33.179],[76.402,33.183],[76.111,33.003],[75.825,32.854],[75.889,32.576],[75.927,32.409],[76.223,32.396],[76.673,32.179],[76.865,32.461],[76.426,32.688],[76.763,32.93],[76.748,33.179]]]},"properties":{"name":"Chamba","id":99}},{"type":"Feature","geometry":{"type":"Polygon","coordinates":[[[80.102,30.786],[79.753,31.001],[79.331,31.028],[79.23,30.808],[79.291,30.752],[79.281,30.737],[79.279,30.726],[79.29,30.723],[79.296,30.72],[79.3,30.717],[79.308,30.675],[79.357,30.628],[79.08,30.22],[79.228,29.978],[79.47,29.983],[79.994,30.314],[80.102,30.786]]]},"properties":{"name":"Chamoli","id":100}},{"type":"Feature","geometry":{"type":"Polygon","coordinates":[[[80.247,29.443],[80.072,29.521],[79.852,29.434],[79.97,29.053],[80.163,29.114],[80.247,29.443]]]},"properties":{"name":"Champawat","id":101}},{"type":"Feature","geometry":{"type":"Polygon","coordinates":[[[93.336,24.05],[93.207,24.048],[93.044,23.766],[93.045,23.411],[93.051,23.213],[93.197,23.055],[93.392,23.22],[93.431,23.578],[93.336,24.05]]]},"properties":{"name":"Champhai","id":102}},{"type":"Feature","geometry":{"type":"Polygon","coordinates":[[[77.323,12.307],[77.113,12.242],[76.824,12.01],[76.584,11.982],[76.415,11.76],[76.431,11.666],[76.847,11.582],[76.909,11.791],[77.442,11.781],[77.676,11.949],[77.751,12.153],[77.473,12.245],[77.323,12.307]]]},"properties":{"name":"Chamrajnagar","id":103}},{"type":"Feature","geometry":{"type":"Polygon","coordinates":[[[83.543,25.313],[83.414,25.487],[83.18,25.51],[83.034,25.241],[83.128,25.187],[83.108,24.817],[83.395,24.783],[83.358,25.197],[83.543,25.313]]]},"properties":{"name":"Chandauli","id":104}},{"type":"Feature","geometry":{"type":"Polygon","coordinates":[[[94.203,24.626],[94.15,24.618],[93.88,24.286],[93.744,24.004],[94.159,23.847],[94.407,24.483],[94.203,24.626]]]},"properties":{"name":"Chandel","id":105}},{"type":"Feature","geometry":{"type":"Polygon","coordinates":[[[76.841,30.76],[76.773,30.795],[76.728,30.71],[76.833,30.682],[76.841,30.76]]]},"properties":{"name":"Chandigarh","id":106}},{"type":"Feature","geometry":{"type":"Polygon","coordinates":[[[79.933,20.667],[79.509,20.704],[79.225,20.582],[78.819,20.387],[78.802,20.298],[79.115,19.988],[79.133,19.863],[78.85,19.76],[79.024,19.542],[79.261,19.613],[79.477,19.5],[79.792,19.596],[79.781,20],[79.992,20.238],[79.933,20.667]]]},"properties":{"name":"Chandrapur","id":107}},{"type":"Feature","geometry":{"type":"Polygon","coordinates":[[[96.9,27.615],[96.704,27.66],[96.129,27.619],[95.882,27.547],[95.963,27.31],[95.637,27.23],[95.681,26.898],[96.234,27.277],[96.802,27.345],[96.9,27.615]]]},"properties":{"name":"Changlang","id":108}},{"type":"Feature","geometry":{"type":"Polygon","coordinates":[[[85.088,24.381],[84.827,24.525],[84.501,24.287],[84.586,23.986],[84.923,23.951],[84.964,23.714],[85.018,23.687],[85.036,23.69],[85.054,23.714],[85.037,23.987],[85.29,24.21],[85.293,24.211],[85.343,24.313],[85.088,24.381]]]},"properties":{"name":"Chatra","id":109}},{"type":"Feature","geometry":{"type":"Polygon","coordinates":[[[80.273,12.995],[80.303,13.141],[80.204,13.028],[80.273,12.995]]]},"properties":{"name":"Chennai","id":110}},{"type":"Feature","geometry":{"type":"Polygon","coordinates":[[[80.356,25.126],[80.317,25.387],[80.104,25.347],[79.558,25.165],[79.284,25.322],[79.321,25.146],[79.297,24.675],[79.092,24.63],[78.989,24.443],[78.994,24.419],[79.239,24.416],[79.146,24.101],[79.327,24.146],[79.411,24.348],[79.797,24.373],[79.96,24.657],[80.275,25.026],[80.29,25.056],[80.356,25.126]]]},"properties":{"name":"Chhatarpur","id":111}},{"type":"Feature","geometry":{"type":"Polygon","coordinates":[[[79.326,22.616],[79.241,22.799],[79.011,22.629],[78.68,22.699],[78.554,22.454],[78.273,22.402],[78.28,22.089],[78.52,21.93],[78.342,21.589],[78.435,21.5],[78.937,21.486],[79.234,21.721],[79.409,22.04],[79.288,22.323],[79.326,22.616]]]},"properties":{"name":"Chhindwara","id":112}},{"type":"Feature","geometry":{"type":"Polygon","coordinates":[[[78.2,13.566],[78.127,13.786],[77.92,13.905],[77.457,13.683],[77.387,13.5],[77.926,13.238],[78.118,13.299],[78.2,13.566]]]},"properties":{"name":"Chikkaballapura","id":113}},{"type":"Feature","geometry":{"type":"Polygon","coordinates":[[[76.354,13.578],[76.034,13.896],[75.88,13.81],[75.489,13.76],[75.14,13.463],[75.2,13.179],[75.377,13.181],[75.557,12.915],[75.73,13.181],[76.044,13.272],[76.056,13.379],[76.364,13.546],[76.354,13.578]]]},"properties":{"name":"Chikmagalur","id":114}},{"type":"Feature","geometry":{"type":"Polygon","coordinates":[[[90.959,26.783],[90.705,26.768],[90.425,26.899],[90.396,26.478],[90.4,26.476],[90.409,26.435],[90.41,26.434],[90.552,26.434],[90.643,26.527],[90.723,26.481],[90.804,26.535],[90.854,26.523],[90.855,26.525],[90.832,26.556],[90.824,26.56],[90.959,26.783]]]},"properties":{"name":"Chirang","id":115}},{"type":"Feature","geometry":{"type":"Polygon","coordinates":[[[76.761,14.988],[76.508,14.564],[76.46,14.451],[76.152,14.406],[76.034,13.896],[76.354,13.578],[76.66,13.721],[76.952,14.092],[77.025,14.179],[77.01,14.238],[76.765,14.602],[76.761,14.988]]]},"properties":{"name":"Chitradurga","id":116}},{"type":"Feature","geometry":{"type":"Polygon","coordinates":[[[81.193,25.452],[81.022,25.544],[80.78,25.33],[80.723,25.064],[80.865,24.932],[81.125,24.898],[81.358,25.164],[81.542,25.185],[81.546,25.189],[81.527,25.194],[81.521,25.194],[81.526,25.235],[81.564,25.239],[81.558,25.25],[81.554,25.271],[81.549,25.287],[81.55,25.29],[81.193,25.452]]]},"properties":{"name":"Chitrakoot","id":117}},{"type":"Feature","geometry":{"type":"MultiPolygon","coordinates":[[[[75.197,25.034],[74.869,25.177],[74.415,25.202],[74.259,25.065],[74.122,24.852],[74.387,24.311],[74.415,24.292],[74.417,24.245],[74.468,24.222],[74.543,24.479],[74.611,24.475],[74.673,24.488],[74.691,24.492],[74.707,24.501],[74.714,24.506],[74.713,24.506],[75.001,24.705],[75.197,25.034]]],[[[75.453,25.026],[75.353,25.021],[75.303,24.812],[75.551,24.712],[75.789,24.761],[75.624,24.996],[75.453,25.026]]]]},"properties":{"name":"Chittaurgarh","id":118}},{"type":"Feature","geometry":{"type":"Polygon","coordinates":[[[79.286,13.133],[79.429,13.334],[79.684,13.248],[79.938,13.349],[80.042,13.537],[79.682,13.923],[79.444,13.889],[79.311,13.723],[79.151,13.86],[78.588,13.911],[78.466,13.994],[78.127,13.786],[78.2,13.566],[78.365,13.365],[78.578,13.282],[78.469,12.974],[78.232,12.763],[78.409,12.624],[78.564,12.708],[78.632,12.985],[78.812,13.086],[79.165,13.019],[79.286,13.133]]]},"properties":{"name":"Chittoor","id":119}},{"type":"Feature","geometry":{"type":"Polygon","coordinates":[[[93.725,24.592],[93.7,24.612],[93.191,24.55],[93.106,24.58],[93,24.4],[92.985,24.126],[93.207,24.048],[93.336,24.05],[93.744,24.004],[93.88,24.286],[93.725,24.592]]]},"properties":{"name":"Churachandpur","id":120}},{"type":"Feature","geometry":{"type":"Polygon","coordinates":[[[75.478,28.935],[75.22,28.857],[74.811,28.932],[74.419,28.885],[74.161,28.777],[74.061,28.529],[74.299,28.146],[74.228,27.817],[73.869,27.779],[73.878,27.539],[74.205,27.424],[74.344,27.679],[74.681,27.667],[74.893,28.192],[75.03,28.198],[75.152,28.379],[75.572,28.378],[75.672,28.517],[75.478,28.935]]]},"properties":{"name":"Churu","id":121}},{"type":"Feature","geometry":{"type":"Polygon","coordinates":[[[77.14,11.335],[76.964,11.383],[76.707,11.239],[76.658,10.937],[76.909,10.779],[76.839,10.338],[76.905,10.251],[77.095,10.308],[77.081,10.57],[77.175,10.923],[77.144,11.334],[77.14,11.335]]]},"properties":{"name":"Coimbatore","id":122}},{"type":"Feature","geometry":{"type":"MultiPolygon","coordinates":[[[[79.695,11.885],[79.693,11.884],[79.688,11.884],[79.69,11.882],[79.69,11.867],[79.695,11.859],[79.696,11.843],[79.703,11.831],[79.689,11.828],[79.691,11.82],[79.687,11.821],[79.683,11.812],[79.688,11.812],[79.691,11.807],[79.675,11.806],[79.185,11.586],[78.876,11.505],[79.17,11.377],[79.258,11.388],[79.259,11.388],[79.435,11.34],[79.437,11.34],[79.498,11.257],[79.496,11.248],[79.461,11.154],[79.525,11.182],[79.814,11.421],[79.784,11.784],[79.781,11.78],[79.763,11.79],[79.762,11.79],[79.757,11.778],[79.714,11.794],[79.723,11.802],[79.725,11.805],[79.727,11.809],[79.732,11.824],[79.73,11.838],[79.755,11.838],[79.764,11.831],[79.796,11.827],[79.793,11.833],[79.798,11.837],[79.781,11.848],[79.776,11.838],[79.773,11.837],[79.767,11.839],[79.763,11.847],[79.766,11.85],[79.769,11.857],[79.766,11.873],[79.759,11.874],[79.759,11.868],[79.754,11.849],[79.743,11.847],[79.722,11.861],[79.719,11.853],[79.713,11.867],[79.709,11.868],[79.706,11.888],[79.695,11.885]]],[[[79.774,11.903],[79.772,11.887],[79.78,11.878],[79.78,11.868],[79.79,11.876],[79.798,11.897],[79.79,11.895],[79.784,11.898],[79.774,11.903]]]]},"properties":{"name":"Cuddalore","id":123}},{"type":"Feature","geometry":{"type":"Polygon","coordinates":[[[79.076,15.055],[78.77,15.186],[78.763,15.038],[78.296,15.073],[78.144,14.945],[78.117,14.694],[77.997,14.501],[78.426,14.279],[78.466,13.994],[78.588,13.911],[79.151,13.86],[79.311,13.723],[79.444,13.889],[79.414,14.296],[79.236,14.588],[79.076,15.055]]]},"properties":{"name":"Y.s.r.","id":124}},{"type":"Feature","geometry":{"type":"Polygon","coordinates":[[[86.284,20.584],[85.912,20.698],[85.59,20.512],[85.252,20.518],[85.13,20.615],[84.852,20.528],[85.335,20.28],[85.917,20.346],[86.083,20.106],[86.189,20.053],[86.255,20.367],[86.284,20.584]]]},"properties":{"name":"Cuttack","id":125}},{"type":"Feature","geometry":{"type":"Polygon","coordinates":[[[73.207,20.122],[73.167,20.312],[72.96,20.213],[73.207,20.122]]]},"properties":{"name":"Dadra & Nagar Haveli","id":126}},{"type":"Feature","geometry":{"type":"Polygon","coordinates":[[[81.356,19.325],[81.128,19.257],[81.131,19.251],[81.132,19.247],[81.128,19.213],[81.146,19.183],[81.206,19.188],[81.234,18.967],[81.09,18.217],[80.982,18.165],[81.013,17.845],[81.394,17.814],[81.536,18.266],[81.955,18.566],[81.969,18.693],[81.662,18.798],[81.479,18.942],[81.502,19.204],[81.358,19.323],[81.356,19.325]]]},"properties":{"name":"Dakshin Bastar Dantewada","id":127}},{"type":"Feature","geometry":{"type":"Polygon","coordinates":[[[88.185,25.286],[88.192,25.275],[88.444,25.197],[88.92,25.166],[89.005,25.3],[88.461,25.593],[88.185,25.286]]]},"properties":{"name":"Dakshin Dinajpur","id":128}},{"type":"Feature","geometry":{"type":"Polygon","coordinates":[[[75.557,12.915],[75.377,13.181],[75.2,13.179],[75.014,12.984],[74.788,13.097],[74.863,12.758],[75.417,12.502],[75.618,12.51],[75.673,12.7],[75.557,12.915]]]},"properties":{"name":"Dakshina Kannada","id":129}},{"type":"Feature","geometry":{"type":"Polygon","coordinates":[[[72.802,20.374],[72.896,20.421],[72.845,20.475],[72.802,20.374]]]},"properties":{"name":"Daman","id":130}},{"type":"Feature","geometry":{"type":"Polygon","coordinates":[[[79.797,24.373],[79.411,24.348],[79.327,24.146],[79.146,24.101],[79.076,23.931],[79.285,23.745],[79.286,23.477],[79.19,23.22],[79.372,23.164],[79.695,23.356],[79.931,23.604],[79.866,23.829],[79.762,24.073],[79.797,24.373]]]},"properties":{"name":"Damoh","id":131}},{"type":"Feature","geometry":{"type":"Polygon","coordinates":[[[85.769,26.436],[85.705,26.307],[85.715,26.09],[85.982,25.937],[86.311,25.867],[86.377,26.044],[86.322,26.158],[85.815,26.317],[85.769,26.436]]]},"properties":{"name":"Darbhanga","id":132}},{"type":"Feature","geometry":{"type":"Polygon","coordinates":[[[88.759,27.148],[88.528,27.178],[88.286,27.13],[88.017,27.216],[88.187,26.718],[88.112,26.539],[88.243,26.449],[88.345,26.497],[88.417,26.63],[88.448,26.835],[88.879,26.964],[88.759,27.148]]]},"properties":{"name":"Darjiling","id":133}},{"type":"Feature","geometry":{"type":"Polygon","coordinates":[[[92.355,26.585],[92.189,26.669],[91.789,26.499],[91.785,26.496],[91.781,26.491],[91.755,26.205],[91.762,26.2],[91.956,26.254],[92.346,26.502],[92.364,26.586],[92.355,26.585]]]},"properties":{"name":"Darrang","id":134}},{"type":"Feature","geometry":{"type":"Polygon","coordinates":[[[77.481,35.478],[77.438,35.641],[77.12,35.796],[76.935,35.784],[76.801,36.049],[76.069,36.478],[75.748,36.588],[75.265,37.052],[74.914,36.909],[74.709,37.078],[74.429,36.99],[73.901,36.707],[73.436,36.745],[73.085,36.682],[73.062,36.538],[72.597,36.264],[72.534,35.917],[72.691,35.833],[73.153,35.843],[73.407,35.564],[73.786,35.524],[73.778,35.244],[74.045,35.146],[74.03,34.878],[73.774,34.797],[73.4,34.359],[73.586,33.899],[73.559,33.368],[73.689,33.088],[74.384,32.758],[74.451,32.784],[74.591,32.996],[74.542,33.063],[74.217,33.146],[74.129,33.375],[73.921,33.562],[73.945,33.837],[74.32,33.956],[74.315,34.203],[74.02,34.285],[73.916,34.436],[74.604,34.869],[75.083,34.5],[75.392,34.543],[76.047,34.674],[76.375,34.833],[77.069,34.88],[77.481,35.478]]]},"properties":{"name":"Data Not Available","id":135}},{"type":"Feature","geometry":{"type":"Polygon","coordinates":[[[78.775,26.015],[78.629,26.157],[78.281,25.781],[78.26,25.719],[78.283,25.701],[78.298,25.699],[78.301,25.7],[78.305,25.705],[78.31,25.698],[78.31,25.688],[78.311,25.682],[78.322,25.673],[78.344,25.66],[78.376,25.661],[78.389,25.607],[78.468,25.584],[78.468,25.579],[78.466,25.57],[78.464,25.564],[78.461,25.564],[78.459,25.567],[78.457,25.573],[78.453,25.572],[78.444,25.559],[78.467,25.559],[78.488,25.575],[78.589,25.559],[78.629,25.577],[78.628,25.9],[78.775,26.015]]]},"properties":{"name":"Datia","id":136}},{"type":"Feature","geometry":{"type":"Polygon","coordinates":[[[76.508,14.564],[76.052,14.918],[75.757,14.738],[75.536,14.277],[75.586,14.057],[75.814,14.098],[75.88,13.81],[76.034,13.896],[76.152,14.406],[76.46,14.451],[76.508,14.564]]]},"properties":{"name":"Davanagere","id":137}},{"type":"Feature","geometry":{"type":"Polygon","coordinates":[[[84.68,21.735],[84.513,21.683],[84.482,21.424],[84.745,21.171],[84.923,21.142],[85.023,21.456],[85.151,21.594],[84.68,21.735]]]},"properties":{"name":"Debagarh","id":138}},{"type":"Feature","geometry":{"type":"Polygon","coordinates":[[[78.016,30.613],[78.089,30.719],[77.989,30.849],[77.971,30.975],[77.929,30.969],[77.917,30.962],[77.909,30.954],[77.841,30.934],[77.818,30.936],[77.805,30.921],[77.815,30.908],[77.798,30.867],[77.702,30.764],[77.813,30.506],[77.576,30.4],[77.945,30.242],[78.194,29.945],[78.312,30.113],[78.016,30.613]]]},"properties":{"name":"Dehradun","id":139}},{"type":"Feature","geometry":{"type":"Polygon","coordinates":[[[86.917,24.54],[86.616,24.608],[86.458,24.37],[86.576,24.14],[86.979,24.109],[87.045,24.262],[86.917,24.54]]]},"properties":{"name":"Deoghar","id":140}},{"type":"Feature","geometry":{"type":"Polygon","coordinates":[[[84.058,26.548],[83.875,26.748],[83.632,26.657],[83.635,26.223],[83.811,26.191],[84.058,26.097],[84.18,26.372],[84.058,26.548]]]},"properties":{"name":"Deoria","id":141}},{"type":"Feature","geometry":{"type":"Polygon","coordinates":[[[76.113,23.241],[75.9,23],[76.104,22.701],[76.087,22.547],[76.214,22.33],[76.606,22.408],[76.782,22.347],[77.124,22.559],[77,22.868],[76.581,22.773],[76.452,22.929],[76.538,23.129],[76.113,23.241]]]},"properties":{"name":"Dewas","id":142}},{"type":"Feature","geometry":{"type":"Polygon","coordinates":[[[91.913,24.14],[91.761,24.139],[91.779,23.691],[91.867,23.408],[91.94,23.664],[92.171,23.738],[92.053,24.099],[91.913,24.14]]]},"properties":{"name":"Dhalai","id":143}},{"type":"Feature","geometry":{"type":"Polygon","coordinates":[[[82.018,20.049],[82.108,20.289],[82.013,20.675],[81.752,21.01],[81.613,21.024],[81.478,20.858],[81.412,20.552],[81.737,20.482],[81.817,20.169],[81.881,20.05],[82.018,20.049]]]},"properties":{"name":"Dhamtari","id":144}},{"type":"Feature","geometry":{"type":"Polygon","coordinates":[[[86.471,24.018],[86.119,23.894],[86.214,23.709],[86.445,23.622],[86.801,23.695],[86.798,23.833],[86.471,24.018]]]},"properties":{"name":"Dhanbad","id":145}},{"type":"Feature","geometry":{"type":"Polygon","coordinates":[[[75.438,22.869],[75.241,23.136],[75.009,23.111],[75.008,22.941],[74.743,22.558],[74.503,22.044],[75.319,22.134],[75.505,22.158],[75.559,22.375],[75.593,22.556],[75.438,22.869]]]},"properties":{"name":"Dhar","id":146}},{"type":"Feature","geometry":{"type":"Polygon","coordinates":[[[78.635,12.175],[78.379,12.193],[78.021,12.456],[77.751,12.153],[77.676,11.949],[77.974,11.893],[78.146,11.962],[78.543,11.8],[78.627,11.864],[78.718,11.98],[78.635,12.175]]]},"properties":{"name":"Dharmapuri","id":147}},{"type":"Feature","geometry":{"type":"Polygon","coordinates":[[[75.42,15.062],[75.415,15.301],[75.556,15.647],[75.279,15.689],[74.842,15.607],[74.743,15.411],[75.081,15.073],[75.42,15.062]]]},"properties":{"name":"Dharwad","id":148}},{"type":"Feature","geometry":{"type":"Polygon","coordinates":[[[78.218,26.83],[77.724,26.876],[77.456,26.741],[77.349,26.711],[77.227,26.531],[77.373,26.366],[77.821,26.549],[78.218,26.83]]]},"properties":{"name":"Dhaulpur","id":149}},{"type":"Feature","geometry":{"type":"Polygon","coordinates":[[[94.581,27.214],[94.58,27.215],[94.607,27.325],[94.986,27.651],[95.278,27.682],[95.518,27.877],[94.868,27.742],[94.502,27.574],[94.214,27.608],[94.262,27.52],[94.337,27.328],[94.463,27.305],[94.503,27.327],[94.521,27.263],[94.556,27.222],[94.571,27.214],[94.579,27.214],[94.581,27.214]]]},"properties":{"name":"Dhemaji","id":150}},{"type":"Feature","geometry":{"type":"Polygon","coordinates":[[[85.729,21.143],[85.395,21.185],[85.233,21.071],[85.256,20.799],[85.13,20.615],[85.252,20.518],[85.59,20.512],[85.912,20.698],[86.021,20.809],[85.758,20.991],[85.729,21.143]]]},"properties":{"name":"Dhenkanal","id":151}},{"type":"Feature","geometry":{"type":"Polygon","coordinates":[[[90.429,26.36],[90.417,26.345],[90.411,26.341],[90.377,26.319],[90.344,26.37],[90.283,26.32],[90.109,26.329],[90.135,26.196],[89.884,26.137],[89.855,26.259],[89.896,26.325],[89.893,26.359],[89.883,26.373],[89.868,26.375],[89.862,26.38],[89.86,26.382],[89.723,26.166],[89.872,25.976],[89.856,25.477],[89.898,25.727],[90.115,25.954],[90.123,25.961],[90.379,26.181],[90.436,26.354],[90.429,26.36]]]},"properties":{"name":"Dhubri","id":152}},{"type":"Feature","geometry":{"type":"Polygon","coordinates":[[[75.206,21.414],[75.056,21.563],[74.772,21.614],[74.686,21.403],[74.43,21.263],[74.12,21.214],[73.851,20.997],[73.89,20.932],[73.939,20.839],[74.548,20.827],[74.815,20.634],[74.991,20.736],[74.893,21.151],[75.104,21.236],[75.206,21.414]]]},"properties":{"name":"Dhule","id":153}},{"type":"Feature","geometry":{"type":"Polygon","coordinates":[[[96.435,28.588],[96.611,28.793],[96.525,28.961],[96.154,29.05],[96.239,29.241],[96.086,29.461],[95.272,29.048],[95.379,28.605],[95.777,28.574],[96.116,28.782],[96.435,28.588]]]},"properties":{"name":"Dibang Valley","id":154}},{"type":"Feature","geometry":{"type":"Polygon","coordinates":[[[95.278,27.682],[94.986,27.651],[94.607,27.325],[94.58,27.215],[94.582,27.21],[94.571,27.178],[94.596,27.145],[95.372,27.105],[95.491,27.243],[95.222,27.458],[95.278,27.682]]]},"properties":{"name":"Dibrugarh","id":155}},{"type":"Feature","geometry":{"type":"Polygon","coordinates":[[[78.198,10.547],[77.809,10.679],[77.418,10.625],[77.289,10.23],[77.268,10.121],[77.701,10.19],[77.711,10.02],[78.03,10.179],[78.16,10.111],[78.334,10.3],[78.198,10.547]]]},"properties":{"name":"Dindigul","id":156}},{"type":"Feature","geometry":{"type":"Polygon","coordinates":[[[81.125,23.216],[80.574,23.352],[80.529,23.082],[80.528,23.08],[80.591,22.858],[80.872,22.849],[80.956,22.64],[81.083,22.61],[81.194,22.489],[81.2,22.473],[81.484,22.492],[81.487,22.493],[81.73,22.676],[81.204,22.909],[81.125,23.216]]]},"properties":{"name":"Dindori","id":157}},{"type":"Feature","geometry":{"type":"Polygon","coordinates":[[[70.924,20.739],[70.882,20.729],[70.899,20.699],[70.918,20.71],[70.977,20.703],[70.965,20.728],[70.96,20.736],[70.938,20.733],[70.932,20.736],[70.929,20.736],[70.924,20.739]]]},"properties":{"name":"Diu","id":158}},{"type":"Feature","geometry":{"type":"Polygon","coordinates":[[[76.111,33.003],[76.045,33.098],[75.629,33.222],[75.5,33.399],[75.417,33.358],[75.292,33.097],[75.825,32.854],[76.111,33.003]]]},"properties":{"name":"Doda","id":159}},{"type":"Feature","geometry":{"type":"Polygon","coordinates":[[[74.012,23.332],[74.012,23.331],[74.003,23.314],[74.001,23.309],[73.998,23.283],[73.986,23.155],[73.919,23.084],[73.811,22.547],[73.815,22.546],[74.063,22.549],[74.378,22.636],[74.463,22.813],[74.32,23.06],[74.021,23.331],[74.012,23.332]]]},"properties":{"name":"Dohad","id":160}},{"type":"Feature","geometry":{"type":"Polygon","coordinates":[[[87.406,24.506],[87.05,24.625],[86.917,24.54],[87.045,24.262],[86.979,24.109],[87.238,24.026],[87.444,23.98],[87.647,24.251],[87.574,24.505],[87.406,24.506]]]},"properties":{"name":"Dumka","id":161}},{"type":"Feature","geometry":{"type":"Polygon","coordinates":[[[74.314,23.945],[74.275,23.936],[74.259,23.93],[73.918,23.983],[73.518,23.931],[73.366,23.814],[73.657,23.622],[73.629,23.451],[73.959,23.38],[74.154,23.787],[74.384,23.906],[74.326,23.936],[74.314,23.945]]]},"properties":{"name":"Dungarpur","id":162}},{"type":"Feature","geometry":{"type":"Polygon","coordinates":[[[81.943,21.815],[81.807,21.942],[81.506,22.008],[81.485,22.019],[81.176,21.703],[81.216,21.172],[80.958,20.99],[80.946,20.441],[81.154,20.378],[81.412,20.552],[81.478,20.858],[81.613,21.024],[81.536,21.298],[81.726,21.711],[81.943,21.815]]]},"properties":{"name":"Durg","id":163}},{"type":"Feature","geometry":{"type":"Polygon","coordinates":[[[93.968,25.906],[93.773,25.962],[93.544,25.699],[93.935,25.646],[93.968,25.906]]]},"properties":{"name":"Dimapur","id":164}},{"type":"Feature","geometry":{"type":"Polygon","coordinates":[[[77.305,28.577],[77.328,28.674],[77.251,28.662],[77.253,28.654],[77.26,28.623],[77.265,28.607],[77.305,28.577]]]},"properties":{"name":"East","id":165}},{"type":"Feature","geometry":{"type":"Polygon","coordinates":[[[88.813,27.414],[88.489,27.378],[88.528,27.178],[88.759,27.148],[88.813,27.414]]]},"properties":{"name":"East","id":166}},{"type":"Feature","geometry":{"type":"Polygon","coordinates":[[[91.032,25.887],[90.481,26.015],[90.123,25.961],[90.115,25.954],[90.385,25.867],[90.445,25.696],[90.323,25.465],[90.647,25.416],[90.769,25.554],[91.004,25.822],[91.032,25.887]]]},"properties":{"name":"East Garo Hills","id":167}},{"type":"Feature","geometry":{"type":"Polygon","coordinates":[[[82.55,17.248],[82.604,17.463],[81.97,17.744],[81.982,18.014],[81.767,17.901],[81.507,17.498],[81.659,17.322],[81.749,16.813],[81.868,16.616],[81.72,16.328],[82.298,16.57],[82.365,16.826],[82.301,17.024],[82.55,17.248]],[[82.206,16.747],[82.23,16.729],[82.312,16.734],[82.263,16.701],[82.225,16.721],[82.206,16.747]]]},"properties":{"name":"East Godavari","id":168}},{"type":"Feature","geometry":{"type":"Polygon","coordinates":[[[93.242,27.614],[93.24,27.796],[92.97,27.826],[92.738,27.977],[92.472,27.814],[92.464,27.782],[92.613,27.555],[92.794,27.554],[92.851,27.289],[92.642,27.017],[93.022,26.915],[93.393,26.957],[93.23,27.251],[93.375,27.371],[93.242,27.614]]]},"properties":{"name":"East Kameng","id":169}},{"type":"Feature","geometry":{"type":"Polygon","coordinates":[[[92.02,25.187],[92.116,25.307],[92.136,25.641],[91.811,25.643],[91.545,25.511],[91.547,25.279],[91.391,25.17],[92.02,25.187]]]},"properties":{"name":"East Khasi Hills","id":170}},{"type":"Feature","geometry":{"type":"Polygon","coordinates":[[[76.782,22.347],[76.606,22.408],[76.214,22.33],[76.234,22.073],[76.104,21.847],[76.079,21.572],[76.782,21.56],[77.021,21.688],[77.037,21.698],[77.065,21.713],[77.219,21.905],[76.858,22.032],[76.782,22.347]]]},"properties":{"name":"East Nimar","id":171}},{"type":"Feature","geometry":{"type":"Polygon","coordinates":[[[95.385,28.31],[95.11,28.263],[95.088,28.526],[94.762,28.534],[94.938,28.244],[94.868,27.742],[95.518,27.877],[95.567,28.255],[95.385,28.31]]]},"properties":{"name":"East Siang","id":172}},{"type":"Feature","geometry":{"type":"Polygon","coordinates":[[[76.689,10.267],[76.418,10.296],[76.169,10.184],[76.28,9.789],[76.373,9.836],[76.633,9.856],[76.795,10.042],[76.689,10.267]]]},"properties":{"name":"Ernakulam","id":173}},{"type":"Feature","geometry":{"type":"Polygon","coordinates":[[[77.15,11.333],[77.45,11.308],[77.518,11.105],[77.778,11.051],[77.932,11.067],[77.696,11.458],[77.676,11.949],[77.442,11.781],[76.909,11.791],[76.847,11.582],[76.964,11.383],[77.14,11.335],[77.15,11.333]]]},"properties":{"name":"Erode","id":174}},{"type":"Feature","geometry":{"type":"Polygon","coordinates":[[[79.178,27.584],[79.169,27.576],[79.16,27.57],[79.149,27.569],[79.126,27.555],[79.102,27.557],[78.983,27.598],[78.929,27.559],[78.676,27.735],[78.53,27.769],[78.536,27.754],[78.526,27.75],[78.524,27.746],[78.518,27.743],[78.515,27.74],[78.519,27.734],[78.198,27.403],[78.286,27.313],[78.466,27.421],[78.734,27.336],[79.11,27.432],[79.251,27.331],[79.183,27.582],[79.178,27.584]]]},"properties":{"name":"Etah","id":175}},{"type":"Feature","geometry":{"type":"Polygon","coordinates":[[[79.327,26.96],[78.818,26.956],[78.749,26.914],[78.779,26.758],[78.993,26.68],[79.135,26.439],[79.233,26.428],[79.337,26.938],[79.327,26.96]]]},"properties":{"name":"Etawah","id":176}},{"type":"Feature","geometry":{"type":"Polygon","coordinates":[[[82.225,26.807],[81.92,26.789],[81.725,26.919],[81.719,26.92],[81.72,26.91],[81.718,26.902],[81.703,26.88],[81.616,26.869],[81.585,26.766],[81.581,26.682],[81.55,26.665],[81.545,26.642],[81.549,26.64],[81.561,26.641],[81.561,26.642],[81.582,26.652],[81.619,26.626],[81.702,26.54],[82.221,26.407],[82.479,26.652],[82.225,26.807]]]},"properties":{"name":"Faizabad","id":177}},{"type":"Feature","geometry":{"type":"Polygon","coordinates":[[[77.348,28.503],[77.175,28.403],[77.239,28.269],[77.521,28.159],[77.348,28.503]]]},"properties":{"name":"Faridabad","id":178}},{"type":"Feature","geometry":{"type":"Polygon","coordinates":[[[74.911,30.736],[74.625,30.831],[74.502,30.667],[74.822,30.393],[75.008,30.488],[74.911,30.736]]]},"properties":{"name":"Faridkot","id":179}},{"type":"Feature","geometry":{"type":"Polygon","coordinates":[[[79.209,27.707],[79.175,27.584],[79.183,27.582],[79.251,27.331],[79.395,27.196],[79.726,27.216],[79.716,27.473],[79.653,27.614],[79.35,27.652],[79.209,27.707]]]},"properties":{"name":"Farrukhabad","id":180}},{"type":"Feature","geometry":{"type":"Polygon","coordinates":[[[75.949,29.73],[75.737,29.809],[75.454,29.784],[75.3,29.559],[75.244,29.249],[75.286,29.271],[75.599,29.342],[75.946,29.572],[75.96,29.565],[75.949,29.73]]]},"properties":{"name":"Fatehabad","id":181}},{"type":"Feature","geometry":{"type":"Polygon","coordinates":[[[76.102,30.52],[76.58,30.647],[76.541,30.758],[76.533,30.765],[76.337,30.859],[76.299,30.679],[76.084,30.562],[76.088,30.527],[76.102,30.52]]]},"properties":{"name":"Fatehgarh Sahib","id":182}},{"type":"Feature","geometry":{"type":"Polygon","coordinates":[[[80.676,26.121],[80.567,26.227],[80.324,26.113],[80.237,25.922],[80.35,25.899],[81.022,25.544],[81.193,25.452],[81.337,25.81],[81.019,26.063],[80.676,26.121]]]},"properties":{"name":"Fatehpur","id":183}},{"type":"Feature","geometry":{"type":"Polygon","coordinates":[[[78.734,27.336],[78.466,27.421],[78.286,27.313],[78.227,27.076],[78.749,26.914],[78.818,26.956],[78.734,27.336]]]},"properties":{"name":"Firozabad","id":184}},{"type":"Feature","geometry":{"type":"Polygon","coordinates":[[[75.074,31.144],[74.949,31.15],[74.703,31.115],[74.327,30.849],[73.907,30.351],[73.976,30.196],[73.9,29.971],[74.288,29.955],[74.299,29.956],[74.331,29.954],[74.452,29.947],[74.337,30.162],[74.329,30.446],[74.502,30.667],[74.625,30.831],[74.911,30.736],[74.952,30.884],[74.955,30.891],[75.059,30.96],[75.052,31.032],[75.104,31.073],[75.112,31.088],[75.114,31.092],[75.113,31.092],[75.074,31.144]]]},"properties":{"name":"Firozpur","id":185}},{"type":"Feature","geometry":{"type":"Polygon","coordinates":[[[75.846,15.838],[75.455,15.886],[75.279,15.689],[75.556,15.647],[75.415,15.301],[75.42,15.062],[75.702,14.948],[75.95,15.137],[75.826,15.45],[76.04,15.768],[75.846,15.838]]]},"properties":{"name":"Gadag","id":186}},{"type":"Feature","geometry":{"type":"Polygon","coordinates":[[[84.241,19.575],[84.239,19.572],[84.235,19.572],[84.228,19.573],[84.209,19.589],[84.151,19.587],[84.135,19.628],[84.029,19.632],[83.976,19.621],[83.956,19.634],[83.943,19.635],[83.927,19.63],[83.936,19.566],[83.977,19.53],[83.947,19.398],[84.017,19.374],[84.024,19.141],[83.796,19.016],[83.878,18.827],[84.099,18.754],[84.34,18.801],[84.435,18.992],[84.372,19.539],[84.241,19.575]]]},"properties":{"name":"Gajapati","id":187}},{"type":"Feature","geometry":{"type":"Polygon","coordinates":[[[75.194,34.19],[75.631,34.223],[75.358,34.352],[74.953,34.455],[74.753,34.339],[75.194,34.19]]]},"properties":{"name":"Ganderbal","id":188}},{"type":"Feature","geometry":{"type":"Polygon","coordinates":[[[72.802,23.502],[72.631,23.556],[72.336,23.107],[72.339,23.106],[72.765,23.093],[72.841,22.993],[72.851,23],[73.015,23.161],[72.763,23.353],[72.802,23.502]]]},"properties":{"name":"Gandhinagar","id":189}},{"type":"Feature","geometry":{"type":"Polygon","coordinates":[[[74.288,29.955],[73.9,29.971],[73.976,30.196],[73.394,29.929],[73.271,29.546],[72.949,29.033],[72.648,28.903],[73.011,28.714],[73.345,29.006],[74.042,29.012],[74.042,29.01],[74.044,29.011],[74.062,29.019],[74.065,29.021],[74.071,29.023],[74.102,29.045],[74.203,29.15],[73.924,29.378],[73.803,29.601],[74.08,29.705],[74.169,29.77],[74.217,29.851],[74.275,29.849],[74.263,29.908],[74.283,29.939],[74.305,29.942],[74.306,29.944],[74.304,29.947],[74.302,29.953],[74.301,29.956],[74.299,29.956],[74.288,29.955]]]},"properties":{"name":"Ganganagar","id":190}},{"type":"Feature","geometry":{"type":"Polygon","coordinates":[[[84.94,19.897],[84.585,20.191],[84.436,20.156],[84.185,19.86],[84.162,19.734],[84.247,19.642],[84.227,19.626],[84.236,19.609],[84.235,19.597],[84.241,19.575],[84.372,19.539],[84.435,18.992],[84.769,19.08],[85.178,19.464],[85.184,19.675],[84.94,19.897]]]},"properties":{"name":"Ganjam","id":191}},{"type":"Feature","geometry":{"type":"Polygon","coordinates":[[[80.563,20.821],[80.332,20.82],[80.273,20.672],[79.965,20.69],[79.933,20.667],[79.992,20.238],[79.781,20],[79.792,19.596],[79.98,19.404],[79.865,19.107],[79.901,18.835],[80.114,18.682],[80.275,18.722],[80.275,18.991],[80.396,19.247],[80.834,19.352],[80.886,19.523],[80.673,19.691],[80.497,19.896],[80.547,20.112],[80.624,20.328],[80.563,20.821]]]},"properties":{"name":"Garhchiroli","id":192}},{"type":"Feature","geometry":{"type":"Polygon","coordinates":[[[83.9,24.193],[83.819,24.291],[83.821,24.378],[83.856,24.408],[83.855,24.493],[83.872,24.525],[83.875,24.528],[83.876,24.532],[83.866,24.536],[83.79,24.523],[83.756,24.51],[83.506,24.526],[83.331,24.101],[83.517,24.025],[83.737,23.755],[83.947,23.623],[83.956,23.625],[84.008,23.633],[84.014,23.633],[84.018,23.796],[83.867,24.07],[83.905,24.19],[83.9,24.193]]]},"properties":{"name":"Garhwa","id":193}},{"type":"Feature","geometry":{"type":"Polygon","coordinates":[[[79.08,30.22],[78.896,30.257],[78.69,30.242],[78.594,30.066],[78.312,30.113],[78.194,29.945],[78.344,29.79],[78.706,29.503],[78.908,29.45],[79.037,29.585],[79.083,29.885],[79.228,29.978],[79.08,30.22]]]},"properties":{"name":"Garhwal","id":194}},{"type":"Feature","geometry":{"type":"Polygon","coordinates":[[[77.675,28.105],[77.639,28.478],[77.647,28.483],[77.649,28.485],[77.653,28.485],[77.658,28.487],[77.661,28.491],[77.689,28.552],[77.337,28.68],[77.336,28.677],[77.328,28.674],[77.305,28.577],[77.348,28.503],[77.521,28.159],[77.479,28.078],[77.674,28.108],[77.675,28.105]]]},"properties":{"name":"Gautam Buddha Nagar","id":195}},{"type":"Feature","geometry":{"type":"Polygon","coordinates":[[[85.205,25.053],[85.204,25.053],[85.203,25.051],[85.195,25.05],[85.179,25.05],[85.155,25.068],[85.152,25.052],[85.126,25.051],[85.091,24.99],[85.044,25.033],[84.932,24.992],[84.876,25.064],[84.875,25.063],[84.815,25.071],[84.769,25.047],[84.756,25.054],[84.744,25.053],[84.739,25.055],[84.739,25.053],[84.735,25.045],[84.723,24.701],[84.547,24.527],[84.329,24.489],[84.469,24.317],[84.486,24.303],[84.501,24.287],[84.827,24.525],[85.088,24.381],[85.39,24.535],[85.276,24.747],[85.397,24.966],[85.211,25.034],[85.202,25.034],[85.203,25.048],[85.205,25.053]]]},"properties":{"name":"Gaya","id":196}},{"type":"Feature","geometry":{"type":"Polygon","coordinates":[[[78.116,28.856],[77.732,28.736],[77.462,28.92],[77.413,28.791],[77.413,28.782],[77.228,28.83],[77.211,28.787],[77.214,28.784],[77.337,28.68],[77.689,28.552],[77.713,28.553],[77.716,28.552],[77.968,28.714],[78.128,28.622],[78.149,28.63],[78.169,28.617],[78.181,28.616],[78.209,28.615],[78.174,28.692],[78.152,28.707],[78.116,28.856]]]},"properties":{"name":"Ghaziabad","id":197}},{"type":"Feature","geometry":{"type":"Polygon","coordinates":[[[83.733,25.856],[83.346,25.814],[83.067,25.651],[83.072,25.551],[83.18,25.51],[83.414,25.487],[83.543,25.313],[83.77,25.386],[83.929,25.56],[83.955,25.748],[83.733,25.856]]]},"properties":{"name":"Ghazipur","id":198}},{"type":"Feature","geometry":{"type":"Polygon","coordinates":[[[86.458,24.37],[86.172,24.584],[86.057,24.78],[85.911,24.762],[85.844,24.224],[85.732,24.206],[85.67,24.156],[85.708,24.13],[85.708,24.105],[85.715,24.105],[85.92,23.956],[86.119,23.894],[86.471,24.018],[86.576,24.14],[86.458,24.37]]]},"properties":{"name":"Giridih","id":199}},{"type":"Feature","geometry":{"type":"Polygon","coordinates":[[[90.939,26.094],[90.656,26.241],[90.379,26.181],[90.123,25.961],[90.481,26.015],[91.032,25.887],[90.939,26.094]]]},"properties":{"name":"Goalpara","id":200}},{"type":"Feature","geometry":{"type":"Polygon","coordinates":[[[87.478,25.195],[87.174,25.049],[87.05,24.625],[87.406,24.506],[87.511,24.797],[87.478,25.195]]]},"properties":{"name":"Godda","id":201}},{"type":"Feature","geometry":{"type":"Polygon","coordinates":[[[93.823,26.824],[93.822,26.823],[93.774,26.844],[93.309,26.698],[93.304,26.578],[93.687,26.606],[93.877,26.266],[93.773,25.962],[93.968,25.906],[93.983,25.922],[94.013,26.182],[94.168,26.349],[94.049,26.728],[93.981,26.789],[93.92,26.784],[93.868,26.814],[93.831,26.813],[93.827,26.816],[93.825,26.819],[93.823,26.824]]]},"properties":{"name":"Golaghat","id":202}},{"type":"Feature","geometry":{"type":"Polygon","coordinates":[[[82.077,27.411],[81.731,27.33],[81.507,27.059],[81.718,26.92],[81.725,26.919],[81.92,26.789],[82.225,26.807],[82.487,26.905],[82.568,27.075],[82.476,27.166],[82.478,27.162],[82.48,27.156],[82.339,27.054],[82.279,27.275],[82.077,27.411]]]},"properties":{"name":"Gonda","id":203}},{"type":"Feature","geometry":{"type":"Polygon","coordinates":[[[80.663,21.331],[80.455,21.403],[80.195,21.634],[79.922,21.524],[79.848,21.245],[80.087,21.048],[79.865,20.876],[79.965,20.69],[80.273,20.672],[80.332,20.82],[80.563,20.821],[80.431,21.01],[80.464,21.173],[80.663,21.331]]]},"properties":{"name":"Gondiya","id":204}},{"type":"Feature","geometry":{"type":"Polygon","coordinates":[[[84.493,26.602],[84.417,26.636],[84.058,26.548],[84.18,26.372],[84.591,26.323],[84.763,26.211],[84.899,26.215],[84.877,26.255],[84.493,26.602]]]},"properties":{"name":"Gopalganj","id":205}},{"type":"Feature","geometry":{"type":"Polygon","coordinates":[[[83.545,26.88],[83.13,27.141],[83.128,27.102],[83.217,26.884],[83.09,26.715],[83.071,26.408],[83.135,26.385],[83.508,26.277],[83.635,26.223],[83.632,26.657],[83.545,26.88]]]},"properties":{"name":"Gorakhpur","id":206}},{"type":"Feature","geometry":{"type":"Polygon","coordinates":[[[76.692,17.682],[76.43,17.646],[76.383,17.314],[76.073,17.334],[76.244,17.149],[76.43,17.099],[76.46,16.711],[76.895,16.896],[77.24,16.943],[77.457,16.885],[77.467,17.107],[77.46,17.348],[77.69,17.509],[77.444,17.584],[76.692,17.682]]]},"properties":{"name":"Gulbarga","id":207}},{"type":"Feature","geometry":{"type":"Polygon","coordinates":[[[84.399,23.604],[84.194,23.324],[84.077,23.331],[84.041,23.169],[84.295,22.773],[84.57,22.727],[84.979,22.785],[84.943,23.011],[84.898,23.32],[84.629,23.309],[84.424,23.426],[84.399,23.604]]]},"properties":{"name":"Gumla","id":208}},{"type":"Feature","geometry":{"type":"Polygon","coordinates":[[[77.308,25.079],[76.874,25.006],[77.055,24.522],[76.845,24.438],[76.882,24.131],[77.183,24.082],[77.228,23.896],[77.319,23.894],[77.264,24.07],[77.401,24.275],[77.649,24.315],[77.476,24.433],[77.563,24.871],[77.477,24.877],[77.467,24.902],[77.45,24.928],[77.358,24.944],[77.308,25.079]]]},"properties":{"name":"Guna","id":209}},{"type":"Feature","geometry":{"type":"Polygon","coordinates":[[[80.819,15.743],[80.906,15.923],[80.81,16.285],[80.484,16.597],[80.146,16.663],[80.078,16.821],[79.951,16.64],[79.783,16.737],[79.274,16.568],[79.219,16.37],[79.2,16.23],[79.556,16.305],[79.569,15.947],[79.802,15.939],[80,16.139],[80.306,16.054],[80.439,15.806],[80.731,15.886],[80.819,15.743]]]},"properties":{"name":"Guntur","id":210}},{"type":"Feature","geometry":{"type":"Polygon","coordinates":[[[75.927,32.409],[75.889,32.576],[75.727,32.418],[75.34,32.342],[75.283,32.119],[74.912,32.051],[74.902,31.934],[75.405,31.594],[75.476,31.651],[75.594,32.081],[75.638,32.235],[75.927,32.409]]]},"properties":{"name":"Gurdaspur","id":211}},{"type":"Feature","geometry":{"type":"Polygon","coordinates":[[[76.667,28.378],[76.665,28.371],[76.855,28.235],[77.179,28.2],[77.239,28.269],[77.175,28.403],[77.115,28.483],[76.889,28.504],[76.744,28.465],[76.708,28.408],[76.726,28.36],[76.698,28.361],[76.697,28.37],[76.674,28.38],[76.667,28.378]]]},"properties":{"name":"Gurgaon","id":212}},{"type":"Feature","geometry":{"type":"MultiPolygon","coordinates":[[[[78.629,26.157],[78.264,26.338],[77.815,26.255],[77.677,25.916],[77.685,25.913],[77.689,25.911],[77.693,25.908],[77.698,25.888],[77.713,25.879],[77.745,25.882],[77.798,25.824],[77.918,25.753],[78.058,25.711],[78.281,25.781],[78.629,26.157]]],[[[78.775,26.015],[78.628,25.9],[78.629,25.577],[78.884,25.91],[78.775,26.015]]]]},"properties":{"name":"Gwalior","id":213}},{"type":"Feature","geometry":{"type":"Polygon","coordinates":[[[92.765,24.518],[92.589,24.862],[92.422,24.251],[92.532,24.178],[92.765,24.518]]]},"properties":{"name":"Hailakandi","id":214}},{"type":"Feature","geometry":{"type":"Polygon","coordinates":[[[76.641,31.875],[76.314,31.722],[76.459,31.486],[76.73,31.585],[76.641,31.875]]]},"properties":{"name":"Hamirpur","id":215}},{"type":"Feature","geometry":{"type":"Polygon","coordinates":[[[80.237,25.922],[79.968,26.154],[79.966,26.155],[79.965,26.158],[79.922,26.091],[79.806,25.864],[79.617,25.903],[79.398,25.796],[79.389,25.522],[79.535,25.483],[79.98,25.631],[80.121,25.407],[80.347,25.717],[80.35,25.899],[80.237,25.922]]]},"properties":{"name":"Hamirpur","id":216}},{"type":"Feature","geometry":{"type":"Polygon","coordinates":[[[74.042,29.01],[74.041,29.004],[74.161,28.777],[74.419,28.885],[74.811,28.932],[75.22,28.857],[75.478,28.935],[75.525,28.979],[75.286,29.271],[75.244,29.249],[74.936,29.363],[74.579,29.405],[74.615,29.752],[74.529,29.943],[74.452,29.947],[74.331,29.954],[74.301,29.956],[74.302,29.953],[74.304,29.947],[74.306,29.944],[74.305,29.942],[74.283,29.939],[74.263,29.908],[74.275,29.849],[74.217,29.851],[74.169,29.77],[74.08,29.705],[73.803,29.601],[73.924,29.378],[74.203,29.15],[74.102,29.045],[74.071,29.023],[74.065,29.021],[74.062,29.019],[74.044,29.011],[74.042,29.01]]]},"properties":{"name":"Hanumangarh","id":217}},{"type":"Feature","geometry":{"type":"Polygon","coordinates":[[[88.356,22.65],[88.015,22.684],[87.855,22.598],[87.886,22.509],[87.883,22.441],[87.884,22.44],[87.885,22.439],[87.927,22.422],[87.945,22.407],[87.971,22.264],[88.012,22.23],[88.098,22.302],[88.274,22.555],[88.363,22.633],[88.356,22.65]]]},"properties":{"name":"Haora","id":218}},{"type":"Feature","geometry":{"type":"Polygon","coordinates":[[[77.207,22.569],[77.124,22.559],[76.782,22.347],[76.858,22.032],[77.219,21.905],[77.455,22.085],[77.356,22.249],[77.207,22.569]]]},"properties":{"name":"Harda","id":219}},{"type":"Feature","geometry":{"type":"Polygon","coordinates":[[[80.312,27.679],[80.063,27.77],[79.696,27.653],[79.716,27.473],[79.726,27.216],[80.021,26.953],[80.052,26.919],[80.56,27.011],[80.827,27.101],[80.518,27.267],[80.312,27.679]]]},"properties":{"name":"Hardoi","id":220}},{"type":"Feature","geometry":{"type":"Polygon","coordinates":[[[78.194,29.945],[77.945,30.242],[77.716,29.862],[77.823,29.667],[78,29.54],[78.344,29.79],[78.194,29.945]]]},"properties":{"name":"Hardwar","id":221}},{"type":"Feature","geometry":{"type":"Polygon","coordinates":[[[76.632,13.006],[76.372,13.199],[76.364,13.546],[76.056,13.379],[76.044,13.272],[75.73,13.181],[75.557,12.915],[75.673,12.7],[76.021,12.566],[76.345,12.656],[76.577,12.848],[76.632,13.006]]]},"properties":{"name":"Hassan","id":222}},{"type":"Feature","geometry":{"type":"Polygon","coordinates":[[[78.479,27.808],[78.26,27.677],[78.015,27.752],[77.898,27.584],[77.951,27.283],[78.198,27.403],[78.519,27.734],[78.515,27.74],[78.495,27.745],[78.487,27.749],[78.479,27.808]]]},"properties":{"name":"Mahamaya Nagar","id":223}},{"type":"Feature","geometry":{"type":"Polygon","coordinates":[[[75.42,15.062],[75.081,15.073],[75.051,14.649],[75.208,14.615],[75.371,14.37],[75.536,14.277],[75.757,14.738],[75.702,14.948],[75.42,15.062]]]},"properties":{"name":"Haveri","id":224}},{"type":"Feature","geometry":{"type":"Polygon","coordinates":[[[85.708,24.105],[85.701,24.099],[85.68,24.096],[85.653,24.123],[85.573,24.14],[85.505,24.169],[85.343,24.313],[85.293,24.211],[85.29,24.21],[85.037,23.987],[85.054,23.714],[85.055,23.71],[85.227,23.699],[85.252,23.697],[85.293,23.689],[85.34,23.701],[85.409,23.674],[85.449,23.688],[85.455,23.786],[85.493,23.802],[85.647,23.933],[85.92,23.956],[85.715,24.105],[85.708,24.105]]]},"properties":{"name":"Hazaribagh","id":225}},{"type":"Feature","geometry":{"type":"Polygon","coordinates":[[[77.286,19.91],[77.036,20.01],[76.679,19.846],[76.969,19.545],[76.893,19.311],[77.104,19.104],[77.244,19.321],[77.452,19.389],[77.46,19.682],[77.286,19.91]]]},"properties":{"name":"Hingoli","id":226}},{"type":"Feature","geometry":{"type":"Polygon","coordinates":[[[75.96,29.565],[75.946,29.572],[75.599,29.342],[75.286,29.271],[75.525,28.979],[75.832,28.913],[75.987,29.078],[76.22,28.981],[76.302,29.087],[75.96,29.565]]]},"properties":{"name":"Hisar","id":227}},{"type":"Feature","geometry":{"type":"Polygon","coordinates":[[[78.68,22.699],[78.442,22.985],[78.029,22.803],[77.841,22.861],[77.58,22.676],[77.207,22.569],[77.356,22.249],[77.544,22.355],[78.036,22.33],[78.273,22.402],[78.554,22.454],[78.68,22.699]]]},"properties":{"name":"Hoshangabad","id":228}},{"type":"Feature","geometry":{"type":"Polygon","coordinates":[[[75.959,31.856],[75.594,32.081],[75.476,31.651],[75.595,31.605],[75.788,31.37],[75.892,31.276],[76.173,31.136],[76.339,31.226],[76.291,31.307],[76.017,31.645],[75.959,31.856]]]},"properties":{"name":"Hoshiarpur","id":229}},{"type":"Feature","geometry":{"type":"Polygon","coordinates":[[[88.412,22.945],[88.42,23.212],[88.171,23.15],[88.013,22.963],[87.714,23.011],[87.525,22.93],[87.855,22.598],[88.015,22.684],[88.356,22.65],[88.412,22.945]]]},"properties":{"name":"Hugli","id":230}},{"type":"Feature","geometry":{"type":"Polygon","coordinates":[[[78.512,17.454],[78.393,17.412],[78.515,17.33],[78.512,17.454]]]},"properties":{"name":"Hyderabad","id":231}},{"type":"Feature","geometry":{"type":"Polygon","coordinates":[[[77.289,10.23],[77.095,10.308],[76.905,10.251],[76.689,10.267],[76.795,10.042],[76.633,9.856],[76.93,9.651],[76.941,9.43],[77.142,9.489],[77.284,9.271],[77.341,9.417],[77.403,9.526],[77.181,9.657],[77.268,10.121],[77.289,10.23]]]},"properties":{"name":"Idukki","id":232}},{"type":"Feature","geometry":{"type":"Polygon","coordinates":[[[94.087,24.693],[94.127,24.9],[93.848,24.951],[93.774,24.737],[93.876,24.552],[94.087,24.693]]]},"properties":{"name":"Imphal East","id":233}},{"type":"Feature","geometry":{"type":"Polygon","coordinates":[[[93.191,24.55],[93.214,24.858],[93.106,24.58],[93.191,24.55]]]},"properties":{"name":"Imphal West","id":234}},{"type":"Feature","geometry":{"type":"Polygon","coordinates":[[[75.9,23],[75.479,23.002],[75.438,22.869],[75.593,22.556],[75.559,22.375],[76.059,22.462],[76.087,22.547],[76.104,22.701],[75.9,23]]]},"properties":{"name":"Indore","id":235}},{"type":"Feature","geometry":{"type":"Polygon","coordinates":[[[80.544,23.393],[80.358,23.307],[80.207,23.583],[79.931,23.604],[79.695,23.356],[79.372,23.164],[79.577,23.128],[79.623,22.955],[79.964,22.853],[79.996,23.026],[80.246,23.148],[80.528,23.08],[80.529,23.082],[80.574,23.352],[80.544,23.393]]]},"properties":{"name":"Jabalpur","id":236}},{"type":"Feature","geometry":{"type":"Polygon","coordinates":[[[86.255,20.367],[86.189,20.053],[86.368,19.975],[86.778,20.344],[86.255,20.367]]]},"properties":{"name":"Jagatsinghapur","id":237}},{"type":"Feature","geometry":{"type":"Polygon","coordinates":[[[92.662,25.579],[92.418,25.738],[92.162,25.672],[92.136,25.641],[92.116,25.307],[92.02,25.187],[92.438,25.032],[92.543,25.097],[92.793,25.284],[92.662,25.579]]]},"properties":{"name":"Jaintia Hills","id":238}},{"type":"Feature","geometry":{"type":"Polygon","coordinates":[[[76.231,27.836],[76.088,27.847],[75.871,27.416],[75.395,27.283],[75.316,27.159],[75.166,26.933],[74.977,26.89],[74.941,26.75],[75.17,26.462],[75.712,26.445],[75.784,26.526],[76.161,26.515],[76.288,27.087],[76.125,27.238],[76.234,27.418],[76.231,27.836]]]},"properties":{"name":"Jaipur","id":239}},{"type":"Feature","geometry":{"type":"Polygon","coordinates":[[[71.898,27.963],[71.659,27.876],[71.208,27.833],[70.768,27.725],[70.592,28.01],[70.374,28.012],[70.135,27.807],[70.025,27.561],[69.59,27.183],[69.515,26.742],[69.879,26.581],[70.173,26.551],[70.136,26.153],[70.367,26.148],[70.954,26.249],[71.222,26.447],[71.578,26.508],[71.895,26.3],[72.073,26.349],[72.027,26.499],[72.104,26.887],[72.077,27.117],[71.789,27.256],[71.815,27.442],[72.05,27.614],[72.284,27.549],[72.146,27.873],[71.898,27.963]]]},"properties":{"name":"Jaisalmer","id":240}},{"type":"Feature","geometry":{"type":"Polygon","coordinates":[[[86.29,21.018],[86.033,21.141],[85.729,21.143],[85.758,20.991],[86.021,20.809],[85.912,20.698],[86.284,20.584],[86.625,20.797],[86.359,20.853],[86.29,21.018]]]},"properties":{"name":"Jajapur","id":241}},{"type":"Feature","geometry":{"type":"Polygon","coordinates":[[[75.788,31.37],[75.595,31.605],[75.456,31.285],[75.074,31.144],[75.113,31.092],[75.117,31.093],[75.355,30.989],[75.954,31.012],[75.788,31.199],[75.788,31.37]]]},"properties":{"name":"Jalandhar","id":242}},{"type":"Feature","geometry":{"type":"Polygon","coordinates":[[[79.504,26.364],[79.233,26.428],[79.135,26.439],[78.935,25.95],[79.134,25.814],[79.398,25.796],[79.617,25.903],[79.806,25.864],[79.922,26.091],[79.787,26.108],[79.504,26.364]]]},"properties":{"name":"Jalaun","id":243}},{"type":"Feature","geometry":{"type":"Polygon","coordinates":[[[75.619,21.391],[75.206,21.414],[75.104,21.236],[74.893,21.151],[74.991,20.736],[74.815,20.634],[74.774,20.471],[74.935,20.27],[75.255,20.57],[75.559,20.613],[75.89,20.563],[76.011,20.643],[75.998,20.778],[76.384,21.078],[76.184,21.088],[75.992,21.374],[75.619,21.391]]]},"properties":{"name":"Jalgaon","id":244}},{"type":"Feature","geometry":{"type":"Polygon","coordinates":[[[76.533,19.85],[76.1,19.856],[76.025,20.023],[76.161,20.298],[75.927,20.323],[76.011,20.643],[75.89,20.563],[75.649,20.191],[75.656,19.554],[75.61,19.381],[75.922,19.374],[76.209,19.278],[76.443,19.541],[76.533,19.85]]]},"properties":{"name":"Jalna","id":245}},{"type":"Feature","geometry":{"type":"Polygon","coordinates":[[[72.778,25.802],[72.317,25.387],[72.033,25.476],[71.793,25.084],[71.474,24.999],[71.188,24.648],[71.289,24.613],[71.48,24.678],[72.268,24.624],[72.294,24.618],[72.335,24.625],[72.506,24.923],[72.94,25.244],[73.056,25.56],[72.778,25.802]]]},"properties":{"name":"Jalor","id":246}},{"type":"Feature","geometry":{"type":"Polygon","coordinates":[[[89.862,26.704],[89.326,26.853],[89.135,26.809],[88.879,26.964],[88.448,26.835],[88.417,26.63],[88.761,26.31],[88.988,26.534],[89.838,26.412],[89.862,26.704]]]},"properties":{"name":"Jalpaiguri","id":247}},{"type":"Feature","geometry":{"type":"Polygon","coordinates":[[[74.947,32.877],[74.782,33.032],[74.591,32.996],[74.451,32.784],[74.617,32.755],[74.83,32.486],[75.161,32.77],[74.947,32.877]]]},"properties":{"name":"Jammu","id":248}},{"type":"Feature","geometry":{"type":"Polygon","coordinates":[[[70.437,22.964],[70.171,22.557],[69.793,22.403],[68.953,22.248],[69.374,21.828],[69.536,21.891],[69.99,21.808],[70.075,21.732],[70.216,21.965],[70.548,22.048],[70.474,22.376],[70.646,22.859],[70.437,22.964]]]},"properties":{"name":"Jamnagar","id":249}},{"type":"Feature","geometry":{"type":"Polygon","coordinates":[[[86.979,24.109],[86.576,24.14],[86.471,24.018],[86.798,23.833],[87.09,23.807],[87.238,24.026],[86.979,24.109]]]},"properties":{"name":"Jamtara","id":250}},{"type":"Feature","geometry":{"type":"Polygon","coordinates":[[[86.503,24.979],[86.369,25.144],[86.131,24.972],[85.912,25.013],[85.838,24.983],[86.057,24.78],[86.172,24.584],[86.458,24.37],[86.616,24.608],[86.503,24.979]]]},"properties":{"name":"Jamui","id":251}},{"type":"Feature","geometry":{"type":"Polygon","coordinates":[[[82.53,22.24],[82.529,22.242],[82.463,22.214],[82.462,22.213],[82.46,22.199],[82.46,22.196],[82.467,22.181],[82.456,22.176],[82.325,21.872],[82.329,21.868],[82.36,21.839],[82.364,21.824],[82.367,21.818],[82.37,21.81],[82.382,21.768],[82.383,21.763],[82.441,21.739],[82.446,21.743],[82.951,21.722],[83.27,21.712],[82.941,22.122],[82.53,22.24]]]},"properties":{"name":"Janjgir-champa","id":252}},{"type":"Feature","geometry":{"type":"Polygon","coordinates":[[[84.041,23.169],[83.671,23.226],[83.511,23.088],[83.649,22.823],[83.438,22.672],[83.407,22.554],[83.805,22.292],[84.01,22.523],[84.295,22.773],[84.041,23.169]]]},"properties":{"name":"Jashpur","id":253}},{"type":"Feature","geometry":{"type":"Polygon","coordinates":[[[82.682,26.151],[82.432,26.009],[82.156,25.679],[82.121,25.643],[82.183,25.581],[82.229,25.588],[82.286,25.552],[82.326,25.543],[82.33,25.536],[82.336,25.536],[82.342,25.534],[82.349,25.528],[82.353,25.514],[82.381,25.518],[82.506,25.472],[82.545,25.437],[82.694,25.394],[82.743,25.546],[83.072,25.551],[83.067,25.651],[82.787,25.825],[82.682,26.151]]]},"properties":{"name":"Jaunpur","id":254}},{"type":"Feature","geometry":{"type":"Polygon","coordinates":[[[75.009,23.111],[74.74,23.227],[74.32,23.06],[74.463,22.813],[74.378,22.636],[74.743,22.558],[75.008,22.941],[75.009,23.111]]]},"properties":{"name":"Jhabua","id":255}},{"type":"Feature","geometry":{"type":"Polygon","coordinates":[[[76.952,28.816],[76.903,28.862],[76.407,28.682],[76.409,28.666],[76.292,28.449],[76.292,28.441],[76.291,28.435],[76.291,28.425],[76.3,28.425],[76.3,28.432],[76.35,28.436],[76.376,28.428],[76.432,28.462],[76.45,28.427],[76.667,28.381],[76.667,28.378],[76.674,28.38],[76.697,28.37],[76.698,28.361],[76.726,28.36],[76.708,28.408],[76.744,28.465],[76.889,28.504],[76.952,28.67],[76.964,28.695],[76.952,28.816]]]},"properties":{"name":"Jhajjar","id":256}},{"type":"Feature","geometry":{"type":"Polygon","coordinates":[[[76.443,24.783],[75.923,24.54],[75.702,23.965],[75.458,23.917],[75.686,23.757],[75.978,23.929],[76.219,24.213],[76.527,24.159],[76.62,24.258],[76.882,24.131],[76.845,24.438],[76.636,24.414],[76.443,24.783]]]},"properties":{"name":"Jhalawar","id":257}},{"type":"Feature","geometry":{"type":"Polygon","coordinates":[[[79.398,25.796],[79.134,25.814],[78.935,25.95],[78.884,25.91],[78.629,25.577],[78.589,25.559],[78.488,25.575],[78.467,25.559],[78.444,25.559],[78.433,25.556],[78.416,25.528],[78.416,25.503],[78.429,25.474],[78.342,25.426],[78.338,25.332],[78.392,25.19],[78.424,25.168],[78.451,25.168],[78.453,25.162],[78.45,25.153],[78.449,25.152],[78.45,25.124],[78.57,25.221],[78.801,25.288],[79.321,25.146],[79.284,25.322],[79.389,25.522],[79.398,25.796]]]},"properties":{"name":"Jhansi","id":258}},{"type":"Feature","geometry":{"type":"Polygon","coordinates":[[[83.8,21.566],[83.969,21.755],[84.297,21.796],[84.27,22.014],[83.581,21.832],[83.49,21.643],[83.8,21.566]]]},"properties":{"name":"Jharsuguda","id":259}},{"type":"Feature","geometry":{"type":"Polygon","coordinates":[[[76.027,28.277],[75.898,28.39],[75.672,28.517],[75.572,28.378],[75.152,28.379],[75.03,28.198],[75.289,27.716],[75.689,27.674],[75.931,27.929],[76.016,28.249],[76.027,28.277]]]},"properties":{"name":"Jhunjhunun","id":260}},{"type":"Feature","geometry":{"type":"Polygon","coordinates":[[[72.284,27.549],[72.05,27.614],[71.815,27.442],[71.789,27.256],[72.077,27.117],[72.104,26.887],[72.027,26.499],[72.073,26.349],[72.255,26.21],[72.492,26.299],[72.688,26.186],[72.834,25.863],[73.207,26.077],[73.316,26.034],[73.786,26.164],[73.873,26.43],[73.721,26.552],[73.588,26.863],[73.213,26.869],[73.163,27.295],[72.604,27.607],[72.284,27.549]]]},"properties":{"name":"Jodhpur","id":261}},{"type":"Feature","geometry":{"type":"Polygon","coordinates":[[[94.596,26.725],[94.471,27.001],[94.596,27.145],[94.571,27.178],[93.827,26.825],[93.823,26.824],[93.825,26.819],[93.827,26.816],[93.831,26.813],[93.868,26.814],[93.92,26.784],[93.981,26.789],[94.049,26.728],[94.168,26.349],[94.317,26.458],[94.596,26.725]]]},"properties":{"name":"Jorhat","id":262}},{"type":"Feature","geometry":{"type":"Polygon","coordinates":[[[70.148,21.662],[70.033,21.635],[69.982,21.227],[70.252,20.979],[70.64,20.767],[70.858,20.754],[70.863,20.755],[70.863,20.752],[70.864,20.75],[70.864,20.747],[70.864,20.746],[70.863,20.746],[70.863,20.745],[70.863,20.744],[70.874,20.727],[70.911,20.737],[70.924,20.744],[70.927,20.737],[70.932,20.737],[70.938,20.733],[70.991,20.746],[70.991,20.732],[71.013,20.74],[71.146,20.757],[71.151,20.772],[71.208,20.8],[71.198,20.977],[70.891,21.269],[70.793,21.665],[70.777,21.662],[70.739,21.644],[70.148,21.662]]]},"properties":{"name":"Junagadh","id":263}},{"type":"Feature","geometry":{"type":"Polygon","coordinates":[[[78.525,29.07],[78.106,29.083],[78.116,28.856],[78.152,28.707],[78.174,28.692],[78.209,28.615],[78.216,28.6],[78.291,28.403],[78.415,28.463],[78.44,28.796],[78.654,28.861],[78.525,29.07]]]},"properties":{"name":"Jyotiba Phule Nagar","id":264}},{"type":"Feature","geometry":{"type":"Polygon","coordinates":[[[71.316,23.982],[71.289,24.613],[71.188,24.648],[71.098,24.687],[70.879,24.246],[70.574,24.255],[70.574,24.422],[70.108,24.294],[70.016,24.17],[69.73,24.172],[69.588,24.291],[68.851,24.221],[68.631,23.759],[68.489,23.635],[68.652,23.155],[69.197,22.838],[69.711,22.738],[69.866,22.873],[70.235,22.98],[70.438,22.967],[70.778,23.159],[71.045,23.171],[71.594,23.137],[71.645,23.332],[71.533,23.482],[71.377,23.645],[71.074,23.602],[71.1,23.901],[71.316,23.982]]]},"properties":{"name":"Kachchh","id":265}},{"type":"Feature","geometry":{"type":"Polygon","coordinates":[[[83.77,25.386],[83.543,25.313],[83.358,25.197],[83.395,24.783],[83.47,24.734],[83.475,24.733],[83.526,24.554],[83.525,24.548],[83.53,24.543],[83.534,24.542],[83.557,24.543],[83.608,24.541],[83.664,24.554],[83.709,24.542],[83.812,24.96],[83.835,25.243],[83.899,25.262],[83.897,25.289],[83.9,25.293],[83.832,25.346],[83.815,25.36],[83.77,25.386]]]},"properties":{"name":"Kaimur (bhabua)","id":266}},{"type":"Feature","geometry":{"type":"Polygon","coordinates":[[[76.467,30.096],[76.263,30.115],[76.221,29.839],[76.219,29.84],[76.22,29.825],[76.222,29.804],[76.206,29.753],[76.182,29.724],[76.201,29.619],[76.336,29.581],[76.345,29.581],[76.494,29.516],[76.501,29.527],[76.701,29.67],[76.756,29.925],[76.554,29.858],[76.467,30.096]]]},"properties":{"name":"Kaithal","id":267}},{"type":"Feature","geometry":{"type":"Polygon","coordinates":[[[83.653,20.389],[83.65,20.388],[83.649,20.386],[83.656,20.37],[83.63,20.369],[83.625,20.351],[83.491,20.416],[83.146,20.17],[82.825,20.166],[82.705,19.998],[82.593,19.776],[82.569,19.543],[82.757,19.328],[82.838,19.325],[82.826,19.256],[82.806,19.237],[82.839,19.235],[82.848,19.209],[82.857,19.204],[82.864,19.206],[82.872,19.2],[82.879,19.184],[82.902,19.229],[82.891,19.254],[82.958,19.325],[82.939,19.45],[83.168,19.432],[83.456,19.74],[83.409,19.923],[83.449,19.969],[83.452,19.973],[83.475,19.964],[83.481,19.964],[83.485,19.961],[83.494,19.959],[83.496,19.96],[83.711,20.102],[83.791,20.181],[83.72,20.239],[83.706,20.37],[83.691,20.373],[83.687,20.375],[83.664,20.384],[83.658,20.385],[83.654,20.387],[83.653,20.389]]]},"properties":{"name":"Kalahandi","id":268}},{"type":"Feature","geometry":{"type":"Polygon","coordinates":[[[91.783,26.494],[91.571,26.572],[91.57,26.573],[91.569,26.571],[91.569,26.566],[91.568,26.564],[91.562,26.554],[91.555,26.546],[91.558,26.54],[91.567,26.433],[91.528,26.33],[91.416,26.136],[91.237,26.182],[90.939,26.094],[91.032,25.887],[91.004,25.822],[91.345,25.835],[91.471,25.858],[91.472,25.858],[91.48,26.051],[91.543,26.136],[91.621,26.107],[91.691,26.167],[91.747,26.194],[91.762,26.2],[91.755,26.205],[91.781,26.491],[91.783,26.494]]]},"properties":{"name":"Kamrup","id":269}},{"type":"Feature","geometry":{"type":"Polygon","coordinates":[[[92.18,26.078],[91.956,26.254],[91.762,26.2],[91.747,26.194],[91.691,26.167],[91.621,26.107],[91.543,26.136],[91.48,26.051],[91.472,25.858],[91.478,25.856],[91.573,26.026],[92.18,26.078]]]},"properties":{"name":"Kamrup Metropolitan","id":270}},{"type":"Feature","geometry":{"type":"Polygon","coordinates":[[[80.204,13.028],[80.031,13.13],[79.786,13.022],[79.56,12.85],[79.747,12.743],[79.757,12.518],[79.645,12.345],[80.005,12.256],[80.138,12.432],[80.273,12.995],[80.204,13.028]]]},"properties":{"name":"Kancheepuram","id":271}},{"type":"Feature","geometry":{"type":"Polygon","coordinates":[[[84.513,20.398],[84.256,20.605],[84.118,20.588],[84.104,20.599],[84.097,20.598],[84.085,20.592],[84.074,20.598],[84.056,20.596],[84.045,20.59],[84.036,20.585],[84.033,20.58],[84.016,20.571],[84.007,20.57],[83.996,20.572],[83.986,20.581],[83.979,20.585],[83.973,20.586],[83.95,20.581],[83.943,20.583],[83.934,20.589],[83.938,20.603],[83.928,20.607],[83.92,20.617],[83.917,20.616],[83.918,20.609],[83.92,20.606],[83.916,20.599],[83.913,20.587],[83.915,20.58],[83.912,20.578],[83.895,20.58],[83.881,20.58],[83.873,20.579],[83.858,20.572],[83.806,20.511],[83.81,20.432],[83.794,20.435],[83.788,20.443],[83.783,20.425],[83.783,20.413],[83.779,20.412],[83.77,20.414],[83.761,20.425],[83.755,20.428],[83.751,20.428],[83.751,20.424],[83.746,20.422],[83.736,20.426],[83.729,20.433],[83.722,20.435],[83.715,20.43],[83.71,20.425],[83.695,20.416],[83.69,20.416],[83.686,20.42],[83.68,20.429],[83.675,20.429],[83.67,20.425],[83.666,20.423],[83.666,20.42],[83.663,20.418],[83.658,20.413],[83.66,20.404],[83.654,20.39],[83.653,20.389],[83.654,20.387],[83.658,20.385],[83.664,20.384],[83.687,20.375],[83.691,20.373],[83.706,20.37],[83.72,20.239],[83.791,20.181],[83.711,20.102],[83.575,20.088],[83.544,20.022],[83.503,19.992],[83.504,19.974],[83.5,19.966],[83.496,19.96],[83.562,19.925],[83.545,19.843],[83.62,19.815],[83.638,19.672],[83.701,19.686],[83.724,19.668],[83.729,19.659],[83.734,19.654],[83.741,19.655],[83.744,19.658],[83.751,19.666],[83.761,19.675],[83.768,19.708],[83.769,19.713],[83.773,19.714],[83.781,19.712],[83.793,19.712],[83.809,19.717],[83.814,19.717],[83.831,19.709],[83.844,19.71],[83.921,19.679],[83.943,19.635],[83.95,19.634],[83.956,19.634],[83.976,19.621],[84.135,19.628],[84.151,19.587],[84.209,19.589],[84.228,19.573],[84.235,19.572],[84.239,19.572],[84.241,19.575],[84.235,19.597],[84.236,19.609],[84.227,19.626],[84.247,19.642],[84.162,19.734],[84.185,19.86],[84.436,20.156],[84.513,20.398]]]},"properties":{"name":"Kandhamal","id":272}},{"type":"Feature","geometry":{"type":"Polygon","coordinates":[[[77.075,32.397],[76.865,32.461],[76.673,32.179],[76.223,32.396],[75.927,32.409],[75.638,32.235],[75.594,32.081],[75.959,31.856],[76.314,31.722],[76.641,31.875],[76.663,32.031],[76.939,32.063],[77.075,32.397]]]},"properties":{"name":"Kangra","id":273}},{"type":"Feature","geometry":{"type":"Polygon","coordinates":[[[81.412,20.552],[81.154,20.378],[80.946,20.441],[80.547,20.112],[80.497,19.896],[80.673,19.691],[80.898,20.028],[81.094,19.69],[81.101,19.689],[81.138,19.785],[81.302,19.798],[81.346,19.832],[81.394,19.833],[81.392,19.834],[81.293,20.017],[81.589,20.194],[81.817,20.169],[81.737,20.482],[81.412,20.552]]]},"properties":{"name":"Uttar Bastar Kanker","id":274}},{"type":"Feature","geometry":{"type":"Polygon","coordinates":[[[79.726,27.216],[79.395,27.196],[79.327,26.96],[79.337,26.938],[79.759,26.783],[79.938,26.846],[79.946,26.845],[80.021,26.953],[79.726,27.216]]]},"properties":{"name":"Kannauj","id":275}},{"type":"Feature","geometry":{"type":"Polygon","coordinates":[[[77.591,8.142],[77.54,8.388],[77.27,8.579],[77.1,8.291],[77.318,8.121],[77.591,8.142]]]},"properties":{"name":"Kanniyakumari","id":276}},{"type":"Feature","geometry":{"type":"Polygon","coordinates":[[[75.931,11.939],[75.422,12.291],[75.183,12.061],[75.529,11.705],[75.544,11.703],[75.777,11.798],[75.931,11.939]],[[75.53,11.729],[75.537,11.747],[75.533,11.753],[75.533,11.756],[75.536,11.758],[75.544,11.759],[75.545,11.754],[75.547,11.741],[75.559,11.725],[75.559,11.721],[75.555,11.718],[75.549,11.715],[75.547,11.716],[75.541,11.714],[75.533,11.717],[75.528,11.72],[75.529,11.727],[75.53,11.729]]]},"properties":{"name":"Kannur","id":277}},{"type":"Feature","geometry":{"type":"Polygon","coordinates":[[[79.946,26.845],[79.938,26.846],[79.759,26.783],[79.504,26.364],[79.787,26.108],[79.922,26.091],[79.965,26.158],[79.966,26.155],[79.967,26.156],[79.973,26.157],[79.984,26.155],[80.023,26.178],[80.005,26.193],[80.017,26.264],[80.167,26.304],[80.166,26.521],[80.162,26.533],[80.023,26.608],[80.018,26.698],[79.961,26.761],[79.957,26.795],[79.946,26.845]]]},"properties":{"name":"Kanpur Dehat","id":278}},{"type":"Feature","geometry":{"type":"Polygon","coordinates":[[[80.021,26.953],[79.946,26.845],[79.957,26.795],[79.961,26.761],[80.018,26.698],[80.023,26.608],[80.162,26.533],[80.166,26.521],[80.167,26.304],[80.017,26.264],[80.005,26.193],[80.023,26.178],[79.984,26.155],[79.973,26.157],[79.967,26.156],[79.966,26.155],[79.968,26.154],[80.237,25.922],[80.324,26.113],[80.567,26.227],[80.052,26.919],[80.021,26.953]]]},"properties":{"name":"Kanpur Nagar","id":279}},{"type":"Feature","geometry":{"type":"Polygon","coordinates":[[[79.209,27.707],[78.621,28.039],[78.479,27.808],[78.487,27.749],[78.495,27.745],[78.515,27.74],[78.518,27.743],[78.524,27.746],[78.526,27.75],[78.536,27.754],[78.53,27.769],[78.676,27.735],[78.929,27.559],[78.983,27.598],[79.102,27.557],[79.126,27.555],[79.149,27.569],[79.16,27.57],[79.169,27.576],[79.178,27.584],[79.175,27.584],[79.209,27.707]]]},"properties":{"name":"Kansiram Nagar","id":280}},{"type":"Feature","geometry":{"type":"MultiPolygon","coordinates":[[[[75.595,31.605],[75.476,31.651],[75.405,31.594],[75.28,31.483],[75.273,31.482],[75.192,31.432],[75.188,31.418],[74.949,31.15],[75.074,31.144],[75.456,31.285],[75.595,31.605]]],[[[75.892,31.276],[75.788,31.37],[75.788,31.199],[75.892,31.276]]]]},"properties":{"name":"Kapurthala","id":281}},{"type":"Feature","geometry":{"type":"MultiPolygon","coordinates":[[[[93.773,25.962],[93.877,26.266],[93.687,26.606],[93.304,26.578],[92.822,26.265],[93.108,26.07],[93.252,25.787],[93.145,25.713],[93.332,25.543],[93.544,25.699],[93.773,25.962]]],[[[93.073,25.775],[92.765,25.964],[92.594,25.964],[92.402,26.138],[92.304,26.075],[92.168,25.963],[92.162,25.672],[92.418,25.738],[92.662,25.579],[92.822,25.74],[93.073,25.775]]]]},"properties":{"name":"Karbi Anglong","id":282}},{"type":"Feature","geometry":{"type":"Polygon","coordinates":[[[77.238,32.895],[77.345,33.362],[77.525,33.525],[77.223,33.746],[76.712,33.922],[76.711,34.246],[76.599,34.607],[76.375,34.833],[76.047,34.674],[75.392,34.543],[75.358,34.352],[75.631,34.223],[75.707,34.216],[75.943,33.987],[76.665,33.429],[76.796,33.255],[76.935,33.032],[77.238,32.895]]]},"properties":{"name":"Kargil","id":283}},{"type":"Feature","geometry":{"type":"Polygon","coordinates":[[[92.499,24.874],[92.272,24.829],[92.233,24.502],[92.296,24.25],[92.422,24.251],[92.589,24.862],[92.499,24.874]]]},"properties":{"name":"Karimganj","id":284}},{"type":"Feature","geometry":{"type":"Polygon","coordinates":[[[79.901,18.835],[79.656,18.731],[79.389,18.871],[79.191,18.876],[78.976,19.073],[78.534,18.944],[78.585,18.738],[78.569,18.23],[79.009,18.204],[79.096,18.025],[79.375,18.02],[79.624,18.182],[79.597,18.47],[79.959,18.507],[80.219,18.39],[80.344,18.595],[80.275,18.722],[80.114,18.682],[79.901,18.835]]]},"properties":{"name":"Karimnagar","id":285}},{"type":"Feature","geometry":{"type":"Polygon","coordinates":[[[77.223,29.936],[77.131,29.983],[77.115,29.991],[76.756,29.925],[76.701,29.67],[76.501,29.527],[76.493,29.515],[76.658,29.493],[76.661,29.492],[76.756,29.466],[77.135,29.448],[77.144,29.695],[77.223,29.936]]]},"properties":{"name":"Karnal","id":286}},{"type":"Feature","geometry":{"type":"Polygon","coordinates":[[[78.168,11.011],[77.932,11.067],[77.778,11.051],[77.809,10.679],[78.198,10.547],[78.294,10.702],[78.514,10.692],[78.587,10.829],[78.168,11.011]]]},"properties":{"name":"Karur","id":287}},{"type":"Feature","geometry":{"type":"Polygon","coordinates":[[[75.417,12.502],[74.863,12.758],[75.183,12.061],[75.422,12.291],[75.417,12.502]]]},"properties":{"name":"Kasaragod","id":288}},{"type":"Feature","geometry":{"type":"Polygon","coordinates":[[[75.889,32.576],[75.825,32.854],[75.372,32.63],[75.201,32.409],[75.34,32.342],[75.727,32.418],[75.889,32.576]]]},"properties":{"name":"Kathua","id":289}},{"type":"Feature","geometry":{"type":"Polygon","coordinates":[[[87.49,25.673],[87.254,25.598],[87.34,25.415],[87.457,25.359],[87.462,25.365],[87.489,25.367],[87.504,25.35],[87.511,25.352],[87.517,25.352],[87.544,25.331],[87.573,25.334],[87.613,25.312],[87.658,25.308],[87.69,25.311],[87.787,25.339],[87.792,25.449],[87.815,25.435],[87.832,25.446],[87.84,25.465],[87.855,25.465],[87.857,25.469],[87.869,25.466],[87.87,25.468],[87.87,25.471],[87.866,25.478],[87.876,25.503],[87.961,25.538],[87.986,25.516],[87.991,25.509],[87.992,25.503],[88.01,25.494],[88.033,25.554],[87.822,25.811],[87.555,25.68],[87.49,25.673]]]},"properties":{"name":"Katihar","id":290}},{"type":"Feature","geometry":{"type":"Polygon","coordinates":[[[80.958,24.066],[80.714,24.07],[80.358,23.967],[80.015,23.976],[79.866,23.829],[79.931,23.604],[80.207,23.583],[80.358,23.307],[80.544,23.393],[80.689,23.734],[80.958,24.066]]]},"properties":{"name":"Katni","id":291}},{"type":"Feature","geometry":{"type":"Polygon","coordinates":[[[81.614,25.593],[81.337,25.81],[81.193,25.452],[81.55,25.29],[81.552,25.293],[81.599,25.323],[81.615,25.339],[81.636,25.351],[81.762,25.342],[81.819,25.409],[81.802,25.469],[81.614,25.593]]]},"properties":{"name":"Kaushambi","id":292}},{"type":"Feature","geometry":{"type":"Polygon","coordinates":[[[86.798,20.739],[86.625,20.797],[86.284,20.584],[86.255,20.367],[86.778,20.344],[86.798,20.739]]]},"properties":{"name":"Kendrapara","id":293}},{"type":"Feature","geometry":{"type":"Polygon","coordinates":[[[85.678,22.055],[85.416,22.16],[85.237,22.004],[85.377,21.91],[85.194,21.663],[85.334,21.482],[85.395,21.185],[85.729,21.143],[86.033,21.141],[86.29,21.018],[86.371,21.239],[86.362,21.3],[86.01,21.532],[86.054,21.709],[85.811,21.812],[85.678,22.055]]]},"properties":{"name":"Kendujhar","id":294}},{"type":"Feature","geometry":{"type":"Polygon","coordinates":[[[86.808,25.638],[86.512,25.611],[86.417,25.728],[86.293,25.64],[86.509,25.428],[86.731,25.254],[86.824,25.444],[86.808,25.638]]]},"properties":{"name":"Khagaria","id":295}},{"type":"Feature","geometry":{"type":"Polygon","coordinates":[[[80.982,18.174],[80.731,18.367],[80.731,18.374],[80.496,18.632],[80.389,18.598],[80.48,18.126],[80.314,17.977],[80.239,17.752],[80.054,17.596],[80.169,17.455],[79.793,17.32],[80.054,16.973],[80.572,16.771],[80.505,17.109],[80.868,17.059],[80.914,17.209],[81.172,17.241],[81.507,17.498],[81.767,17.901],[81.394,17.814],[81.013,17.845],[80.982,18.165],[80.982,18.174]]]},"properties":{"name":"Khammam","id":296}},{"type":"Feature","geometry":{"type":"Polygon","coordinates":[[[73.526,23.286],[73.015,23.161],[72.851,23],[72.841,22.993],[72.524,22.798],[72.507,22.619],[72.508,22.615],[72.513,22.612],[72.534,22.585],[72.534,22.569],[72.555,22.566],[72.574,22.507],[72.69,22.626],[72.874,22.581],[73.005,22.715],[73.23,22.634],[73.351,22.789],[73.526,23.286]]]},"properties":{"name":"Kheda","id":297}},{"type":"Feature","geometry":{"type":"Polygon","coordinates":[[[81.058,28.404],[80.558,28.691],[80.329,28.674],[80.301,28.453],[80.302,28.152],[80.124,27.996],[80.063,27.77],[80.312,27.679],[80.49,27.773],[80.993,27.825],[81.303,27.681],[81.28,27.943],[81.038,28.294],[81.058,28.404]]]},"properties":{"name":"Kheri","id":298}},{"type":"Feature","geometry":{"type":"Polygon","coordinates":[[[86.083,20.106],[85.917,20.346],[85.335,20.28],[85.454,19.964],[84.94,19.897],[85.184,19.675],[85.611,20.001],[85.689,20.149],[86.083,20.106]]]},"properties":{"name":"Khordha","id":299}},{"type":"Feature","geometry":{"type":"Polygon","coordinates":[[[85.614,22.933],[85.542,23.159],[85.19,23.244],[84.943,23.011],[84.979,22.785],[85.08,22.571],[85.149,22.806],[85.517,22.809],[85.614,22.933]]]},"properties":{"name":"Khunti","id":300}},{"type":"Feature","geometry":{"type":"Polygon","coordinates":[[[78.668,32.089],[77.867,31.783],[77.751,31.714],[77.964,31.403],[78.241,31.341],[78.295,31.293],[78.307,31.286],[78.314,31.283],[78.321,31.281],[78.332,31.28],[78.384,31.283],[78.485,31.199],[78.845,31.325],[78.668,32.089]]]},"properties":{"name":"Kinnaur","id":301}},{"type":"Feature","geometry":{"type":"Polygon","coordinates":[[[95.021,25.881],[94.851,26.035],[94.672,26.017],[94.715,25.758],[94.887,25.586],[95.021,25.881]]]},"properties":{"name":"Kiphire","id":302}},{"type":"Feature","geometry":{"type":"Polygon","coordinates":[[[88.243,26.449],[88.112,26.539],[87.648,26.393],[87.678,26.111],[87.824,25.933],[87.849,26.044],[88.231,26.289],[88.243,26.449]]]},"properties":{"name":"Kishanganj","id":303}},{"type":"Feature","geometry":{"type":"Polygon","coordinates":[[[75.707,34.216],[75.506,33.966],[75.574,33.519],[75.5,33.399],[75.629,33.222],[76.045,33.098],[76.111,33.003],[76.402,33.183],[76.748,33.179],[76.796,33.255],[76.665,33.429],[75.943,33.987],[75.707,34.216]]]},"properties":{"name":"Kishtwar","id":304}},{"type":"Feature","geometry":{"type":"Polygon","coordinates":[[[89.838,26.412],[88.988,26.534],[88.761,26.31],[89.004,26.295],[89.358,26.011],[89.55,25.999],[89.723,26.166],[89.86,26.382],[89.862,26.384],[89.838,26.412]]]},"properties":{"name":"Koch Bihar","id":305}},{"type":"Feature","geometry":{"type":"Polygon","coordinates":[[[76.021,12.566],[75.673,12.7],[75.618,12.51],[75.417,12.502],[75.422,12.291],[75.931,11.939],[76.114,11.977],[76.133,12.193],[75.911,12.402],[76.021,12.566]]]},"properties":{"name":"Kodagu","id":306}},{"type":"Feature","geometry":{"type":"Polygon","coordinates":[[[85.708,24.105],[85.708,24.13],[85.67,24.156],[85.732,24.206],[85.844,24.224],[85.911,24.762],[85.784,24.799],[85.541,24.533],[85.39,24.535],[85.088,24.381],[85.343,24.313],[85.505,24.169],[85.573,24.14],[85.653,24.123],[85.68,24.096],[85.701,24.099],[85.708,24.105]]]},"properties":{"name":"Kodarma","id":307}},{"type":"Feature","geometry":{"type":"Polygon","coordinates":[[[94.359,26.01],[93.983,25.922],[93.968,25.906],[93.935,25.646],[93.943,25.559],[94.194,25.547],[94.354,25.924],[94.359,26.01]]]},"properties":{"name":"Kohima","id":308}},{"type":"Feature","geometry":{"type":"Polygon","coordinates":[[[90.425,26.899],[90.194,26.77],[89.862,26.704],[89.838,26.412],[89.862,26.384],[89.86,26.382],[89.862,26.38],[89.868,26.375],[89.883,26.373],[89.893,26.359],[89.896,26.325],[89.855,26.259],[89.884,26.137],[90.135,26.196],[90.109,26.329],[90.283,26.32],[90.344,26.37],[90.377,26.319],[90.411,26.341],[90.417,26.345],[90.429,26.36],[90.41,26.433],[90.409,26.435],[90.4,26.476],[90.396,26.478],[90.425,26.899]]]},"properties":{"name":"Kokrajhar","id":309}},{"type":"Feature","geometry":{"type":"Polygon","coordinates":[[[77.926,13.238],[77.869,12.867],[78.232,12.763],[78.469,12.974],[78.578,13.282],[78.365,13.365],[78.2,13.566],[78.118,13.299],[77.926,13.238]]]},"properties":{"name":"Kolar","id":310}},{"type":"Feature","geometry":{"type":"Polygon","coordinates":[[[92.896,24.391],[92.765,24.518],[92.532,24.178],[92.627,23.954],[92.847,24.027],[92.896,24.391]]]},"properties":{"name":"Kolasib","id":311}},{"type":"Feature","geometry":{"type":"Polygon","coordinates":[[[74.693,16.717],[74.496,16.856],[74.039,16.924],[73.849,17.153],[73.709,17.17],[73.753,16.813],[73.854,16.65],[73.849,16.313],[74.211,15.781],[74.345,15.766],[74.503,16.225],[74.342,16.293],[74.27,16.522],[74.693,16.717]]]},"properties":{"name":"Kolhapur","id":312}},{"type":"Feature","geometry":{"type":"Polygon","coordinates":[[[88.411,22.56],[88.363,22.633],[88.274,22.555],[88.411,22.56]]]},"properties":{"name":"Kolkata","id":313}},{"type":"Feature","geometry":{"type":"Polygon","coordinates":[[[77.209,9.071],[76.656,9.149],[76.487,9.085],[76.672,8.781],[77.082,8.837],[77.201,8.769],[77.209,9.071]]]},"properties":{"name":"Kollam","id":314}},{"type":"Feature","geometry":{"type":"Polygon","coordinates":[[[76.286,15.901],[76.086,15.992],[75.846,15.838],[76.04,15.768],[75.826,15.45],[75.95,15.137],[76.249,15.191],[76.814,15.547],[76.444,15.736],[76.286,15.901]]]},"properties":{"name":"Koppal","id":315}},{"type":"Feature","geometry":{"type":"Polygon","coordinates":[[[82.283,19.204],[82.222,18.667],[82.447,18.599],[82.606,18.371],[83.074,18.402],[83.092,18.664],[83.396,18.879],[83.348,19.017],[83.351,19.029],[83.364,19.05],[83.347,19.051],[83.341,19.101],[83.299,19.121],[83.277,19.114],[83.242,18.973],[83.19,19.015],[83.186,19.114],[83.138,19.137],[83.076,19.081],[83.07,19.065],[83.073,19.058],[83.071,19.049],[83.064,19.044],[83.048,19.054],[83.032,19.057],[83.031,19.08],[82.981,19.153],[82.951,19.155],[82.879,19.184],[82.872,19.2],[82.864,19.206],[82.853,19.194],[82.843,19.2],[82.283,19.204]]]},"properties":{"name":"Koraput","id":316}},{"type":"Feature","geometry":{"type":"Polygon","coordinates":[[[82.224,22.94],[82.154,22.739],[82.143,22.33],[82.46,22.216],[82.463,22.214],[82.529,22.242],[82.53,22.24],[82.941,22.122],[83.111,22.365],[83.114,22.677],[82.56,22.844],[82.575,22.943],[82.224,22.94]]]},"properties":{"name":"Korba","id":317}},{"type":"Feature","geometry":{"type":"Polygon","coordinates":[[[81.958,23.851],[81.605,23.887],[81.737,23.564],[81.979,23.419],[81.983,23.414],[82.195,23.321],[82.123,23.103],[82.224,22.94],[82.575,22.943],[82.758,23.255],[82.499,23.785],[82.212,23.852],[81.97,23.855],[81.958,23.851]]]},"properties":{"name":"Koriya","id":318}},{"type":"Feature","geometry":{"type":"Polygon","coordinates":[[[76.322,25.809],[76.157,25.762],[76.275,25.511],[75.981,25.24],[75.794,25.258],[75.624,24.996],[75.789,24.761],[75.923,24.54],[76.443,24.783],[76.218,25.084],[76.331,25.374],[76.579,25.432],[76.525,25.525],[76.516,25.668],[76.535,25.793],[76.555,25.82],[76.572,25.835],[76.5,25.843],[76.466,25.786],[76.364,25.738],[76.322,25.809]]]},"properties":{"name":"Kota","id":319}},{"type":"Feature","geometry":{"type":"Polygon","coordinates":[[[76.633,9.856],[76.373,9.836],[76.395,9.563],[76.516,9.4],[76.654,9.48],[76.941,9.43],[76.93,9.651],[76.633,9.856]]]},"properties":{"name":"Kottayam","id":320}},{"type":"Feature","geometry":{"type":"Polygon","coordinates":[[[75.537,11.693],[75.829,11.124],[76.091,11.31],[76.143,11.449],[75.908,11.603],[75.777,11.798],[75.544,11.703],[75.537,11.693]]]},"properties":{"name":"Kozhikode","id":321}},{"type":"Feature","geometry":{"type":"Polygon","coordinates":[[[80.868,17.059],[80.505,17.109],[80.572,16.771],[80.054,16.973],[80.078,16.821],[80.146,16.663],[80.484,16.597],[80.81,16.285],[80.906,15.923],[80.819,15.743],[80.96,15.736],[81.153,15.975],[81.258,16.319],[81.548,16.387],[81.186,16.623],[80.868,17.059]]]},"properties":{"name":"Krishna","id":322}},{"type":"Feature","geometry":{"type":"Polygon","coordinates":[[[78.635,12.175],[78.652,12.258],[78.417,12.486],[78.409,12.624],[78.232,12.763],[77.869,12.867],[77.835,12.868],[77.599,12.657],[77.614,12.363],[77.473,12.245],[77.751,12.153],[78.021,12.456],[78.379,12.193],[78.635,12.175]]]},"properties":{"name":"Krishnagiri","id":323}},{"type":"Feature","geometry":{"type":"Polygon","coordinates":[[[75.153,33.579],[75.055,33.827],[75.022,33.793],[74.779,33.625],[74.555,33.692],[74.514,33.663],[74.555,33.477],[74.601,33.453],[75.01,33.461],[75.153,33.579]]]},"properties":{"name":"Kulgam","id":324}},{"type":"Feature","geometry":{"type":"Polygon","coordinates":[[[77.867,31.783],[77.745,32.092],[77.423,32.195],[77.075,32.397],[76.939,32.063],[77.306,31.662],[77.387,31.361],[77.634,31.397],[77.751,31.714],[77.867,31.783]]]},"properties":{"name":"Kullu","id":325}},{"type":"Feature","geometry":{"type":"Polygon","coordinates":[[[74.604,34.869],[73.916,34.436],[74.02,34.285],[74.366,34.354],[74.55,34.549],[74.604,34.869]]]},"properties":{"name":"Kupwara","id":326}},{"type":"Feature","geometry":{"type":"Polygon","coordinates":[[[78.921,16.116],[78.275,16.041],[78.108,15.834],[77.514,15.926],[77.253,15.962],[77.028,15.834],[77.042,15.364],[77.158,15.137],[77.662,15.232],[77.965,15.103],[78.144,14.945],[78.296,15.073],[78.763,15.038],[78.77,15.186],[78.773,15.663],[78.921,16.116]]]},"properties":{"name":"Kurnool","id":327}},{"type":"Feature","geometry":{"type":"Polygon","coordinates":[[[77.118,29.989],[77.077,30.072],[77.092,30.101],[77.081,30.113],[77.065,30.123],[77.065,30.122],[76.808,30.212],[76.64,30.151],[76.635,30.145],[76.567,30.095],[76.467,30.096],[76.554,29.858],[76.756,29.925],[77.115,29.991],[77.118,29.989]]]},"properties":{"name":"Kurukshetra","id":328}},{"type":"Feature","geometry":{"type":"Polygon","coordinates":[[[94.019,27.955],[93.843,28.239],[93.225,28.335],[92.685,28.117],[92.738,27.977],[92.97,27.826],[93.24,27.796],[93.242,27.614],[93.518,27.65],[93.971,27.736],[94.019,27.955]]]},"properties":{"name":"Kurung Kumey","id":329}},{"type":"Feature","geometry":{"type":"Polygon","coordinates":[[[83.908,27.276],[83.729,26.953],[83.545,26.88],[83.632,26.657],[83.875,26.748],[84.058,26.548],[84.417,26.636],[84.238,26.867],[84.062,26.889],[83.908,27.276]]]},"properties":{"name":"Kushinagar","id":330}},{"type":"Feature","geometry":{"type":"Polygon","coordinates":[[[77.238,32.895],[76.935,33.032],[76.796,33.255],[76.748,33.179],[76.763,32.93],[76.426,32.688],[76.865,32.461],[77.075,32.397],[77.423,32.195],[77.745,32.092],[77.867,31.783],[78.668,32.089],[78.481,32.274],[78.4,32.526],[78.314,32.709],[77.994,32.589],[77.731,32.969],[77.339,32.82],[77.238,32.895]]]},"properties":{"name":"Lahul & Spiti","id":331}},{"type":"Feature","geometry":{"type":"Polygon","coordinates":[[[94.581,27.214],[94.579,27.214],[94.571,27.214],[94.556,27.222],[94.521,27.263],[94.503,27.327],[94.463,27.305],[94.337,27.328],[94.262,27.52],[94.224,27.504],[93.7,26.992],[93.774,26.844],[93.822,26.823],[93.827,26.825],[94.571,27.178],[94.582,27.21],[94.581,27.214]]]},"properties":{"name":"Lakhimpur","id":332}},{"type":"Feature","geometry":{"type":"Polygon","coordinates":[[[86.064,25.334],[85.906,25.294],[85.919,25.239],[85.912,25.013],[86.131,24.972],[86.369,25.144],[86.299,25.297],[86.064,25.334]]]},"properties":{"name":"Lakhisarai","id":333}},{"type":"Feature","geometry":{"type":"Polygon","coordinates":[[[78.989,24.443],[78.771,24.857],[78.632,24.957],[78.57,25.221],[78.45,25.124],[78.438,25.119],[78.431,25.12],[78.396,25.122],[78.374,25.099],[78.339,25.088],[78.334,25.084],[78.332,25.079],[78.334,24.995],[78.172,24.843],[78.267,24.449],[78.506,24.39],[78.791,24.181],[78.994,24.419],[78.989,24.443]]]},"properties":{"name":"Lalitpur","id":334}},{"type":"Feature","geometry":{"type":"Polygon","coordinates":[[[84.018,23.796],[84.014,23.633],[84.077,23.331],[84.194,23.324],[84.399,23.604],[84.644,23.666],[84.886,23.558],[84.964,23.714],[84.923,23.951],[84.586,23.986],[84.588,23.979],[84.587,23.971],[84.571,23.957],[84.565,23.928],[84.485,23.894],[84.447,23.961],[84.334,23.91],[84.138,23.9],[84.018,23.796]]]},"properties":{"name":"Latehar","id":335}},{"type":"Feature","geometry":{"type":"Polygon","coordinates":[[[76.995,18.827],[76.727,18.749],[76.609,18.455],[76.277,18.557],[76.277,18.139],[76.597,18.033],[76.742,17.9],[77.209,18.279],[77.267,18.42],[77.268,18.453],[77.275,18.475],[76.995,18.827]]]},"properties":{"name":"Latur","id":336}},{"type":"Feature","geometry":{"type":"Polygon","coordinates":[[[92.935,22.555],[92.755,22.542],[92.51,22.735],[92.609,22.127],[92.855,22.064],[92.826,22.33],[92.935,22.555]]]},"properties":{"name":"Lawangtlai","id":337}},{"type":"Feature","geometry":{"type":"Polygon","coordinates":[[[78.4,32.526],[78.75,32.682],[78.827,32.439],[79.115,32.384],[79.627,32.738],[79.383,32.972],[79.455,33.259],[78.993,33.331],[78.919,33.634],[79.015,34.05],[79.376,34.033],[79.584,34.238],[79.58,34.49],[80.069,34.715],[80.295,35.602],[79.242,35.987],[79.118,35.837],[78.658,35.854],[78.273,35.722],[78.137,35.539],[77.906,35.469],[77.481,35.478],[77.069,34.88],[76.375,34.833],[76.599,34.607],[76.711,34.246],[76.712,33.922],[77.223,33.746],[77.525,33.525],[77.345,33.362],[77.238,32.895],[77.339,32.82],[77.731,32.969],[77.994,32.589],[78.314,32.709],[78.4,32.526]]]},"properties":{"name":"Leh (ladakh)","id":338}},{"type":"Feature","geometry":{"type":"Polygon","coordinates":[[[84.886,23.558],[84.644,23.666],[84.399,23.604],[84.424,23.426],[84.629,23.309],[84.898,23.32],[84.886,23.558]]]},"properties":{"name":"Lohardaga","id":339}},{"type":"Feature","geometry":{"type":"Polygon","coordinates":[[[96.704,27.66],[96.638,27.803],[96.277,28.091],[96.308,28.374],[96.053,28.193],[95.979,27.963],[95.759,27.725],[95.882,27.547],[96.129,27.619],[96.704,27.66]]]},"properties":{"name":"Lohit","id":340}},{"type":"Feature","geometry":{"type":"Polygon","coordinates":[[[94.904,26.439],[94.791,26.796],[94.738,26.764],[94.709,26.444],[94.904,26.439]]]},"properties":{"name":"Longleng","id":341}},{"type":"Feature","geometry":{"type":"Polygon","coordinates":[[[96.435,28.588],[96.116,28.782],[95.777,28.574],[95.379,28.605],[95.385,28.31],[95.567,28.255],[95.518,27.877],[95.979,27.963],[96.053,28.193],[96.308,28.374],[96.317,28.383],[96.435,28.588]]]},"properties":{"name":"Lower Dibang Valley","id":342}},{"type":"Feature","geometry":{"type":"Polygon","coordinates":[[[94.32,27.774],[94.019,27.955],[93.971,27.736],[93.518,27.65],[93.669,27.336],[93.945,27.511],[94.224,27.504],[94.262,27.52],[94.214,27.608],[94.32,27.774]]]},"properties":{"name":"Lower Subansiri","id":343}},{"type":"Feature","geometry":{"type":"Polygon","coordinates":[[[81.166,26.593],[81.219,26.706],[80.929,27.159],[80.827,27.101],[80.56,27.011],[81,26.535],[81.166,26.593]]]},"properties":{"name":"Lucknow","id":344}},{"type":"Feature","geometry":{"type":"Polygon","coordinates":[[[75.954,31.012],[75.355,30.989],[75.408,30.582],[75.655,30.634],[75.656,30.635],[76.084,30.562],[76.299,30.679],[76.337,30.859],[76.308,30.992],[75.954,31.012]]]},"properties":{"name":"Ludhiana","id":345}},{"type":"Feature","geometry":{"type":"Polygon","coordinates":[[[92.673,23.383],[92.395,23.266],[92.375,22.934],[92.51,22.735],[92.755,22.542],[92.935,22.555],[93.102,22.784],[93.128,23.003],[92.689,23.328],[92.673,23.383]]]},"properties":{"name":"Lunglei","id":346}},{"type":"Feature","geometry":{"type":"Polygon","coordinates":[[[87.093,26.055],[86.635,26.028],[86.841,25.867],[86.808,25.638],[86.824,25.444],[87.103,25.514],[87.011,25.744],[87.082,25.96],[87.093,26.055]]]},"properties":{"name":"Madhepura","id":347}},{"type":"Feature","geometry":{"type":"Polygon","coordinates":[[[86.725,26.431],[86.346,26.617],[86.03,26.666],[85.819,26.603],[85.769,26.436],[85.815,26.317],[86.322,26.158],[86.377,26.044],[86.429,26.075],[86.725,26.431]]]},"properties":{"name":"Madhubani","id":348}},{"type":"Feature","geometry":{"type":"Polygon","coordinates":[[[78.14,9.761],[78.143,9.806],[78.127,9.843],[78.156,9.873],[78.458,9.968],[78.381,10.309],[78.334,10.3],[78.16,10.111],[78.03,10.179],[77.711,10.02],[77.478,9.563],[77.644,9.705],[78.016,9.639],[78.134,9.765],[78.14,9.761]]]},"properties":{"name":"Madurai","id":349}},{"type":"Feature","geometry":{"type":"Polygon","coordinates":[[[83.867,27.345],[83.402,27.478],[83.293,27.337],[83.13,27.141],[83.545,26.88],[83.729,26.953],[83.908,27.276],[83.867,27.345]]]},"properties":{"name":"Maharajganj","id":350}},{"type":"Feature","geometry":{"type":"Polygon","coordinates":[[[82.935,21.494],[82.394,21.265],[82.166,21.328],[82.008,21.087],[82.349,20.873],[82.485,20.85],[82.639,21.09],[83.2,21.143],[83.277,21.378],[82.935,21.494]]]},"properties":{"name":"Mahasamund","id":351}},{"type":"Feature","geometry":{"type":"Polygon","coordinates":[[[78.702,16.933],[78.389,17.035],[78.294,17.224],[77.936,17.086],[77.969,16.869],[77.738,16.881],[77.788,17.154],[77.467,17.107],[77.457,16.885],[77.458,16.611],[77.289,16.407],[77.523,16.375],[77.514,15.926],[78.108,15.834],[78.275,16.041],[78.921,16.116],[79.2,16.23],[79.219,16.37],[78.674,16.648],[78.702,16.933]]]},"properties":{"name":"Mahbubnagar","id":352}},{"type":"Feature","geometry":{"type":"MultiPolygon","coordinates":[[[[75.559,11.725],[75.547,11.741],[75.545,11.754],[75.544,11.759],[75.536,11.758],[75.533,11.756],[75.533,11.753],[75.537,11.747],[75.53,11.729],[75.529,11.727],[75.528,11.72],[75.533,11.717],[75.541,11.714],[75.547,11.716],[75.549,11.715],[75.555,11.718],[75.559,11.721],[75.559,11.725]]],[[[75.537,11.693],[75.544,11.703],[75.529,11.705],[75.537,11.693]]]]},"properties":{"name":"Mahe","id":353}},{"type":"Feature","geometry":{"type":"Polygon","coordinates":[[[76.292,28.449],[76.277,28.448],[76.275,28.448],[76.259,28.436],[76.22,28.467],[76.196,28.442],[76.187,28.443],[76.079,28.394],[76,28.44],[75.906,28.43],[75.9,28.417],[75.904,28.4],[75.898,28.39],[76.027,28.277],[76.016,28.249],[75.931,27.929],[76.088,27.847],[76.231,27.836],[76.185,28.055],[76.316,28.179],[76.36,28.346],[76.331,28.365],[76.291,28.423],[76.291,28.435],[76.292,28.441],[76.292,28.449]]]},"properties":{"name":"Mahendragarh","id":354}},{"type":"Feature","geometry":{"type":"Polygon","coordinates":[[[72.865,24.016],[72.623,24.041],[72.478,23.93],[72.269,23.694],[71.97,23.531],[72,23.504],[72.336,23.107],[72.631,23.556],[72.802,23.502],[72.808,23.503],[72.788,23.833],[72.865,24.016]]]},"properties":{"name":"Mahesana","id":355}},{"type":"Feature","geometry":{"type":"Polygon","coordinates":[[[80.121,25.407],[79.98,25.631],[79.535,25.483],[79.389,25.522],[79.284,25.322],[79.558,25.165],[80.104,25.347],[80.121,25.407]]]},"properties":{"name":"Mahoba","id":356}},{"type":"Feature","geometry":{"type":"Polygon","coordinates":[[[79.251,27.331],[79.11,27.432],[78.734,27.336],[78.818,26.956],[79.327,26.96],[79.395,27.196],[79.251,27.331]]]},"properties":{"name":"Mainpuri","id":357}},{"type":"Feature","geometry":{"type":"Polygon","coordinates":[[[76.447,11.202],[76.547,11.359],[76.241,11.525],[76.143,11.449],[76.091,11.31],[75.829,11.124],[75.955,10.686],[76.07,10.727],[76.133,10.896],[76.321,10.912],[76.447,11.202]]]},"properties":{"name":"Malappuram","id":358}},{"type":"Feature","geometry":{"type":"Polygon","coordinates":[[[88.076,25.481],[88.01,25.494],[87.992,25.503],[87.986,25.516],[87.961,25.538],[87.93,25.536],[87.876,25.503],[87.866,25.478],[87.87,25.471],[87.87,25.468],[87.869,25.466],[87.857,25.469],[87.855,25.465],[87.84,25.465],[87.831,25.458],[87.832,25.446],[87.815,25.435],[87.792,25.449],[87.787,25.339],[87.856,25.298],[87.793,25.221],[87.902,24.855],[88.013,24.669],[88.162,24.85],[88.398,24.944],[88.444,25.197],[88.192,25.275],[88.183,25.29],[88.114,25.323],[88.115,25.328],[88.076,25.481]]]},"properties":{"name":"Maldah","id":359}},{"type":"Feature","geometry":{"type":"Polygon","coordinates":[[[82.437,18.493],[82.222,18.667],[82.093,18.739],[81.969,18.693],[81.955,18.566],[81.536,18.266],[81.394,17.814],[81.767,17.901],[81.982,18.014],[82.345,18.056],[82.437,18.493]]]},"properties":{"name":"Malkangiri","id":360}},{"type":"Feature","geometry":{"type":"Polygon","coordinates":[[[92.532,24.178],[92.422,24.251],[92.296,24.25],[92.331,23.91],[92.268,23.724],[92.395,23.266],[92.673,23.383],[92.627,23.954],[92.532,24.178]]]},"properties":{"name":"Mamit","id":361}},{"type":"Feature","geometry":{"type":"Polygon","coordinates":[[[76.939,32.063],[76.663,32.031],[76.641,31.875],[76.73,31.585],[76.876,31.354],[77.003,31.298],[77.387,31.361],[77.306,31.662],[76.939,32.063]]]},"properties":{"name":"Mandi","id":362}},{"type":"Feature","geometry":{"type":"Polygon","coordinates":[[[80.528,23.08],[80.246,23.148],[79.996,23.026],[79.964,22.853],[80.1,22.34],[80.711,22.205],[80.923,22.335],[81.048,22.24],[81.194,22.489],[81.083,22.61],[80.956,22.64],[80.872,22.849],[80.591,22.858],[80.528,23.08]]]},"properties":{"name":"Mandla","id":363}},{"type":"Feature","geometry":{"type":"Polygon","coordinates":[[[75.789,24.761],[75.551,24.712],[75.595,24.55],[75.374,24.336],[74.96,24.352],[74.905,24.243],[74.993,24.026],[74.94,23.763],[75.458,23.917],[75.702,23.965],[75.923,24.54],[75.789,24.761]]]},"properties":{"name":"Mandsaur","id":364}},{"type":"Feature","geometry":{"type":"Polygon","coordinates":[[[77.081,12.746],[76.852,12.977],[76.632,13.006],[76.577,12.848],[76.345,12.656],[76.458,12.478],[76.733,12.319],[76.937,12.402],[77.113,12.242],[77.323,12.307],[77.148,12.462],[77.081,12.746]]]},"properties":{"name":"Mandya","id":365}},{"type":"Feature","geometry":{"type":"Polygon","coordinates":[[[75.737,29.809],[75.579,30.143],[75.566,30.148],[75.372,30.2],[75.189,29.835],[75.3,29.559],[75.454,29.784],[75.737,29.809]]]},"properties":{"name":"Mansa","id":366}},{"type":"Feature","geometry":{"type":"Polygon","coordinates":[[[92.402,26.138],[92.551,26.36],[92.425,26.517],[92.346,26.502],[91.956,26.254],[92.18,26.078],[92.304,26.075],[92.402,26.138]]]},"properties":{"name":"Marigaon","id":367}},{"type":"Feature","geometry":{"type":"Polygon","coordinates":[[[77.898,27.584],[77.715,27.943],[77.528,27.926],[77.338,27.846],[77.285,27.801],[77.349,27.519],[77.648,27.241],[77.951,27.283],[77.898,27.584]]]},"properties":{"name":"Mathura","id":368}},{"type":"Feature","geometry":{"type":"Polygon","coordinates":[[[83.508,26.277],[83.327,26.022],[83.346,25.814],[83.733,25.856],[83.811,26.191],[83.635,26.223],[83.508,26.277]]]},"properties":{"name":"Mau","id":369}},{"type":"Feature","geometry":{"type":"Polygon","coordinates":[[[86.068,22.552],[85.967,22.482],[86.032,22.189],[85.9,21.982],[85.678,22.055],[85.811,21.812],[86.054,21.709],[86.01,21.532],[86.362,21.3],[86.688,21.594],[87,21.594],[87.099,21.865],[86.962,22.088],[86.728,22.219],[86.43,22.31],[86.068,22.552]]]},"properties":{"name":"Mayurbhanj","id":370}},{"type":"Feature","geometry":{"type":"Polygon","coordinates":[[[78.569,18.23],[78.456,18.133],[78.171,18.17],[78.079,18.079],[77.603,18.275],[77.61,18.02],[77.444,17.584],[77.69,17.509],[77.856,17.643],[78.02,17.475],[78.263,17.419],[78.43,17.701],[78.72,17.667],[78.87,17.809],[79.096,18.025],[79.009,18.204],[78.569,18.23]]]},"properties":{"name":"Medak","id":371}},{"type":"Feature","geometry":{"type":"Polygon","coordinates":[[[78.137,29.253],[77.507,29.19],[77.462,28.92],[77.732,28.736],[78.116,28.856],[78.106,29.083],[78.137,29.253]]]},"properties":{"name":"Meerut","id":372}},{"type":"Feature","geometry":{"type":"Polygon","coordinates":[[[77.338,27.846],[77.102,28.005],[77.179,28.2],[76.855,28.235],[76.863,28.22],[76.971,28.139],[76.897,27.714],[76.979,27.652],[77.047,27.815],[77.285,27.801],[77.338,27.846]]]},"properties":{"name":"Mewat","id":373}},{"type":"Feature","geometry":{"type":"Polygon","coordinates":[[[83.034,25.241],[82.672,25.248],[82.402,25.26],[82.269,25.182],[82.305,25.019],[82.108,24.807],[82.302,24.611],[82.527,24.676],[82.825,24.854],[83.108,24.817],[83.128,25.187],[83.034,25.241]]]},"properties":{"name":"Mirzapur","id":374}},{"type":"Feature","geometry":{"type":"Polygon","coordinates":[[[75.355,30.989],[75.117,31.093],[75.114,31.092],[75.112,31.088],[75.104,31.073],[75.052,31.032],[75.059,30.96],[74.955,30.891],[74.952,30.884],[74.911,30.736],[75.008,30.488],[75.293,30.51],[75.408,30.582],[75.355,30.989]]]},"properties":{"name":"Moga","id":375}},{"type":"Feature","geometry":{"type":"Polygon","coordinates":[[[94.709,26.444],[94.738,26.764],[94.596,26.725],[94.317,26.458],[94.37,26.192],[94.587,26.219],[94.709,26.444]]]},"properties":{"name":"Mokokchung","id":376}},{"type":"Feature","geometry":{"type":"Polygon","coordinates":[[[95.237,26.68],[95.196,27.037],[94.887,26.927],[94.791,26.796],[94.904,26.439],[95.076,26.471],[95.237,26.68]]]},"properties":{"name":"Mon","id":377}},{"type":"Feature","geometry":{"type":"Polygon","coordinates":[[[78.771,29.281],[78.525,29.07],[78.654,28.861],[78.44,28.796],[78.415,28.463],[78.639,28.333],[78.92,28.479],[78.839,28.66],[78.973,29.156],[78.771,29.281]]]},"properties":{"name":"Moradabad","id":378}},{"type":"Feature","geometry":{"type":"Polygon","coordinates":[[[77.206,26.113],[77.403,26.153],[77.599,25.918],[77.677,25.916],[77.815,26.255],[78.264,26.338],[78.544,26.766],[78.218,26.83],[77.821,26.549],[77.373,26.366],[77.12,26.226],[77.148,26.192],[77.152,26.162],[77.175,26.175],[77.206,26.113]]]},"properties":{"name":"Morena","id":379}},{"type":"Feature","geometry":{"type":"Polygon","coordinates":[[[74.822,30.393],[74.502,30.667],[74.329,30.446],[74.337,30.162],[74.452,29.947],[74.529,29.943],[74.707,29.97],[74.726,30.308],[74.822,30.393]]]},"properties":{"name":"Muktsar","id":380}},{"type":"Feature","geometry":{"type":"Polygon","coordinates":[[[72.897,18.979],[72.818,19.033],[72.84,18.845],[72.897,18.979]]]},"properties":{"name":"Mumbai","id":381}},{"type":"Feature","geometry":{"type":"Polygon","coordinates":[[[72.959,18.987],[72.983,19.156],[72.782,19.263],[72.818,19.033],[72.897,18.979],[72.959,18.987]]]},"properties":{"name":"Mumbai Suburban","id":382}},{"type":"Feature","geometry":{"type":"Polygon","coordinates":[[[86.731,25.254],[86.509,25.428],[86.299,25.297],[86.369,25.144],[86.503,24.979],[86.693,25.113],[86.731,25.254]]]},"properties":{"name":"Munger","id":383}},{"type":"Feature","geometry":{"type":"Polygon","coordinates":[[[88.013,24.669],[87.902,24.855],[87.837,24.747],[87.892,24.564],[88.024,24.243],[87.855,23.886],[87.966,23.803],[88.198,23.765],[88.411,23.818],[88.708,24.095],[88.714,24.12],[88.736,24.199],[88.727,24.298],[88.343,24.378],[88.013,24.669]]]},"properties":{"name":"Murshidabad","id":384}},{"type":"Feature","geometry":{"type":"Polygon","coordinates":[[[78,29.54],[77.823,29.667],[77.744,29.604],[77.144,29.695],[77.135,29.448],[77.153,29.296],[77.507,29.19],[78.137,29.253],[78,29.54]]]},"properties":{"name":"Muzaffarnagar","id":385}},{"type":"Feature","geometry":{"type":"Polygon","coordinates":[[[85.705,26.307],[85.283,26.349],[84.877,26.255],[84.899,26.215],[85.07,25.971],[85.633,25.923],[85.715,26.09],[85.705,26.307]]]},"properties":{"name":"Muzaffarpur","id":386}},{"type":"Feature","geometry":{"type":"Polygon","coordinates":[[[77.113,12.242],[76.937,12.402],[76.733,12.319],[76.458,12.478],[76.345,12.656],[76.021,12.566],[75.911,12.402],[76.133,12.193],[76.114,11.977],[76.415,11.76],[76.584,11.982],[76.824,12.01],[77.113,12.242]]]},"properties":{"name":"Mysore","id":387}},{"type":"Feature","geometry":{"type":"Polygon","coordinates":[[[82.018,20.049],[81.881,20.05],[82.06,19.796],[82.054,19.544],[82.169,19.214],[82.283,19.204],[82.742,19.16],[82.826,19.171],[82.843,19.2],[82.853,19.194],[82.857,19.204],[82.848,19.209],[82.839,19.235],[82.806,19.237],[82.826,19.256],[82.838,19.325],[82.757,19.328],[82.569,19.543],[82.593,19.776],[82.483,19.906],[82.018,20.049]]]},"properties":{"name":"Nabarangapur","id":388}},{"type":"Feature","geometry":{"type":"Polygon","coordinates":[[[88.753,23.239],[88.746,23.483],[88.565,23.648],[88.708,24.095],[88.411,23.818],[88.198,23.765],[88.392,23.497],[88.42,23.212],[88.412,22.945],[88.659,22.874],[88.753,23.239]]]},"properties":{"name":"Nadia","id":389}},{"type":"Feature","geometry":{"type":"Polygon","coordinates":[[[93.304,26.578],[93.309,26.698],[92.425,26.517],[92.551,26.36],[92.402,26.138],[92.594,25.964],[92.765,25.964],[93.073,25.775],[93.145,25.713],[93.252,25.787],[93.108,26.07],[92.822,26.265],[93.304,26.578]]]},"properties":{"name":"Nagaon","id":390}},{"type":"Feature","geometry":{"type":"Polygon","coordinates":[[[74.681,27.667],[74.344,27.679],[74.205,27.424],[73.878,27.539],[73.54,27.494],[73.375,27.26],[73.163,27.295],[73.213,26.869],[73.588,26.863],[73.721,26.552],[73.873,26.43],[74.291,26.449],[74.722,26.676],[74.977,26.89],[75.166,26.933],[75.316,27.159],[74.899,27.33],[74.681,27.667]]]},"properties":{"name":"Nagaur","id":391}},{"type":"Feature","geometry":{"type":"Polygon","coordinates":[[[79.512,21.589],[79.234,21.721],[78.937,21.486],[78.435,21.5],[78.251,21.329],[78.443,21.235],[78.805,20.877],[79.225,20.582],[79.509,20.704],[79.66,20.969],[79.514,21.121],[79.543,21.543],[79.512,21.589]]]},"properties":{"name":"Nagpur","id":392}},{"type":"Feature","geometry":{"type":"Polygon","coordinates":[[[79.852,29.434],[79.664,29.54],[79.223,29.521],[79.037,29.585],[78.908,29.45],[78.841,29.362],[79.419,29.051],[79.881,28.991],[79.97,29.053],[79.852,29.434]]]},"properties":{"name":"Nainital","id":393}},{"type":"Feature","geometry":{"type":"Polygon","coordinates":[[[85.906,25.294],[85.406,25.461],[85.181,25.309],[85.205,25.053],[85.203,25.048],[85.202,25.034],[85.211,25.034],[85.397,24.966],[85.641,25.099],[85.919,25.239],[85.906,25.294]]]},"properties":{"name":"Nalanda","id":394}},{"type":"Feature","geometry":{"type":"Polygon","coordinates":[[[91.237,26.182],[91.416,26.136],[91.528,26.33],[91.567,26.433],[91.558,26.54],[91.555,26.546],[91.562,26.554],[91.568,26.564],[91.569,26.566],[91.569,26.571],[91.57,26.573],[91.564,26.575],[91.293,26.504],[91.293,26.508],[91.292,26.508],[91.291,26.507],[91.29,26.502],[91.269,26.487],[91.241,26.455],[91.281,26.354],[91.237,26.182]]]},"properties":{"name":"Nalbari","id":395}},{"type":"Feature","geometry":{"type":"Polygon","coordinates":[[[79.793,17.32],[79.629,17.492],[79.162,17.579],[78.87,17.809],[78.72,17.667],[78.688,17.578],[78.85,17.087],[78.702,16.933],[78.674,16.648],[79.219,16.37],[79.274,16.568],[79.783,16.737],[79.951,16.64],[80.078,16.821],[80.054,16.973],[79.793,17.32]]]},"properties":{"name":"Nalgonda","id":396}},{"type":"Feature","geometry":{"type":"Polygon","coordinates":[[[78.486,11.403],[78.452,11.593],[78.058,11.512],[77.874,11.409],[77.696,11.458],[77.932,11.067],[78.168,11.011],[78.324,11.056],[78.486,11.403]]]},"properties":{"name":"Namakkal","id":397}},{"type":"Feature","geometry":{"type":"Polygon","coordinates":[[[78.315,19.913],[77.954,19.911],[78.082,19.648],[78.013,19.465],[77.646,19.548],[77.46,19.682],[77.452,19.389],[77.244,19.321],[77.104,19.104],[76.995,18.827],[77.275,18.475],[77.268,18.453],[77.267,18.42],[77.554,18.293],[77.586,18.445],[77.948,18.844],[77.765,19.063],[77.953,19.342],[78.188,19.243],[78.314,19.457],[78.315,19.913]]]},"properties":{"name":"Nanded","id":398}},{"type":"Feature","geometry":{"type":"Polygon","coordinates":[[[74.772,21.614],[74.509,21.722],[74.432,22.029],[74.142,21.952],[73.944,21.869],[73.819,21.597],[73.982,21.521],[73.943,21.296],[73.737,21.081],[73.844,21],[73.851,20.997],[74.12,21.214],[74.43,21.263],[74.686,21.403],[74.772,21.614]]]},"properties":{"name":"Nandurbar","id":399}},{"type":"Feature","geometry":{"type":"Polygon","coordinates":[[[81.094,19.69],[80.898,20.028],[80.673,19.691],[80.886,19.523],[80.834,19.352],[80.99,19.228],[80.994,19.227],[81.014,19.23],[81.03,19.232],[81.119,19.263],[81.128,19.257],[81.356,19.325],[81.483,19.661],[81.379,19.725],[81.372,19.803],[81.394,19.833],[81.346,19.832],[81.302,19.798],[81.138,19.785],[81.101,19.689],[81.094,19.69]]]},"properties":{"name":"Narayanpur","id":400}},{"type":"Feature","geometry":{"type":"Polygon","coordinates":[[[73.698,22.005],[73.504,22.037],[73.3,21.889],[73.451,21.523],[73.699,21.395],[73.7,21.395],[73.795,21.41],[73.809,21.407],[73.982,21.521],[73.819,21.597],[73.944,21.869],[73.715,21.978],[73.704,21.978],[73.707,21.997],[73.711,22.001],[73.7,22.005],[73.699,22.005],[73.698,22.005]]]},"properties":{"name":"Narmada","id":401}},{"type":"Feature","geometry":{"type":"Polygon","coordinates":[[[79.19,23.22],[78.807,23.236],[78.726,23.044],[78.442,22.985],[78.68,22.699],[79.011,22.629],[79.241,22.799],[79.326,22.616],[79.514,22.72],[79.623,22.955],[79.577,23.128],[79.372,23.164],[79.19,23.22]]]},"properties":{"name":"Narsimhapur","id":402}},{"type":"Feature","geometry":{"type":"Polygon","coordinates":[[[74.815,20.634],[74.548,20.827],[73.939,20.839],[73.741,20.567],[73.467,20.721],[73.408,20.626],[73.418,20.201],[73.25,20.125],[73.453,19.982],[73.462,19.759],[73.62,19.587],[73.916,19.682],[74.121,19.644],[74.319,19.767],[74.32,19.985],[74.673,19.947],[74.715,20.135],[74.935,20.27],[74.774,20.471],[74.815,20.634]]]},"properties":{"name":"Nashik","id":403}},{"type":"Feature","geometry":{"type":"Polygon","coordinates":[[[73.32,20.879],[73.018,21.058],[72.698,21.061],[72.845,20.731],[73.074,20.6],[73.408,20.626],[73.467,20.721],[73.499,20.818],[73.391,20.825],[73.385,20.825],[73.321,20.878],[73.32,20.879]]]},"properties":{"name":"Navsari","id":404}},{"type":"Feature","geometry":{"type":"Polygon","coordinates":[[[85.838,24.983],[85.641,25.099],[85.397,24.966],[85.276,24.747],[85.39,24.535],[85.541,24.533],[85.784,24.799],[85.911,24.762],[86.057,24.78],[85.838,24.983]]]},"properties":{"name":"Nawada","id":405}},{"type":"Feature","geometry":{"type":"Polygon","coordinates":[[[84.852,20.528],[84.794,20.581],[84.513,20.398],[84.585,20.191],[84.94,19.897],[85.454,19.964],[85.335,20.28],[84.852,20.528]]]},"properties":{"name":"Nayagarh","id":406}},{"type":"Feature","geometry":{"type":"Polygon","coordinates":[[[75.197,25.034],[75.001,24.705],[74.713,24.506],[74.716,24.505],[74.755,24.276],[74.767,24.27],[74.905,24.243],[74.96,24.352],[75.374,24.336],[75.595,24.55],[75.551,24.712],[75.303,24.812],[75.353,25.021],[75.197,25.034]]]},"properties":{"name":"Neemuch","id":407}},{"type":"Feature","geometry":{"type":"Polygon","coordinates":[[[80.049,15.018],[79.256,15.108],[79.076,15.055],[79.236,14.588],[79.414,14.296],[79.444,13.889],[79.682,13.923],[80.042,13.537],[80.27,13.563],[80.129,14.184],[80.195,14.564],[80.049,15.018]]]},"properties":{"name":"Sri Potti Sriramulu Nellore","id":408}},{"type":"Feature","geometry":{"type":"Polygon","coordinates":[[[77.26,28.623],[77.187,28.626],[77.213,28.577],[77.265,28.607],[77.26,28.623]]]},"properties":{"name":"New Delhi","id":409}},{"type":"Feature","geometry":{"type":"Polygon","coordinates":[[[78.534,18.944],[78.238,19.004],[77.948,18.844],[77.586,18.445],[77.554,18.293],[77.603,18.275],[78.079,18.079],[78.171,18.17],[78.456,18.133],[78.569,18.23],[78.585,18.738],[78.534,18.944]]]},"properties":{"name":"Nizamabad","id":410}},{"type":"Feature","geometry":{"type":"Polygon","coordinates":[[[77.214,28.784],[77.211,28.787],[77.171,28.668],[77.186,28.658],[77.253,28.654],[77.251,28.662],[77.214,28.784]]]},"properties":{"name":"North","id":411}},{"type":"Feature","geometry":{"type":"Polygon","coordinates":[[[88.813,27.414],[88.775,27.565],[88.888,27.895],[88.583,28.085],[88.253,27.948],[88.117,27.618],[88.284,27.513],[88.489,27.378],[88.813,27.414]]]},"properties":{"name":"North","id":412}},{"type":"Feature","geometry":{"type":"MultiPolygon","coordinates":[[[[88.822,22.362],[88.971,22.845],[88.753,23.239],[88.659,22.874],[88.412,22.945],[88.356,22.65],[88.363,22.633],[88.411,22.56],[88.629,22.559],[88.822,22.362]]],[[[88.727,22.056],[88.775,22.145],[88.766,22.14],[88.754,22.137],[88.746,22.127],[88.745,22.126],[88.744,22.123],[88.738,22.11],[88.735,22.105],[88.721,22.092],[88.71,22.085],[88.708,22.084],[88.706,22.082],[88.704,22.067],[88.727,22.056]]],[[[88.776,22.182],[88.807,22.283],[88.79,22.259],[88.787,22.258],[88.77,22.241],[88.763,22.241],[88.751,22.227],[88.75,22.216],[88.75,22.197],[88.756,22.196],[88.76,22.194],[88.768,22.194],[88.77,22.191],[88.77,22.19],[88.776,22.182]]]]},"properties":{"name":"North 24 Parganas","id":413}},{"type":"Feature","geometry":{"type":"Polygon","coordinates":[[[93.073,25.775],[92.822,25.74],[92.662,25.579],[92.793,25.284],[92.543,25.097],[93.252,24.972],[93.474,25.305],[93.332,25.543],[93.145,25.713],[93.073,25.775]]]},"properties":{"name":"Dima Hasao","id":414}},{"type":"Feature","geometry":{"type":"Polygon","coordinates":[[[77.251,28.662],[77.328,28.674],[77.336,28.677],[77.337,28.68],[77.214,28.784],[77.251,28.662]]]},"properties":{"name":"North East","id":415}},{"type":"Feature","geometry":{"type":"Polygon","coordinates":[[[74.119,15.652],[73.857,15.8],[73.676,15.728],[73.765,15.5],[73.923,15.404],[74.071,15.293],[74.25,15.492],[74.277,15.522],[74.119,15.652]]]},"properties":{"name":"North Goa","id":416}},{"type":"Feature","geometry":{"type":"Polygon","coordinates":[[[92.233,24.502],[91.975,24.383],[91.913,24.14],[92.053,24.099],[92.171,23.738],[92.268,23.724],[92.331,23.91],[92.296,24.25],[92.233,24.502]]]},"properties":{"name":"North Tripura","id":417}},{"type":"Feature","geometry":{"type":"Polygon","coordinates":[[[77.171,28.668],[77.211,28.787],[77.228,28.83],[77.197,28.862],[76.952,28.816],[76.964,28.695],[77.171,28.668]]]},"properties":{"name":"North West","id":418}},{"type":"Feature","geometry":{"type":"Polygon","coordinates":[[[82.703,20.726],[82.639,21.09],[82.485,20.85],[82.349,20.873],[82.417,20.407],[82.403,20.054],[82.705,19.998],[82.825,20.166],[82.687,20.45],[82.703,20.726]]]},"properties":{"name":"Nuapada","id":419}},{"type":"Feature","geometry":{"type":"Polygon","coordinates":[[[76.277,18.557],[75.587,18.697],[75.314,18.519],[75.429,18.264],[75.575,18.24],[75.764,18.44],[75.884,18.366],[76.016,18.04],[75.839,17.978],[76.19,17.682],[76.43,17.646],[76.692,17.682],[76.742,17.9],[76.597,18.033],[76.277,18.139],[76.277,18.557]]]},"properties":{"name":"Osmanabad","id":420}},{"type":"Feature","geometry":{"type":"Polygon","coordinates":[[[87.837,24.747],[87.511,24.797],[87.406,24.506],[87.574,24.505],[87.647,24.251],[87.892,24.564],[87.837,24.747]]]},"properties":{"name":"Pakur","id":421}},{"type":"Feature","geometry":{"type":"Polygon","coordinates":[[[76.839,10.338],[76.909,10.779],[76.658,10.937],[76.707,11.239],[76.447,11.202],[76.321,10.912],[76.133,10.896],[76.07,10.727],[76.471,10.751],[76.412,10.578],[76.622,10.381],[76.839,10.338]]]},"properties":{"name":"Palakkad","id":422}},{"type":"Feature","geometry":{"type":"Polygon","coordinates":[[[84.329,24.489],[84,24.637],[83.876,24.532],[83.875,24.528],[83.872,24.525],[83.855,24.493],[83.856,24.408],[83.821,24.378],[83.819,24.291],[83.9,24.193],[83.905,24.19],[83.867,24.07],[84.018,23.796],[84.138,23.9],[84.334,23.91],[84.447,23.961],[84.485,23.894],[84.565,23.928],[84.571,23.957],[84.587,23.971],[84.588,23.979],[84.586,23.986],[84.501,24.287],[84.486,24.303],[84.469,24.317],[84.329,24.489]]]},"properties":{"name":"Palamu","id":423}},{"type":"Feature","geometry":{"type":"Polygon","coordinates":[[[74.291,26.449],[73.873,26.43],[73.786,26.164],[73.316,26.034],[73.207,26.077],[72.834,25.863],[72.778,25.802],[73.056,25.56],[72.94,25.244],[73.131,25.065],[73.028,24.888],[73.145,24.758],[73.503,25.118],[73.906,25.685],[74.056,25.829],[74.117,25.866],[74.288,26.121],[74.291,26.449]]]},"properties":{"name":"Pali","id":424}},{"type":"Feature","geometry":{"type":"Polygon","coordinates":[[[77.521,28.159],[77.239,28.269],[77.179,28.2],[77.102,28.005],[77.338,27.846],[77.528,27.926],[77.479,28.078],[77.521,28.159]]]},"properties":{"name":"Palwal","id":425}},{"type":"Feature","geometry":{"type":"Polygon","coordinates":[[[73.959,23.38],[73.629,23.451],[73.526,23.286],[73.351,22.789],[73.485,22.346],[73.699,22.285],[73.805,22.549],[73.811,22.547],[73.919,23.084],[73.986,23.155],[73.998,23.283],[74.001,23.309],[74.003,23.314],[74.012,23.331],[74.012,23.332],[74.001,23.334],[73.959,23.38]]]},"properties":{"name":"Panch Mahals","id":426}},{"type":"Feature","geometry":{"type":"Polygon","coordinates":[[[77.018,30.748],[76.783,30.903],[76.841,30.76],[76.833,30.682],[76.931,30.503],[76.93,30.5],[76.936,30.497],[76.94,30.491],[76.942,30.48],[76.955,30.473],[77.125,30.563],[77.126,30.564],[77.018,30.748]]]},"properties":{"name":"Panchkula","id":427}},{"type":"Feature","geometry":{"type":"Polygon","coordinates":[[[77.135,29.448],[76.756,29.466],[76.682,29.27],[77.143,29.167],[77.153,29.296],[77.135,29.448]]]},"properties":{"name":"Panipat","id":428}},{"type":"Feature","geometry":{"type":"Polygon","coordinates":[[[80.481,24.976],[80.275,25.026],[79.96,24.657],[79.797,24.373],[79.762,24.073],[79.866,23.829],[80.015,23.976],[80.358,23.967],[80.623,24.159],[80.368,24.691],[80.634,24.865],[80.481,24.976]]]},"properties":{"name":"Panna","id":429}},{"type":"Feature","geometry":{"type":"Polygon","coordinates":[[[93.518,27.65],[93.242,27.614],[93.375,27.371],[93.23,27.251],[93.393,26.957],[93.7,26.992],[94.224,27.504],[93.945,27.511],[93.669,27.336],[93.518,27.65]]]},"properties":{"name":"Papum Pare","id":430}},{"type":"Feature","geometry":{"type":"Polygon","coordinates":[[[76.647,19.866],[76.533,19.85],[76.443,19.541],[76.209,19.278],[76.365,19.234],[76.479,18.956],[76.727,18.749],[76.995,18.827],[77.104,19.104],[76.893,19.311],[76.969,19.545],[76.679,19.846],[76.647,19.866]]]},"properties":{"name":"Parbhani","id":431}},{"type":"Feature","geometry":{"type":"Polygon","coordinates":[[[84.763,27],[84.626,27.337],[84.277,27.397],[84.117,27.521],[83.867,27.345],[83.908,27.276],[84.062,26.889],[84.238,26.867],[84.417,26.636],[84.493,26.602],[84.724,26.743],[84.763,27]]]},"properties":{"name":"Pashchim Champaran","id":432}},{"type":"Feature","geometry":{"type":"Polygon","coordinates":[[[87.525,22.93],[87.36,22.952],[87.054,22.824],[86.927,22.627],[86.612,22.799],[86.56,22.711],[86.849,22.4],[86.728,22.219],[86.962,22.088],[87.099,21.865],[87.444,21.769],[87.497,22.09],[87.73,22.192],[87.678,22.484],[87.886,22.509],[87.855,22.598],[87.525,22.93]]]},"properties":{"name":"Pashchim Medinipur","id":433}},{"type":"Feature","geometry":{"type":"Polygon","coordinates":[[[85.517,22.809],[85.149,22.806],[85.08,22.571],[85.069,22.481],[85.032,22.157],[85.237,22.004],[85.416,22.16],[85.678,22.055],[85.9,21.982],[86.032,22.189],[85.967,22.482],[85.828,22.719],[85.517,22.809]]]},"properties":{"name":"Pashchimi Singhbhum","id":434}},{"type":"Feature","geometry":{"type":"Polygon","coordinates":[[[71.97,23.531],[72.269,23.694],[72.478,23.93],[72.231,24.065],[71.972,23.892],[71.316,23.982],[71.1,23.901],[71.074,23.602],[71.377,23.645],[71.533,23.482],[71.97,23.531]]]},"properties":{"name":"Patan","id":435}},{"type":"Feature","geometry":{"type":"Polygon","coordinates":[[[77.284,9.271],[77.142,9.489],[76.941,9.43],[76.654,9.48],[76.516,9.4],[76.656,9.149],[77.209,9.071],[77.284,9.271]]]},"properties":{"name":"Pathanamthitta","id":436}},{"type":"Feature","geometry":{"type":"Polygon","coordinates":[[[76.77,30.434],[76.58,30.647],[76.102,30.52],[76.081,30.512],[75.99,30.338],[76.106,30.114],[76.102,29.807],[76.213,29.842],[76.221,29.839],[76.263,30.115],[76.467,30.096],[76.567,30.095],[76.635,30.145],[76.64,30.151],[76.77,30.434]]]},"properties":{"name":"Patiala","id":437}},{"type":"Feature","geometry":{"type":"Polygon","coordinates":[[[85.195,25.624],[84.854,25.695],[84.705,25.315],[84.865,25.216],[84.867,25.216],[85.181,25.309],[85.406,25.461],[85.906,25.294],[86.064,25.334],[85.736,25.527],[85.539,25.505],[85.195,25.624]]]},"properties":{"name":"Patna","id":438}},{"type":"Feature","geometry":{"type":"Polygon","coordinates":[[[78.845,11.52],[78.665,11.372],[78.701,11.071],[79.009,11.057],[79.17,11.377],[78.876,11.505],[78.845,11.52]]]},"properties":{"name":"Perambalur","id":439}},{"type":"Feature","geometry":{"type":"Polygon","coordinates":[[[93.935,25.646],[93.544,25.699],[93.332,25.543],[93.474,25.305],[93.607,25.198],[93.808,25.461],[93.943,25.559],[93.935,25.646]]]},"properties":{"name":"Peren","id":440}},{"type":"Feature","geometry":{"type":"Polygon","coordinates":[[[94.715,25.758],[94.354,25.924],[94.194,25.547],[94.492,25.608],[94.681,25.453],[94.887,25.586],[94.715,25.758]]]},"properties":{"name":"Phek","id":441}},{"type":"Feature","geometry":{"type":"Polygon","coordinates":[[[80.07,28.829],[79.643,28.853],[79.6,28.616],[79.744,28.466],[79.685,28.263],[80.301,28.453],[80.329,28.674],[80.07,28.829]]]},"properties":{"name":"Pilibhit","id":442}},{"type":"Feature","geometry":{"type":"Polygon","coordinates":[[[80.247,29.443],[80.573,29.923],[81.008,30.265],[80.226,30.577],[80.102,30.786],[79.994,30.314],[80.119,30.224],[79.896,29.702],[80.072,29.521],[80.247,29.443]]]},"properties":{"name":"Pithoragarh","id":443}},{"type":"Feature","geometry":{"type":"Polygon","coordinates":[[[70.075,21.732],[69.99,21.808],[69.536,21.891],[69.374,21.828],[69.982,21.227],[70.033,21.635],[70.148,21.662],[70.075,21.732]]]},"properties":{"name":"Porbandar","id":444}},{"type":"Feature","geometry":{"type":"Polygon","coordinates":[[[80.439,15.806],[80.306,16.054],[80,16.139],[79.802,15.939],[79.569,15.947],[79.556,16.305],[79.2,16.23],[78.921,16.116],[78.773,15.663],[78.77,15.186],[79.076,15.055],[79.256,15.108],[80.049,15.018],[80.08,15.257],[80.24,15.614],[80.439,15.806]]]},"properties":{"name":"Prakasam","id":445}},{"type":"Feature","geometry":{"type":"Polygon","coordinates":[[[74.773,23.54],[74.94,23.763],[74.993,24.026],[74.905,24.243],[74.767,24.27],[74.755,24.276],[74.716,24.505],[74.714,24.506],[74.707,24.501],[74.691,24.492],[74.673,24.488],[74.611,24.475],[74.543,24.479],[74.468,24.222],[74.417,24.245],[74.415,24.292],[74.398,24.303],[74.398,24.296],[74.391,24.285],[74.394,24.268],[74.384,24.235],[74.36,24.193],[74.432,24.116],[74.328,24.048],[74.325,23.937],[74.326,23.936],[74.384,23.906],[74.551,23.826],[74.773,23.54]]]},"properties":{"name":"Pratapgarh","id":446}},{"type":"Feature","geometry":{"type":"Polygon","coordinates":[[[82.432,26.009],[81.965,26.078],[81.787,26.026],[81.619,26.178],[81.572,25.973],[81.337,25.81],[81.614,25.593],[81.806,25.749],[82.027,25.709],[82.156,25.679],[82.432,26.009]]]},"properties":{"name":"Pratapgarh","id":447}},{"type":"Feature","geometry":{"type":"Polygon","coordinates":[[[78.871,10.706],[78.708,10.73],[78.451,10.605],[78.508,10.375],[78.811,10.211],[78.991,9.945],[79.114,9.846],[79.229,10.14],[79.117,10.237],[79.064,10.668],[78.871,10.706]]]},"properties":{"name":"Pudukkottai","id":448}},{"type":"Feature","geometry":{"type":"Polygon","coordinates":[[[75.055,33.827],[75.149,34.084],[74.929,33.979],[74.78,33.804],[75.022,33.793],[75.055,33.827]]]},"properties":{"name":"Pulwama","id":449}},{"type":"Feature","geometry":{"type":"Polygon","coordinates":[[[74.32,33.956],[73.945,33.837],[73.921,33.562],[74.129,33.375],[74.273,33.546],[74.555,33.477],[74.514,33.663],[74.413,33.857],[74.32,33.956]]]},"properties":{"name":"Punch","id":450}},{"type":"Feature","geometry":{"type":"Polygon","coordinates":[[[74.834,18.339],[74.58,18.473],[74.386,18.808],[74.175,19.042],[74,19.358],[73.782,19.386],[73.527,19.129],[73.324,18.559],[73.424,18.305],[73.659,18.028],[73.902,18.161],[74.71,18.029],[75.018,17.907],[75.091,18.064],[74.834,18.339]]]},"properties":{"name":"Pune","id":451}},{"type":"Feature","geometry":{"type":"Polygon","coordinates":[[[85.258,26.756],[85.196,26.869],[84.763,27],[84.724,26.743],[84.493,26.602],[84.877,26.255],[85.283,26.349],[85.267,26.399],[85.269,26.638],[85.258,26.756]]]},"properties":{"name":"Purba Champaran","id":452}},{"type":"Feature","geometry":{"type":"Polygon","coordinates":[[[87.886,22.509],[87.678,22.484],[87.73,22.192],[87.497,22.09],[87.444,21.769],[87.49,21.603],[87.961,21.826],[88.194,22.111],[87.938,22.265],[87.916,22.417],[87.905,22.422],[87.883,22.441],[87.886,22.509]]]},"properties":{"name":"Purba Medinipur","id":453}},{"type":"Feature","geometry":{"type":"Polygon","coordinates":[[[86.56,22.711],[86.24,22.996],[86.068,22.552],[86.43,22.31],[86.728,22.219],[86.849,22.4],[86.56,22.711]]]},"properties":{"name":"Purbi Singhbhum","id":454}},{"type":"Feature","geometry":{"type":"Polygon","coordinates":[[[86.083,20.106],[85.689,20.149],[85.611,20.001],[85.184,19.675],[85.178,19.464],[85.696,19.751],[86.368,19.975],[86.189,20.053],[86.083,20.106]]]},"properties":{"name":"Puri","id":455}},{"type":"Feature","geometry":{"type":"Polygon","coordinates":[[[87.824,25.933],[87.678,26.111],[87.561,25.986],[87.082,25.96],[87.011,25.744],[87.103,25.514],[87.232,25.451],[87.261,25.717],[87.49,25.673],[87.555,25.68],[87.822,25.811],[87.825,25.882],[87.824,25.933]]]},"properties":{"name":"Purnia","id":456}},{"type":"Feature","geometry":{"type":"Polygon","coordinates":[[[86.899,23.64],[86.801,23.695],[86.445,23.622],[86.358,23.466],[85.884,23.478],[85.867,23.43],[85.895,23.154],[86.24,22.996],[86.56,22.711],[86.612,22.799],[86.705,22.872],[86.784,23.342],[86.899,23.64]]]},"properties":{"name":"Puruliya","id":457}},{"type":"Feature","geometry":{"type":"Polygon","coordinates":[[[81.542,26.521],[81.166,26.593],[81,26.535],[80.939,26.357],[80.676,26.121],[81.019,26.063],[81.337,25.81],[81.572,25.973],[81.619,26.178],[81.542,26.521]]]},"properties":{"name":"Rae Bareli","id":458}},{"type":"Feature","geometry":{"type":"Polygon","coordinates":[[[77.289,16.407],[77.011,16.545],[76.329,16.191],[76.241,16.165],[76.286,15.901],[76.444,15.736],[76.814,15.547],[77.028,15.834],[77.253,15.962],[77.514,15.926],[77.523,16.375],[77.289,16.407]]]},"properties":{"name":"Raichur","id":459}},{"type":"Feature","geometry":{"type":"Polygon","coordinates":[[[83.438,22.672],[83.114,22.677],[83.111,22.365],[82.941,22.122],[83.27,21.712],[82.951,21.722],[82.935,21.494],[83.277,21.378],[83.49,21.643],[83.581,21.832],[83.564,22.102],[83.805,22.292],[83.407,22.554],[83.438,22.672]]]},"properties":{"name":"Raigarh","id":460}},{"type":"Feature","geometry":{"type":"Polygon","coordinates":[[[73.527,19.129],[72.959,18.987],[72.897,18.979],[72.84,18.845],[72.892,18.459],[73.028,17.964],[73.266,18.069],[73.409,17.885],[73.57,17.877],[73.659,18.028],[73.424,18.305],[73.324,18.559],[73.527,19.129]]]},"properties":{"name":"Raigarh","id":461}},{"type":"Feature","geometry":{"type":"Polygon","coordinates":[[[82.44,21.738],[82.038,21.884],[81.943,21.815],[81.726,21.711],[81.536,21.298],[81.613,21.024],[81.752,21.01],[82.013,20.675],[82.108,20.289],[82.018,20.049],[82.483,19.906],[82.593,19.776],[82.705,19.998],[82.403,20.054],[82.417,20.407],[82.349,20.873],[82.008,21.087],[82.166,21.328],[82.394,21.265],[82.935,21.494],[82.951,21.722],[82.446,21.743],[82.44,21.738]]]},"properties":{"name":"Raipur","id":462}},{"type":"Feature","geometry":{"type":"Polygon","coordinates":[[[78.807,23.236],[78.506,23.556],[78.293,23.674],[78.022,23.345],[77.735,23.535],[77.522,23.518],[77.626,23.329],[77.568,23.145],[77.383,23.089],[77.629,22.831],[77.965,22.961],[78.029,22.803],[78.442,22.985],[78.726,23.044],[78.807,23.236]]]},"properties":{"name":"Raisen","id":463}},{"type":"Feature","geometry":{"type":"Polygon","coordinates":[[[74.555,33.477],[74.273,33.546],[74.129,33.375],[74.217,33.146],[74.542,33.063],[74.601,33.453],[74.555,33.477]]]},"properties":{"name":"Rajouri","id":464}},{"type":"Feature","geometry":{"type":"Polygon","coordinates":[[[76.882,24.131],[76.62,24.258],[76.527,24.159],[76.219,24.213],[76.49,23.511],[77.052,23.481],[77.17,23.687],[77.228,23.896],[77.183,24.082],[76.882,24.131]]]},"properties":{"name":"Rajgarh","id":465}},{"type":"Feature","geometry":{"type":"Polygon","coordinates":[[[71.045,23.171],[70.778,23.159],[70.438,22.967],[70.437,22.964],[70.646,22.859],[70.474,22.376],[70.548,22.048],[70.216,21.965],[70.075,21.732],[70.148,21.662],[70.739,21.644],[70.777,21.662],[70.793,21.665],[71.047,21.756],[71.059,21.903],[71.392,21.978],[71.433,22.261],[71.022,22.329],[71.162,22.681],[70.954,23.011],[71.045,23.171]]]},"properties":{"name":"Rajkot","id":466}},{"type":"Feature","geometry":{"type":"Polygon","coordinates":[[[81.176,21.703],[80.845,21.83],[80.714,21.672],[80.663,21.331],[80.464,21.173],[80.431,21.01],[80.563,20.821],[80.624,20.328],[80.547,20.112],[80.946,20.441],[80.958,20.99],[81.216,21.172],[81.176,21.703]]]},"properties":{"name":"Rajnandgaon","id":467}},{"type":"Feature","geometry":{"type":"Polygon","coordinates":[[[74.184,25.848],[74.117,25.866],[74.056,25.829],[73.906,25.685],[73.503,25.118],[73.612,24.775],[73.855,24.887],[74.122,24.852],[74.259,25.065],[74.08,25.149],[74.022,25.432],[74.184,25.848]]]},"properties":{"name":"Rajsamand","id":468}},{"type":"Feature","geometry":{"type":"Polygon","coordinates":[[[77.205,13.184],[77.081,12.746],[77.148,12.462],[77.323,12.307],[77.473,12.245],[77.614,12.363],[77.599,12.657],[77.331,12.973],[77.205,13.184]]]},"properties":{"name":"Ramanagara","id":469}},{"type":"Feature","geometry":{"type":"Polygon","coordinates":[[[78.991,9.945],[78.762,9.772],[78.82,9.593],[78.419,9.596],[78.22,9.444],[78.283,9.275],[78.391,9.094],[78.988,9.275],[78.9,9.457],[79.114,9.846],[78.991,9.945]]]},"properties":{"name":"Ramanathapuram","id":470}},{"type":"Feature","geometry":{"type":"Polygon","coordinates":[[[75.153,33.579],[75.01,33.461],[75.076,33.164],[75.292,33.097],[75.417,33.358],[75.153,33.579]]]},"properties":{"name":"Ramban","id":471}},{"type":"Feature","geometry":{"type":"Polygon","coordinates":[[[85.884,23.478],[85.647,23.933],[85.493,23.802],[85.455,23.786],[85.449,23.688],[85.409,23.674],[85.34,23.701],[85.293,23.689],[85.252,23.697],[85.227,23.699],[85.223,23.69],[85.268,23.58],[85.867,23.43],[85.884,23.478]]]},"properties":{"name":"Ramgarh","id":472}},{"type":"Feature","geometry":{"type":"Polygon","coordinates":[[[79.407,28.879],[78.973,29.156],[78.839,28.66],[78.92,28.479],[79,28.385],[79.222,28.572],[79.407,28.879]]]},"properties":{"name":"Rampur","id":473}},{"type":"Feature","geometry":{"type":"Polygon","coordinates":[[[85.867,23.43],[85.268,23.58],[85.223,23.69],[85.227,23.699],[85.055,23.71],[85.054,23.714],[85.036,23.69],[85.018,23.687],[84.964,23.714],[84.886,23.558],[84.898,23.32],[84.943,23.011],[85.19,23.244],[85.542,23.159],[85.614,22.933],[85.895,23.154],[85.867,23.43]]]},"properties":{"name":"Ranchi","id":474}},{"type":"Feature","geometry":{"type":"Polygon","coordinates":[[[78.72,17.667],[78.43,17.701],[78.263,17.419],[78.02,17.475],[77.856,17.643],[77.69,17.509],[77.46,17.348],[77.467,17.107],[77.788,17.154],[77.738,16.881],[77.969,16.869],[77.936,17.086],[78.294,17.224],[78.389,17.035],[78.702,16.933],[78.85,17.087],[78.688,17.578],[78.72,17.667]],[[78.512,17.454],[78.515,17.33],[78.393,17.412],[78.512,17.454]]]},"properties":{"name":"Rangareddy","id":475}},{"type":"Feature","geometry":{"type":"Polygon","coordinates":[[[75.686,23.757],[75.458,23.917],[74.94,23.763],[74.773,23.54],[74.532,23.32],[74.74,23.227],[75.009,23.111],[75.241,23.136],[75.158,23.436],[75.28,23.587],[75.691,23.747],[75.686,23.757]]]},"properties":{"name":"Ratlam","id":476}},{"type":"Feature","geometry":{"type":"Polygon","coordinates":[[[73.57,17.877],[73.409,17.885],[73.266,18.069],[73.028,17.964],[73.282,17.111],[73.341,16.561],[73.465,16.493],[73.854,16.65],[73.753,16.813],[73.709,17.17],[73.696,17.263],[73.742,17.531],[73.566,17.722],[73.57,17.877]]]},"properties":{"name":"Ratnagiri","id":477}},{"type":"Feature","geometry":{"type":"Polygon","coordinates":[[[83.496,19.96],[83.494,19.959],[83.485,19.961],[83.481,19.964],[83.475,19.964],[83.452,19.973],[83.449,19.969],[83.409,19.923],[83.456,19.74],[83.168,19.432],[82.939,19.45],[82.958,19.325],[82.891,19.254],[82.902,19.229],[82.879,19.184],[82.951,19.155],[82.981,19.153],[83.031,19.08],[83.032,19.057],[83.064,19.044],[83.069,19.047],[83.071,19.049],[83.07,19.065],[83.076,19.081],[83.138,19.137],[83.277,19.114],[83.299,19.121],[83.341,19.101],[83.347,19.051],[83.364,19.05],[83.351,19.029],[83.348,19.017],[83.349,19.017],[83.354,19.018],[83.363,19.017],[83.37,19.003],[83.417,19.004],[83.482,19.008],[83.612,19.101],[83.692,19.052],[83.754,18.927],[83.778,18.91],[83.796,19.016],[84.024,19.141],[84.017,19.374],[83.947,19.398],[83.977,19.53],[83.936,19.566],[83.927,19.63],[83.943,19.635],[83.921,19.679],[83.844,19.71],[83.814,19.717],[83.809,19.717],[83.793,19.712],[83.781,19.712],[83.773,19.714],[83.769,19.713],[83.768,19.708],[83.761,19.675],[83.751,19.666],[83.744,19.658],[83.741,19.655],[83.734,19.654],[83.729,19.659],[83.724,19.668],[83.701,19.686],[83.638,19.672],[83.62,19.815],[83.545,19.843],[83.562,19.925],[83.496,19.96]]]},"properties":{"name":"Rayagada","id":478}},{"type":"Feature","geometry":{"type":"Polygon","coordinates":[[[75.076,33.164],[75.01,33.461],[74.601,33.453],[74.542,33.063],[74.591,32.996],[74.782,33.032],[74.947,32.877],[75.076,33.164]]]},"properties":{"name":"Reasi","id":479}},{"type":"Feature","geometry":{"type":"Polygon","coordinates":[[[82.108,24.807],[81.911,24.881],[81.91,24.98],[81.655,25.072],[81.599,25.12],[81.628,25.152],[81.542,25.185],[81.358,25.164],[81.125,24.898],[81.157,24.542],[81.306,24.322],[81.765,24.503],[81.787,24.505],[82.299,24.596],[82.307,24.599],[82.302,24.611],[82.108,24.807]]]},"properties":{"name":"Rewa","id":480}},{"type":"Feature","geometry":{"type":"Polygon","coordinates":[[[76.667,28.381],[76.45,28.427],[76.432,28.462],[76.376,28.428],[76.35,28.436],[76.3,28.432],[76.3,28.425],[76.291,28.425],[76.291,28.423],[76.331,28.365],[76.36,28.346],[76.316,28.179],[76.547,28.034],[76.863,28.22],[76.855,28.235],[76.665,28.371],[76.667,28.381]]]},"properties":{"name":"Rewari","id":481}},{"type":"Feature","geometry":{"type":"Polygon","coordinates":[[[92.18,26.078],[91.573,26.026],[91.478,25.856],[91.471,25.858],[91.345,25.835],[91.753,25.827],[91.811,25.643],[92.136,25.641],[92.162,25.672],[92.168,25.963],[92.304,26.075],[92.18,26.078]]]},"properties":{"name":"Ri Bhoi","id":482}},{"type":"Feature","geometry":{"type":"Polygon","coordinates":[[[76.903,28.862],[76.679,29.063],[76.479,29.096],[76.302,29.087],[76.22,28.981],[76.406,28.681],[76.407,28.682],[76.903,28.862]]]},"properties":{"name":"Rohtak","id":483}},{"type":"Feature","geometry":{"type":"Polygon","coordinates":[[[83.525,24.548],[83.506,24.526],[83.756,24.51],[83.79,24.523],[83.866,24.536],[83.876,24.532],[84,24.637],[84.448,25.128],[84.466,25.161],[84.279,25.353],[84.275,25.36],[83.906,25.294],[83.9,25.293],[83.897,25.289],[83.899,25.262],[83.835,25.243],[83.812,24.96],[83.709,24.542],[83.664,24.554],[83.608,24.541],[83.557,24.543],[83.534,24.542],[83.53,24.543],[83.525,24.548]]]},"properties":{"name":"Rohtas","id":484}},{"type":"Feature","geometry":{"type":"Polygon","coordinates":[[[79.279,30.726],[79.091,30.776],[79.033,30.807],[78.915,30.691],[78.837,30.393],[78.896,30.257],[79.08,30.22],[79.357,30.628],[79.308,30.675],[79.3,30.717],[79.296,30.72],[79.29,30.723],[79.279,30.726]]]},"properties":{"name":"Rudraprayag","id":485}},{"type":"Feature","geometry":{"type":"Polygon","coordinates":[[[76.337,30.859],[76.533,30.765],[76.56,30.865],[76.568,30.868],[76.686,30.918],[76.693,30.926],[76.715,30.929],[76.731,30.935],[76.739,30.939],[76.649,31.21],[76.396,31.408],[76.291,31.307],[76.339,31.226],[76.308,30.992],[76.337,30.859]]]},"properties":{"name":"Rupnagar","id":486}},{"type":"Feature","geometry":{"type":"Polygon","coordinates":[[[73.366,23.814],[73.41,24.05],[73.079,24.185],[73.183,24.335],[73.009,24.482],[72.961,24.351],[72.865,24.016],[72.788,23.833],[72.808,23.503],[72.802,23.502],[72.763,23.353],[73.015,23.161],[73.526,23.286],[73.629,23.451],[73.657,23.622],[73.366,23.814]]]},"properties":{"name":"Sabar Kantha","id":487}},{"type":"Feature","geometry":{"type":"Polygon","coordinates":[[[78.994,24.419],[78.791,24.181],[78.506,24.39],[78.267,24.449],[78.072,24.256],[78.278,24.029],[78.293,23.674],[78.506,23.556],[78.807,23.236],[79.19,23.22],[79.286,23.477],[79.285,23.745],[79.076,23.931],[79.146,24.101],[79.239,24.416],[78.994,24.419]]]},"properties":{"name":"Sagar","id":488}},{"type":"Feature","geometry":{"type":"Polygon","coordinates":[[[77.945,30.242],[77.576,30.4],[77.588,30.38],[77.223,29.936],[77.144,29.695],[77.744,29.604],[77.823,29.667],[77.716,29.862],[77.945,30.242]]]},"properties":{"name":"Saharanpur","id":489}},{"type":"Feature","geometry":{"type":"Polygon","coordinates":[[[86.635,26.028],[86.429,26.075],[86.377,26.044],[86.311,25.867],[86.417,25.728],[86.512,25.611],[86.808,25.638],[86.841,25.867],[86.635,26.028]]]},"properties":{"name":"Saharsa","id":490}},{"type":"Feature","geometry":{"type":"Polygon","coordinates":[[[87.793,25.221],[87.69,25.311],[87.658,25.308],[87.613,25.312],[87.553,25.331],[87.544,25.297],[87.479,25.241],[87.478,25.195],[87.511,24.797],[87.837,24.747],[87.902,24.855],[87.793,25.221]]]},"properties":{"name":"Sahibganj","id":491}},{"type":"Feature","geometry":{"type":"Polygon","coordinates":[[[76.74,30.936],[76.739,30.939],[76.731,30.935],[76.715,30.929],[76.693,30.926],[76.686,30.918],[76.568,30.868],[76.56,30.865],[76.533,30.765],[76.541,30.758],[76.58,30.647],[76.77,30.434],[76.929,30.495],[76.931,30.503],[76.833,30.682],[76.728,30.71],[76.773,30.795],[76.841,30.76],[76.783,30.903],[76.74,30.936]]]},"properties":{"name":"Sahibzada Ajit Singh Nagar","id":492}},{"type":"Feature","geometry":{"type":"Polygon","coordinates":[[[93.102,22.784],[92.935,22.555],[92.826,22.33],[92.855,22.064],[93.16,22.179],[93.188,22.424],[93.102,22.784]]]},"properties":{"name":"Saiha","id":493}},{"type":"Feature","geometry":{"type":"Polygon","coordinates":[[[78.627,11.864],[78.543,11.8],[78.146,11.962],[77.974,11.893],[77.676,11.949],[77.696,11.458],[77.874,11.409],[78.058,11.512],[78.452,11.593],[78.486,11.403],[78.665,11.372],[78.845,11.52],[78.651,11.664],[78.627,11.864]]]},"properties":{"name":"Salem","id":494}},{"type":"Feature","geometry":{"type":"Polygon","coordinates":[[[86.311,25.867],[85.982,25.937],[85.715,26.09],[85.633,25.923],[85.539,25.505],[85.736,25.527],[86.152,25.765],[86.293,25.64],[86.417,25.728],[86.311,25.867]]]},"properties":{"name":"Samastipur","id":495}},{"type":"Feature","geometry":{"type":"Polygon","coordinates":[[[75.201,32.409],[75.372,32.63],[75.161,32.77],[74.83,32.486],[75.201,32.409]]]},"properties":{"name":"Samba","id":496}},{"type":"Feature","geometry":{"type":"Polygon","coordinates":[[[84.68,21.735],[84.529,21.813],[84.478,22.189],[84.27,22.014],[84.297,21.796],[83.969,21.755],[83.8,21.566],[83.896,21.178],[84.283,20.927],[84.745,21.171],[84.482,21.424],[84.513,21.683],[84.68,21.735]]]},"properties":{"name":"Sambalpur","id":497}},{"type":"Feature","geometry":{"type":"Polygon","coordinates":[[[75.604,17.305],[75.017,17.225],[75.041,17.474],[74.906,17.627],[74.695,17.391],[74.262,17.384],[74.279,17.172],[74.037,17.091],[73.696,17.263],[73.709,17.17],[73.849,17.153],[74.039,16.924],[74.496,16.856],[74.693,16.717],[74.912,16.787],[75,16.947],[75.227,16.843],[75.343,16.954],[75.667,16.985],[75.604,17.305]]]},"properties":{"name":"Sangli","id":498}},{"type":"Feature","geometry":{"type":"Polygon","coordinates":[[[76.084,30.562],[75.656,30.635],[75.662,30.631],[75.668,30.623],[75.665,30.613],[75.686,30.608],[75.657,30.544],[75.663,30.301],[75.579,30.143],[75.737,29.809],[75.949,29.73],[76.102,29.807],[76.106,30.114],[75.99,30.338],[76.081,30.512],[76.088,30.527],[76.084,30.562]]]},"properties":{"name":"Sangrur","id":499}},{"type":"Feature","geometry":{"type":"Polygon","coordinates":[[[83.128,27.102],[82.905,27.021],[82.98,26.731],[82.882,26.54],[83.071,26.408],[83.09,26.715],[83.217,26.884],[83.128,27.102]]]},"properties":{"name":"Sant Kabir Nagar","id":500}},{"type":"Feature","geometry":{"type":"Polygon","coordinates":[[[82.694,25.394],[82.545,25.437],[82.506,25.472],[82.381,25.518],[82.353,25.514],[82.349,25.528],[82.342,25.534],[82.336,25.536],[82.33,25.536],[82.329,25.534],[82.327,25.533],[82.327,25.53],[82.329,25.525],[82.339,25.512],[82.329,25.498],[82.318,25.521],[82.305,25.495],[82.311,25.461],[82.353,25.419],[82.342,25.401],[82.318,25.397],[82.313,25.386],[82.316,25.374],[82.308,25.369],[82.316,25.357],[82.319,25.343],[82.302,25.308],[82.222,25.276],[82.269,25.182],[82.402,25.26],[82.672,25.248],[82.694,25.394]]]},"properties":{"name":"Sant Ravi Das Nagar(bhadohi)","id":501}},{"type":"Feature","geometry":{"type":"Polygon","coordinates":[[[85.895,23.154],[85.614,22.933],[85.517,22.809],[85.828,22.719],[85.967,22.482],[86.068,22.552],[86.24,22.996],[85.895,23.154]]]},"properties":{"name":"Saraikela-kharsawan","id":502}},{"type":"Feature","geometry":{"type":"Polygon","coordinates":[[[84.899,26.215],[84.763,26.211],[84.459,25.888],[84.604,25.738],[84.854,25.695],[85.195,25.624],[85.07,25.971],[84.899,26.215]]]},"properties":{"name":"Saran (chhapra)","id":503}},{"type":"Feature","geometry":{"type":"Polygon","coordinates":[[[74.71,18.029],[73.902,18.161],[73.659,18.028],[73.57,17.877],[73.566,17.722],[73.742,17.531],[73.696,17.263],[74.037,17.091],[74.279,17.172],[74.262,17.384],[74.695,17.391],[74.906,17.627],[74.714,17.783],[74.71,18.029]]]},"properties":{"name":"Satara","id":504}},{"type":"Feature","geometry":{"type":"Polygon","coordinates":[[[81.125,24.898],[80.865,24.932],[80.723,25.064],[80.481,24.976],[80.634,24.865],[80.368,24.691],[80.623,24.159],[80.358,23.967],[80.714,24.07],[80.958,24.066],[80.977,24.068],[80.986,24.078],[81.004,24.093],[81.012,24.092],[81.391,24.265],[81.306,24.322],[81.157,24.542],[81.125,24.898]]]},"properties":{"name":"Satna","id":505}},{"type":"Feature","geometry":{"type":"Polygon","coordinates":[[[77.383,23.089],[77.183,23.311],[77.298,23.432],[77.17,23.687],[77.052,23.481],[76.864,23.105],[76.538,23.129],[76.452,22.929],[76.581,22.773],[77,22.868],[77.124,22.559],[77.207,22.569],[77.58,22.676],[77.841,22.861],[78.029,22.803],[77.965,22.961],[77.629,22.831],[77.383,23.089]]]},"properties":{"name":"Sehore","id":506}},{"type":"Feature","geometry":{"type":"Polygon","coordinates":[[[94.492,25.608],[94.194,25.547],[93.943,25.559],[93.808,25.461],[93.955,25.286],[93.778,25.15],[93.665,24.793],[93.7,24.612],[93.725,24.592],[93.774,24.737],[93.848,24.951],[94.127,24.9],[94.087,24.693],[94.15,24.618],[94.203,24.626],[94.132,25.112],[94.299,25.249],[94.492,25.608]]]},"properties":{"name":"Senapati","id":507}},{"type":"Feature","geometry":{"type":"Polygon","coordinates":[[[79.964,22.853],[79.623,22.955],[79.514,22.72],[79.326,22.616],[79.288,22.323],[79.409,22.04],[79.234,21.721],[79.512,21.589],[79.924,21.971],[80.1,22.34],[79.964,22.853]]]},"properties":{"name":"Seoni","id":508}},{"type":"Feature","geometry":{"type":"Polygon","coordinates":[[[93.045,23.411],[92.881,23.519],[92.689,23.328],[93.128,23.003],[93.197,23.055],[93.051,23.213],[93.045,23.411]]]},"properties":{"name":"Serchhip","id":509}},{"type":"Feature","geometry":{"type":"Polygon","coordinates":[[[81.605,23.887],[81.391,24.265],[81.012,24.092],[81.007,24.088],[81.002,24.085],[81.003,24.071],[81.073,23.963],[81.131,23.967],[81.248,23.725],[81.349,23.35],[81.257,23.209],[81.442,23.057],[81.758,23.214],[81.981,23.416],[81.979,23.419],[81.737,23.564],[81.605,23.887]]]},"properties":{"name":"Shahdol","id":510}},{"type":"Feature","geometry":{"type":"Polygon","coordinates":[[[75.892,31.276],[75.788,31.199],[75.954,31.012],[76.308,30.992],[76.339,31.226],[76.173,31.136],[75.892,31.276]]]},"properties":{"name":"Shahid Bhagat Singh Nagar","id":511}},{"type":"Feature","geometry":{"type":"Polygon","coordinates":[[[80.301,28.453],[79.685,28.263],[79.498,28.02],[79.35,27.652],[79.653,27.614],[79.716,27.473],[79.696,27.653],[80.063,27.77],[80.124,27.996],[80.302,28.152],[80.301,28.453]]]},"properties":{"name":"Shahjahanpur","id":512}},{"type":"Feature","geometry":{"type":"Polygon","coordinates":[[[76.219,24.213],[75.978,23.929],[75.686,23.757],[75.691,23.747],[75.852,23.57],[76.196,23.499],[76.113,23.241],[76.538,23.129],[76.864,23.105],[77.052,23.481],[76.49,23.511],[76.219,24.213]]]},"properties":{"name":"Shajapur","id":513}},{"type":"Feature","geometry":{"type":"Polygon","coordinates":[[[85.919,25.239],[85.641,25.099],[85.838,24.983],[85.912,25.013],[85.919,25.239]]]},"properties":{"name":"Sheikhpura","id":514}},{"type":"Feature","geometry":{"type":"Polygon","coordinates":[[[85.267,26.399],[85.383,26.491],[85.269,26.638],[85.267,26.399]]]},"properties":{"name":"Sheohar","id":515}},{"type":"Feature","geometry":{"type":"Polygon","coordinates":[[[77.206,26.113],[77.175,26.175],[77.152,26.162],[77.148,26.192],[77.137,26.203],[77.116,26.22],[77.112,26.214],[77.112,26.204],[77.103,26.19],[77.091,26.182],[77.059,26.181],[77.03,26.171],[76.901,26.093],[76.889,26.081],[76.888,26.073],[76.879,26.059],[76.877,26.051],[76.836,26.024],[76.846,26.006],[76.801,25.939],[76.647,25.901],[76.603,25.871],[76.591,25.863],[76.572,25.835],[76.555,25.82],[76.541,25.804],[76.535,25.793],[76.525,25.525],[76.641,25.375],[76.859,25.325],[77.081,25.335],[77.276,25.72],[77.651,25.906],[77.599,25.918],[77.403,26.153],[77.206,26.113]]]},"properties":{"name":"Sheopur","id":516}},{"type":"Feature","geometry":{"type":"Polygon","coordinates":[[[78.241,31.341],[77.634,31.397],[77.306,31.271],[77.133,31.229],[77.032,31.275],[77.005,31.237],[77.02,31.219],[77.006,31.181],[77.034,31.159],[77.026,31.087],[77.266,30.941],[77.287,30.951],[77.295,30.952],[77.301,30.957],[77.321,30.976],[77.337,31.001],[77.374,31.022],[77.493,30.794],[77.587,30.776],[77.602,30.781],[77.62,30.794],[77.624,30.808],[77.702,30.764],[77.798,30.867],[77.805,30.921],[77.917,31.154],[78.314,31.283],[78.307,31.286],[78.295,31.293],[78.292,31.324],[78.241,31.341]]]},"properties":{"name":"Shimla","id":517}},{"type":"Feature","geometry":{"type":"Polygon","coordinates":[[[75.536,14.277],[75.371,14.37],[75.208,14.615],[75.051,14.649],[74.906,14.529],[74.919,14.231],[74.717,14.234],[74.668,13.984],[74.914,13.857],[75.14,13.463],[75.489,13.76],[75.88,13.81],[75.814,14.098],[75.586,14.057],[75.536,14.277]]]},"properties":{"name":"Shimoga","id":518}},{"type":"Feature","geometry":{"type":"Polygon","coordinates":[[[77.081,25.335],[77.311,25.431],[77.412,25.221],[77.308,25.079],[77.358,24.944],[77.45,24.928],[77.467,24.902],[77.477,24.877],[77.621,24.908],[77.748,24.867],[77.755,24.895],[77.766,24.897],[77.77,24.899],[77.822,24.978],[77.826,25],[77.871,24.997],[77.874,24.999],[77.885,25.006],[77.906,24.999],[78.008,24.961],[78.031,24.837],[78.049,24.856],[78.08,24.846],[78.09,24.847],[78.112,24.835],[78.164,24.839],[78.177,24.88],[78.334,24.995],[78.345,25.022],[78.332,25.079],[78.374,25.099],[78.396,25.122],[78.431,25.12],[78.43,25.14],[78.428,25.153],[78.436,25.153],[78.449,25.152],[78.451,25.168],[78.424,25.168],[78.392,25.19],[78.338,25.332],[78.342,25.426],[78.429,25.474],[78.416,25.503],[78.416,25.528],[78.433,25.556],[78.444,25.559],[78.453,25.572],[78.457,25.573],[78.459,25.567],[78.461,25.564],[78.464,25.564],[78.466,25.57],[78.468,25.579],[78.468,25.584],[78.389,25.607],[78.344,25.66],[78.322,25.673],[78.311,25.682],[78.31,25.688],[78.31,25.698],[78.308,25.704],[78.305,25.705],[78.301,25.7],[78.298,25.699],[78.283,25.701],[78.26,25.719],[78.214,25.739],[78.058,25.711],[77.996,25.74],[77.918,25.753],[77.745,25.882],[77.713,25.879],[77.698,25.888],[77.693,25.908],[77.689,25.911],[77.685,25.913],[77.677,25.916],[77.651,25.906],[77.276,25.72],[77.081,25.335]]]},"properties":{"name":"Shivpuri","id":519}},{"type":"Feature","geometry":{"type":"Polygon","coordinates":[[[82.209,27.844],[81.75,27.948],[81.626,27.848],[81.731,27.33],[82.077,27.411],[82.036,27.57],[82.209,27.844]]]},"properties":{"name":"Shrawasti","id":520}},{"type":"Feature","geometry":{"type":"Polygon","coordinates":[[[75.022,33.793],[74.78,33.804],[74.555,33.692],[74.779,33.625],[75.022,33.793]]]},"properties":{"name":"Shupiyan","id":521}},{"type":"Feature","geometry":{"type":"Polygon","coordinates":[[[95.372,27.105],[94.596,27.145],[94.471,27.001],[94.596,26.725],[94.738,26.764],[94.791,26.796],[94.887,26.927],[95.196,27.037],[95.372,27.105]]]},"properties":{"name":"Sivasagar","id":522}},{"type":"Feature","geometry":{"type":"Polygon","coordinates":[[[83.293,27.337],[83.184,27.453],[82.741,27.502],[82.481,27.321],[82.514,27.218],[82.484,27.204],[82.44,27.173],[82.48,27.156],[82.478,27.162],[82.476,27.166],[82.568,27.075],[82.905,27.021],[83.128,27.102],[83.13,27.141],[83.293,27.337]]]},"properties":{"name":"Siddharth Nagar","id":523}},{"type":"Feature","geometry":{"type":"Polygon","coordinates":[[[82.299,24.596],[81.787,24.505],[81.765,24.503],[81.306,24.322],[81.391,24.265],[81.605,23.887],[81.958,23.851],[81.97,23.855],[82.212,23.852],[81.879,24.124],[82.166,24.361],[82.307,24.599],[82.299,24.596]]]},"properties":{"name":"Sidhi","id":524}},{"type":"Feature","geometry":{"type":"Polygon","coordinates":[[[75.03,28.198],[74.893,28.192],[74.681,27.667],[74.899,27.33],[75.316,27.159],[75.395,27.283],[75.871,27.416],[76.088,27.847],[75.931,27.929],[75.689,27.674],[75.289,27.716],[75.03,28.198]]]},"properties":{"name":"Sikar","id":525}},{"type":"Feature","geometry":{"type":"Polygon","coordinates":[[[84.979,22.785],[84.57,22.727],[84.295,22.773],[84.01,22.523],[84.201,22.374],[84.887,22.42],[85.069,22.481],[85.08,22.571],[84.979,22.785]]]},"properties":{"name":"Simdega","id":526}},{"type":"Feature","geometry":{"type":"Polygon","coordinates":[[[73.854,16.65],[73.465,16.493],[73.341,16.561],[73.474,16.096],[73.676,15.728],[73.857,15.8],[74.119,15.652],[74.211,15.781],[73.849,16.313],[73.854,16.65]]]},"properties":{"name":"Sindhudurg","id":527}},{"type":"Feature","geometry":{"type":"Polygon","coordinates":[[[82.212,23.852],[82.499,23.785],[82.816,23.962],[82.674,24.698],[82.527,24.676],[82.302,24.611],[82.307,24.599],[82.166,24.361],[81.879,24.124],[82.212,23.852]]]},"properties":{"name":"Singrauli","id":528}},{"type":"Feature","geometry":{"type":"Polygon","coordinates":[[[77.702,30.764],[77.665,30.801],[77.624,30.808],[77.62,30.794],[77.602,30.781],[77.587,30.776],[77.493,30.794],[77.374,31.022],[77.337,31.001],[77.301,30.957],[77.295,30.952],[77.287,30.951],[77.266,30.941],[77.246,30.919],[77.018,30.748],[77.126,30.564],[77.125,30.563],[77.213,30.502],[77.213,30.495],[77.588,30.38],[77.576,30.4],[77.813,30.506],[77.702,30.764]]]},"properties":{"name":"Sirmaur","id":529}},{"type":"Feature","geometry":{"type":"Polygon","coordinates":[[[72.94,25.244],[72.506,24.923],[72.335,24.625],[72.728,24.362],[72.961,24.351],[73.009,24.482],[73.145,24.758],[73.028,24.888],[73.131,25.065],[72.94,25.244]]]},"properties":{"name":"Sirohi","id":530}},{"type":"Feature","geometry":{"type":"Polygon","coordinates":[[[75.189,29.835],[74.707,29.97],[74.529,29.943],[74.615,29.752],[74.579,29.405],[74.936,29.363],[75.244,29.249],[75.3,29.559],[75.189,29.835]]]},"properties":{"name":"Sirsa","id":531}},{"type":"Feature","geometry":{"type":"Polygon","coordinates":[[[85.819,26.603],[85.609,26.857],[85.258,26.756],[85.269,26.638],[85.383,26.491],[85.267,26.399],[85.283,26.349],[85.705,26.307],[85.769,26.436],[85.819,26.603]]]},"properties":{"name":"Sitamarhi","id":532}},{"type":"Feature","geometry":{"type":"Polygon","coordinates":[[[81.303,27.681],[80.993,27.825],[80.49,27.773],[80.312,27.679],[80.518,27.267],[80.827,27.101],[80.929,27.159],[81.412,27.337],[81.303,27.681]]]},"properties":{"name":"Sitapur","id":533}},{"type":"Feature","geometry":{"type":"Polygon","coordinates":[[[78.508,10.375],[78.381,10.309],[78.458,9.968],[78.156,9.873],[78.127,9.843],[78.143,9.806],[78.14,9.761],[78.139,9.762],[78.153,9.752],[78.173,9.748],[78.21,9.78],[78.419,9.596],[78.82,9.593],[78.762,9.772],[78.991,9.945],[78.811,10.211],[78.508,10.375]]]},"properties":{"name":"Sivaganga","id":534}},{"type":"Feature","geometry":{"type":"Polygon","coordinates":[[[84.763,26.211],[84.591,26.323],[84.18,26.372],[84.058,26.097],[84.459,25.888],[84.763,26.211]]]},"properties":{"name":"Siwan","id":535}},{"type":"Feature","geometry":{"type":"Polygon","coordinates":[[[77.003,31.298],[76.876,31.354],[76.649,31.21],[76.739,30.939],[76.74,30.936],[76.783,30.903],[77.018,30.748],[77.246,30.919],[77.026,31.087],[77.034,31.159],[77.006,31.181],[77.004,31.188],[77.004,31.195],[77.005,31.203],[77.02,31.219],[77.005,31.237],[77.015,31.272],[77.003,31.298]]]},"properties":{"name":"Solan","id":536}},{"type":"Feature","geometry":{"type":"Polygon","coordinates":[[[75.314,18.519],[74.834,18.339],[75.091,18.064],[75.018,17.907],[74.71,18.029],[74.714,17.783],[74.906,17.627],[75.041,17.474],[75.017,17.225],[75.604,17.305],[75.634,17.479],[76.073,17.334],[76.383,17.314],[76.43,17.646],[76.19,17.682],[75.839,17.978],[76.016,18.04],[75.884,18.366],[75.764,18.44],[75.575,18.24],[75.429,18.264],[75.314,18.519]]]},"properties":{"name":"Solapur","id":537}},{"type":"Feature","geometry":{"type":"Polygon","coordinates":[[[83.896,21.178],[83.459,21.055],[83.626,20.985],[83.678,20.742],[83.606,20.53],[83.852,20.823],[84.268,20.889],[84.283,20.927],[83.896,21.178]]]},"properties":{"name":"Subarnapur","id":538}},{"type":"Feature","geometry":{"type":"Polygon","coordinates":[[[83.108,24.817],[82.825,24.854],[82.527,24.676],[82.674,24.698],[82.816,23.962],[83.135,23.889],[83.331,24.101],[83.506,24.526],[83.525,24.548],[83.526,24.554],[83.475,24.733],[83.47,24.734],[83.395,24.783],[83.108,24.817]]]},"properties":{"name":"Sonbhadra","id":539}},{"type":"Feature","geometry":{"type":"Polygon","coordinates":[[[76.479,29.096],[76.679,29.063],[76.903,28.862],[76.952,28.816],[77.197,28.862],[77.143,29.167],[76.682,29.27],[76.479,29.096]]]},"properties":{"name":"Sonipat","id":540}},{"type":"Feature","geometry":{"type":"Polygon","coordinates":[[[92.364,26.586],[92.346,26.502],[92.425,26.517],[93.309,26.698],[93.774,26.844],[93.7,26.992],[93.393,26.957],[93.022,26.915],[92.642,27.017],[92.368,26.931],[92.364,26.586]]]},"properties":{"name":"Sonitpur","id":541}},{"type":"Feature","geometry":{"type":"Polygon","coordinates":[[[77.265,28.607],[77.213,28.577],[77.115,28.483],[77.175,28.403],[77.348,28.503],[77.305,28.577],[77.265,28.607]]]},"properties":{"name":"South","id":542}},{"type":"Feature","geometry":{"type":"Polygon","coordinates":[[[88.489,27.378],[88.284,27.513],[88.286,27.13],[88.528,27.178],[88.489,27.378]]]},"properties":{"name":"South","id":543}},{"type":"Feature","geometry":{"type":"Polygon","coordinates":[[[88.822,22.362],[88.629,22.559],[88.411,22.56],[88.274,22.555],[88.098,22.302],[88.416,21.901],[88.602,21.907],[88.619,22.105],[88.673,22.205],[88.79,22.259],[88.807,22.283],[88.808,22.285],[88.82,22.36],[88.822,22.362]]]},"properties":{"name":"South 24 Parganas","id":544}},{"type":"Feature","geometry":{"type":"Polygon","coordinates":[[[90.973,25.172],[90.768,25.367],[90.769,25.554],[90.647,25.416],[90.323,25.465],[90.236,25.203],[90.447,25.143],[90.973,25.172]]]},"properties":{"name":"South Garo Hills","id":545}},{"type":"Feature","geometry":{"type":"Polygon","coordinates":[[[74.088,14.896],[74.235,14.949],[74.336,15.295],[74.25,15.492],[74.071,15.293],[73.923,15.404],[73.984,15.026],[74.088,14.896]]]},"properties":{"name":"South Goa","id":546}},{"type":"Feature","geometry":{"type":"Polygon","coordinates":[[[91.779,23.691],[91.598,23.759],[91.382,23.518],[91.315,23.273],[91.457,23.258],[91.622,22.944],[91.821,23.099],[91.867,23.408],[91.779,23.691]]]},"properties":{"name":"South Tripura","id":547}},{"type":"Feature","geometry":{"type":"Polygon","coordinates":[[[77.183,28.648],[76.952,28.67],[76.889,28.504],[77.115,28.483],[77.213,28.577],[77.187,28.626],[77.183,28.648]]]},"properties":{"name":"South West","id":548}},{"type":"Feature","geometry":{"type":"Polygon","coordinates":[[[84.769,19.08],[84.435,18.992],[84.34,18.801],[84.099,18.754],[83.878,18.827],[83.796,19.016],[83.778,18.91],[83.798,18.881],[83.806,18.872],[83.82,18.862],[83.823,18.854],[83.824,18.833],[83.821,18.829],[83.809,18.827],[83.8,18.826],[83.77,18.824],[83.766,18.82],[83.761,18.814],[83.757,18.802],[83.756,18.79],[83.752,18.778],[83.748,18.775],[83.672,18.805],[83.585,18.755],[83.526,18.7],[83.435,18.438],[83.441,18.313],[83.525,18.28],[83.575,18.202],[83.604,18.168],[83.609,18.149],[83.617,18.141],[83.626,18.134],[83.619,18.127],[83.645,18.111],[83.67,18.083],[84.118,18.301],[84.555,18.786],[84.769,19.08]]]},"properties":{"name":"Srikakulam","id":549}},{"type":"Feature","geometry":{"type":"Polygon","coordinates":[[[74.714,34.347],[74.823,34.049],[74.929,33.979],[75.149,34.084],[75.194,34.19],[74.753,34.339],[74.714,34.347]]]},"properties":{"name":"Srinagar","id":550}},{"type":"Feature","geometry":{"type":"Polygon","coordinates":[[[82.221,26.407],[81.702,26.54],[81.619,26.626],[81.582,26.652],[81.561,26.642],[81.564,26.628],[81.542,26.521],[81.619,26.178],[81.787,26.026],[81.965,26.078],[82.432,26.009],[82.682,26.151],[82.68,26.255],[82.221,26.407]]]},"properties":{"name":"Sultanpur","id":551}},{"type":"Feature","geometry":{"type":"Polygon","coordinates":[[[84.01,22.523],[83.805,22.292],[83.564,22.102],[83.581,21.832],[84.27,22.014],[84.478,22.189],[84.529,21.813],[84.68,21.735],[85.151,21.594],[85.194,21.663],[85.377,21.91],[85.237,22.004],[85.032,22.157],[85.069,22.481],[84.887,22.42],[84.201,22.374],[84.01,22.523]]]},"properties":{"name":"Sundargarh","id":552}},{"type":"Feature","geometry":{"type":"Polygon","coordinates":[[[87.093,26.055],[87.038,26.561],[86.725,26.431],[86.429,26.075],[86.635,26.028],[87.093,26.055]]]},"properties":{"name":"Supaul","id":553}},{"type":"Feature","geometry":{"type":"Polygon","coordinates":[[[73.451,21.523],[72.91,21.43],[72.687,21.447],[72.685,21.445],[72.685,21.444],[72.589,21.279],[72.698,21.061],[73.018,21.058],[73.32,20.879],[73.203,21.074],[73.513,21.354],[73.7,21.395],[73.699,21.395],[73.451,21.523]]]},"properties":{"name":"Surat","id":554}},{"type":"Feature","geometry":{"type":"Polygon","coordinates":[[[72,23.504],[71.97,23.531],[71.533,23.482],[71.645,23.332],[71.594,23.137],[71.045,23.171],[70.954,23.011],[71.162,22.681],[71.022,22.329],[71.433,22.261],[71.607,22.338],[72.031,22.506],[72.02,22.992],[71.901,23.11],[71.874,23.383],[72,23.504]]]},"properties":{"name":"Surendranagar","id":555}},{"type":"Feature","geometry":{"type":"Polygon","coordinates":[[[83.331,24.101],[83.135,23.889],[82.816,23.962],[82.499,23.785],[82.758,23.255],[82.575,22.943],[82.56,22.844],[83.114,22.677],[83.438,22.672],[83.649,22.823],[83.511,23.088],[83.671,23.226],[84.041,23.169],[84.077,23.331],[84.014,23.633],[84.008,23.633],[83.956,23.625],[83.947,23.623],[83.737,23.755],[83.517,24.025],[83.331,24.101]]]},"properties":{"name":"Surguja","id":556}},{"type":"Feature","geometry":{"type":"Polygon","coordinates":[[[93.7,24.612],[93.665,24.793],[93.778,25.15],[93.955,25.286],[93.808,25.461],[93.607,25.198],[93.474,25.305],[93.252,24.972],[93.214,24.858],[93.191,24.55],[93.7,24.612]]]},"properties":{"name":"Tamenglong","id":557}},{"type":"Feature","geometry":{"type":"Polygon","coordinates":[[[74.613,31.498],[74.518,31.137],[74.703,31.115],[74.949,31.15],[75.188,31.418],[75.192,31.432],[75.273,31.482],[75.28,31.483],[75.272,31.489],[75.264,31.494],[75.258,31.495],[75.252,31.502],[75.23,31.491],[75.163,31.512],[75.124,31.495],[75.057,31.543],[74.988,31.512],[74.739,31.565],[74.613,31.498]]]},"properties":{"name":"Tarn Taran","id":558}},{"type":"Feature","geometry":{"type":"Polygon","coordinates":[[[92.419,27.822],[92.26,27.861],[91.884,27.721],[91.675,27.856],[91.567,27.584],[91.658,27.482],[92.016,27.481],[92.464,27.782],[92.472,27.814],[92.432,27.811],[92.419,27.822]]]},"properties":{"name":"Tawang","id":559}},{"type":"Feature","geometry":{"type":"Polygon","coordinates":[[[79.033,30.807],[78.484,30.627],[78.441,30.589],[78.456,30.541],[78.413,30.483],[78.282,30.61],[78.208,30.578],[78.17,30.589],[78.155,30.635],[78.016,30.613],[78.312,30.113],[78.594,30.066],[78.69,30.242],[78.896,30.257],[78.837,30.393],[78.915,30.691],[79.033,30.807]]]},"properties":{"name":"Tehri Garhwal","id":560}},{"type":"Feature","geometry":{"type":"Polygon","coordinates":[[[72.96,20.213],[72.729,20.137],[72.644,19.839],[72.782,19.263],[72.983,19.156],[72.959,18.987],[73.527,19.129],[73.782,19.386],[73.62,19.587],[73.462,19.759],[73.453,19.982],[73.25,20.125],[73.207,20.122],[72.96,20.213]]]},"properties":{"name":"Thane","id":561}},{"type":"Feature","geometry":{"type":"Polygon","coordinates":[[[79.515,10.968],[79.525,11.182],[79.461,11.154],[79.222,10.943],[79.007,10.889],[78.871,10.706],[79.064,10.668],[79.117,10.237],[79.229,10.14],[79.473,10.319],[79.277,10.871],[79.515,10.968]]]},"properties":{"name":"Thanjavur","id":562}},{"type":"Feature","geometry":{"type":"Polygon","coordinates":[[[73.89,20.932],[73.549,21.008],[73.499,20.818],[73.467,20.721],[73.741,20.567],[73.939,20.839],[73.89,20.932]]]},"properties":{"name":"The Dangs","id":563}},{"type":"Feature","geometry":{"type":"Polygon","coordinates":[[[76.847,11.582],[76.431,11.666],[76.241,11.525],[76.547,11.359],[76.447,11.202],[76.707,11.239],[76.964,11.383],[76.847,11.582]]]},"properties":{"name":"The Nilgiris","id":564}},{"type":"Feature","geometry":{"type":"Polygon","coordinates":[[[77.711,10.02],[77.701,10.19],[77.268,10.121],[77.181,9.657],[77.403,9.526],[77.478,9.563],[77.711,10.02]]]},"properties":{"name":"Theni","id":565}},{"type":"Feature","geometry":{"type":"Polygon","coordinates":[[[80.303,13.141],[80.27,13.563],[80.042,13.537],[79.938,13.349],[79.684,13.248],[79.429,13.334],[79.286,13.133],[79.63,13.144],[79.786,13.022],[80.031,13.13],[80.204,13.028],[80.303,13.141]]]},"properties":{"name":"Thiruvallur","id":566}},{"type":"Feature","geometry":{"type":"Polygon","coordinates":[[[77.201,8.769],[77.082,8.837],[76.672,8.781],[77.1,8.291],[77.27,8.579],[77.201,8.769]]]},"properties":{"name":"Thiruvananthapuram","id":567}},{"type":"Feature","geometry":{"type":"Polygon","coordinates":[[[79.747,10.997],[79.515,10.968],[79.277,10.871],[79.473,10.319],[79.677,10.325],[79.666,10.611],[79.707,10.78],[79.656,10.884],[79.692,10.931],[79.708,10.912],[79.733,10.907],[79.742,10.909],[79.744,10.913],[79.746,10.918],[79.743,10.919],[79.743,10.922],[79.741,10.923],[79.738,10.92],[79.737,10.921],[79.738,10.926],[79.726,10.928],[79.727,10.933],[79.728,10.934],[79.721,10.934],[79.726,10.942],[79.73,10.943],[79.738,10.951],[79.736,10.956],[79.726,10.951],[79.721,10.95],[79.721,10.967],[79.729,10.967],[79.757,10.959],[79.763,10.959],[79.763,10.965],[79.757,10.971],[79.755,10.974],[79.757,10.981],[79.755,10.985],[79.747,10.986],[79.747,10.997]]]},"properties":{"name":"Thiruvarur","id":568}},{"type":"Feature","geometry":{"type":"Polygon","coordinates":[[[78.283,9.275],[78.06,9.361],[77.848,9.242],[77.676,9.136],[77.818,8.771],[77.85,8.363],[77.976,8.335],[78.133,8.499],[78.213,8.962],[78.391,9.094],[78.283,9.275]]]},"properties":{"name":"Thoothukkudi","id":569}},{"type":"Feature","geometry":{"type":"Polygon","coordinates":[[[94.15,24.618],[94.087,24.693],[93.876,24.552],[93.88,24.286],[94.15,24.618]]]},"properties":{"name":"Thoubal","id":570}},{"type":"Feature","geometry":{"type":"Polygon","coordinates":[[[76.839,10.338],[76.622,10.381],[76.412,10.578],[76.471,10.751],[76.07,10.727],[75.955,10.686],[76.169,10.184],[76.418,10.296],[76.689,10.267],[76.905,10.251],[76.839,10.338]]]},"properties":{"name":"Thrissur","id":571}},{"type":"Feature","geometry":{"type":"Polygon","coordinates":[[[79.321,25.146],[78.801,25.288],[78.57,25.221],[78.632,24.957],[78.771,24.857],[78.989,24.443],[79.092,24.63],[79.297,24.675],[79.321,25.146]]]},"properties":{"name":"Tikamgarh","id":572}},{"type":"Feature","geometry":{"type":"Polygon","coordinates":[[[95.882,27.547],[95.759,27.725],[95.979,27.963],[95.518,27.877],[95.278,27.682],[95.222,27.458],[95.491,27.243],[95.637,27.23],[95.963,27.31],[95.882,27.547]]]},"properties":{"name":"Tinsukia","id":573}},{"type":"Feature","geometry":{"type":"Polygon","coordinates":[[[95.637,27.23],[95.491,27.243],[95.372,27.105],[95.196,27.037],[95.237,26.68],[95.423,26.69],[95.681,26.898],[95.637,27.23]]]},"properties":{"name":"Tirap","id":574}},{"type":"Feature","geometry":{"type":"Polygon","coordinates":[[[78.665,11.372],[78.486,11.403],[78.324,11.056],[78.168,11.011],[78.587,10.829],[78.514,10.692],[78.294,10.702],[78.198,10.547],[78.334,10.3],[78.381,10.309],[78.508,10.375],[78.451,10.605],[78.708,10.73],[78.871,10.706],[79.007,10.889],[79.009,11.057],[78.701,11.071],[78.665,11.372]]]},"properties":{"name":"Tiruchirappalli","id":575}},{"type":"Feature","geometry":{"type":"Polygon","coordinates":[[[77.848,9.242],[77.341,9.417],[77.284,9.271],[77.209,9.071],[77.201,8.769],[77.27,8.579],[77.54,8.388],[77.591,8.142],[77.976,8.335],[77.85,8.363],[77.818,8.771],[77.676,9.136],[77.848,9.242]]]},"properties":{"name":"Tirunelveli","id":576}},{"type":"Feature","geometry":{"type":"Polygon","coordinates":[[[77.778,11.051],[77.518,11.105],[77.45,11.308],[77.15,11.333],[77.144,11.334],[77.175,10.923],[77.081,10.57],[77.095,10.308],[77.289,10.23],[77.418,10.625],[77.809,10.679],[77.778,11.051]]]},"properties":{"name":"Tiruppur","id":577}},{"type":"Feature","geometry":{"type":"Polygon","coordinates":[[[79.56,12.85],[78.898,12.687],[78.652,12.258],[78.635,12.175],[78.718,11.98],[79.235,12.062],[79.287,12.319],[79.645,12.345],[79.757,12.518],[79.747,12.743],[79.56,12.85]]]},"properties":{"name":"Tiruvannamalai","id":578}},{"type":"Feature","geometry":{"type":"Polygon","coordinates":[[[76.161,26.515],[75.784,26.526],[75.712,26.445],[75.17,26.462],[75.113,26.285],[75.355,26.019],[75.319,25.764],[75.464,25.718],[75.632,25.709],[75.894,25.869],[76.157,25.762],[76.322,25.809],[76.069,26.13],[76.181,26.486],[76.161,26.515]]]},"properties":{"name":"Tonk","id":579}},{"type":"Feature","geometry":{"type":"Polygon","coordinates":[[[95.076,26.471],[94.904,26.439],[94.709,26.444],[94.587,26.219],[94.672,26.017],[94.851,26.035],[95.021,25.881],[95.126,26.094],[95.076,26.471]]]},"properties":{"name":"Tuensang","id":580}},{"type":"Feature","geometry":{"type":"MultiPolygon","coordinates":[[[[77.457,13.683],[77.432,13.834],[77.042,13.932],[76.952,14.092],[76.66,13.721],[76.354,13.578],[76.364,13.546],[76.372,13.199],[76.632,13.006],[76.852,12.977],[77.081,12.746],[77.205,13.184],[77.387,13.5],[77.457,13.683]]],[[[77.025,14.179],[77.141,14.005],[77.39,14.014],[77.287,14.338],[77.01,14.238],[77.025,14.179]]]]},"properties":{"name":"Tumkur","id":581}},{"type":"Feature","geometry":{"type":"Polygon","coordinates":[[[74.398,24.303],[74.387,24.311],[74.122,24.852],[73.855,24.887],[73.612,24.775],[73.503,25.118],[73.145,24.758],[73.009,24.482],[73.183,24.335],[73.079,24.185],[73.41,24.05],[73.366,23.814],[73.518,23.931],[73.918,23.983],[74.259,23.93],[74.275,23.936],[74.314,23.945],[74.325,23.937],[74.328,24.048],[74.432,24.116],[74.36,24.193],[74.384,24.235],[74.394,24.268],[74.391,24.285],[74.398,24.296],[74.398,24.303]]]},"properties":{"name":"Udaipur","id":582}},{"type":"Feature","geometry":{"type":"Polygon","coordinates":[[[92.364,26.586],[92.368,26.931],[92.111,26.893],[91.708,26.811],[91.789,26.499],[92.189,26.669],[92.355,26.585],[92.364,26.586]]]},"properties":{"name":"Udalguri","id":583}},{"type":"Feature","geometry":{"type":"Polygon","coordinates":[[[75.292,33.097],[75.076,33.164],[74.947,32.877],[75.161,32.77],[75.372,32.63],[75.825,32.854],[75.292,33.097]]]},"properties":{"name":"Udhampur","id":584}},{"type":"Feature","geometry":{"type":"Polygon","coordinates":[[[78.841,29.362],[78.771,29.281],[78.973,29.156],[79.407,28.879],[79.643,28.853],[80.07,28.829],[80.163,29.114],[79.97,29.053],[79.881,28.991],[79.419,29.051],[78.841,29.362]]]},"properties":{"name":"Udham Singh Nagar","id":585}},{"type":"Feature","geometry":{"type":"Polygon","coordinates":[[[75.14,13.463],[74.914,13.857],[74.668,13.984],[74.582,13.926],[74.788,13.097],[75.014,12.984],[75.2,13.179],[75.14,13.463]]]},"properties":{"name":"Udupi","id":586}},{"type":"Feature","geometry":{"type":"Polygon","coordinates":[[[76.113,23.241],[76.196,23.499],[75.852,23.57],[75.691,23.747],[75.28,23.587],[75.158,23.436],[75.241,23.136],[75.438,22.869],[75.479,23.002],[75.9,23],[76.113,23.241]]]},"properties":{"name":"Ujjain","id":587}},{"type":"Feature","geometry":{"type":"Polygon","coordinates":[[[94.681,25.453],[94.492,25.608],[94.299,25.249],[94.132,25.112],[94.203,24.626],[94.407,24.483],[94.608,24.715],[94.74,25.018],[94.6,25.189],[94.681,25.453]]]},"properties":{"name":"Ukhrul","id":588}},{"type":"Feature","geometry":{"type":"Polygon","coordinates":[[[81.257,23.209],[81.349,23.35],[81.248,23.725],[81.131,23.967],[81.073,23.963],[81.003,24.071],[81.002,24.085],[81.007,24.088],[81.012,24.092],[81.004,24.093],[80.986,24.078],[80.977,24.068],[80.958,24.066],[80.689,23.734],[80.544,23.393],[80.574,23.352],[81.125,23.216],[81.138,23.235],[81.139,23.242],[81.193,23.29],[81.203,23.279],[81.257,23.209]]]},"properties":{"name":"Umaria","id":589}},{"type":"Feature","geometry":{"type":"Polygon","coordinates":[[[76.314,31.722],[75.959,31.856],[76.017,31.645],[76.291,31.307],[76.396,31.408],[76.459,31.486],[76.314,31.722]]]},"properties":{"name":"Una","id":590}},{"type":"Feature","geometry":{"type":"Polygon","coordinates":[[[80.56,27.011],[80.052,26.919],[80.567,26.227],[80.676,26.121],[80.939,26.357],[81,26.535],[80.56,27.011]]]},"properties":{"name":"Unnao","id":591}},{"type":"Feature","geometry":{"type":"Polygon","coordinates":[[[95.272,29.048],[94.803,29.164],[94.634,29.348],[94.191,29.038],[94.749,28.686],[94.762,28.534],[95.088,28.526],[95.11,28.263],[95.385,28.31],[95.379,28.605],[95.272,29.048]]]},"properties":{"name":"Upper Siang","id":592}},{"type":"Feature","geometry":{"type":"Polygon","coordinates":[[[94.32,27.774],[94.581,27.856],[94.395,28.082],[94.407,28.328],[94.005,28.577],[93.965,28.712],[93.338,28.633],[93.225,28.335],[93.843,28.239],[94.019,27.955],[94.32,27.774]]]},"properties":{"name":"Upper Subansiri","id":593}},{"type":"Feature","geometry":{"type":"Polygon","coordinates":[[[88.461,25.593],[88.116,25.796],[88.163,26.105],[88.523,26.383],[88.345,26.497],[88.243,26.449],[88.231,26.289],[87.849,26.044],[87.824,25.933],[87.825,25.882],[88.057,25.686],[88.076,25.481],[88.115,25.328],[88.114,25.323],[88.183,25.29],[88.185,25.286],[88.461,25.593]]]},"properties":{"name":"Uttar Dinajpur","id":594}},{"type":"Feature","geometry":{"type":"Polygon","coordinates":[[[74.743,15.411],[74.614,15.359],[74.277,15.522],[74.25,15.492],[74.336,15.295],[74.235,14.949],[74.088,14.896],[74.263,14.722],[74.516,13.989],[74.582,13.926],[74.668,13.984],[74.717,14.234],[74.919,14.231],[74.906,14.529],[75.051,14.649],[75.081,15.073],[74.743,15.411]]]},"properties":{"name":"Uttara Kannada","id":595}},{"type":"Feature","geometry":{"type":"Polygon","coordinates":[[[77.805,30.921],[77.818,30.936],[77.841,30.934],[77.909,30.954],[77.917,30.962],[77.929,30.969],[77.971,30.975],[77.989,30.849],[78.208,30.578],[78.413,30.483],[78.456,30.541],[78.441,30.589],[78.484,30.627],[78.855,30.755],[78.879,30.877],[79,30.862],[79.091,30.776],[79.217,30.74],[79.249,30.733],[79.259,30.724],[79.275,30.725],[79.279,30.726],[79.281,30.727],[79.291,30.752],[79.23,30.808],[79.331,31.028],[79.264,31.291],[79.073,31.467],[78.925,31.229],[78.485,31.199],[78.384,31.283],[78.332,31.28],[78.321,31.281],[78.314,31.283],[77.917,31.154],[77.805,30.921]]]},"properties":{"name":"Uttarkashi","id":596}},{"type":"Feature","geometry":{"type":"Polygon","coordinates":[[[73.805,22.549],[73.699,22.285],[73.485,22.346],[73.351,22.789],[73.23,22.634],[72.915,22.278],[72.92,22.261],[72.899,22.232],[72.865,22.226],[72.907,22.067],[73.21,21.82],[73.3,21.889],[73.504,22.037],[73.698,22.005],[73.699,22.005],[73.7,22.005],[73.711,22.001],[73.707,21.997],[73.704,21.978],[73.715,21.978],[73.944,21.869],[74.142,21.952],[74.063,22.549],[73.815,22.546],[73.805,22.549]]]},"properties":{"name":"Vadodara","id":597}},{"type":"Feature","geometry":{"type":"Polygon","coordinates":[[[85.633,25.923],[85.07,25.971],[85.195,25.624],[85.539,25.505],[85.633,25.923]]]},"properties":{"name":"Vaishali","id":598}},{"type":"Feature","geometry":{"type":"Polygon","coordinates":[[[73.408,20.626],[73.074,20.6],[72.845,20.731],[72.845,20.475],[72.896,20.421],[72.802,20.374],[72.729,20.137],[72.96,20.213],[73.167,20.312],[73.207,20.122],[73.25,20.125],[73.418,20.201],[73.408,20.626]]]},"properties":{"name":"Valsad","id":599}},{"type":"Feature","geometry":{"type":"Polygon","coordinates":[[[83.072,25.551],[82.743,25.546],[82.694,25.394],[82.672,25.248],[83.034,25.241],[83.18,25.51],[83.072,25.551]]]},"properties":{"name":"Varanasi","id":600}},{"type":"Feature","geometry":{"type":"Polygon","coordinates":[[[79.786,13.022],[79.63,13.144],[79.286,13.133],[79.165,13.019],[78.812,13.086],[78.632,12.985],[78.564,12.708],[78.409,12.624],[78.417,12.486],[78.652,12.258],[78.898,12.687],[79.56,12.85],[79.786,13.022]]]},"properties":{"name":"Vellore","id":601}},{"type":"Feature","geometry":{"type":"Polygon","coordinates":[[[77.649,24.315],[77.401,24.275],[77.264,24.07],[77.319,23.894],[77.651,23.698],[77.522,23.518],[77.735,23.535],[78.022,23.345],[78.293,23.674],[78.278,24.029],[78.072,24.256],[77.649,24.315]]]},"properties":{"name":"Vidisha","id":602}},{"type":"Feature","geometry":{"type":"Polygon","coordinates":[[[79.645,12.345],[79.287,12.319],[79.235,12.062],[78.718,11.98],[78.627,11.864],[78.651,11.664],[78.845,11.52],[78.876,11.505],[79.185,11.586],[79.675,11.806],[79.676,11.814],[79.682,11.813],[79.683,11.812],[79.687,11.821],[79.691,11.82],[79.689,11.828],[79.703,11.831],[79.696,11.843],[79.695,11.859],[79.69,11.867],[79.69,11.882],[79.688,11.884],[79.686,11.881],[79.674,11.886],[79.695,11.894],[79.695,11.9],[79.695,11.908],[79.718,11.917],[79.717,11.891],[79.73,11.889],[79.731,11.901],[79.733,11.904],[79.719,11.927],[79.711,11.934],[79.713,11.931],[79.693,11.954],[79.716,11.966],[79.71,11.975],[79.657,11.99],[79.659,12],[79.659,12.007],[79.662,12.011],[79.707,12.025],[79.706,12.01],[79.717,12],[79.718,11.994],[79.767,11.99],[79.729,11.97],[79.752,11.942],[79.752,11.922],[79.756,11.922],[79.756,11.924],[79.763,11.943],[79.807,11.962],[79.807,11.972],[79.833,11.955],[79.841,12.013],[79.844,12.032],[79.85,12.05],[79.875,12.043],[80.005,12.256],[79.645,12.345]],[[79.628,12.03],[79.654,12.024],[79.64,11.99],[79.642,11.973],[79.649,11.96],[79.649,11.953],[79.643,11.945],[79.658,11.948],[79.659,11.944],[79.661,11.94],[79.661,11.938],[79.671,11.933],[79.672,11.922],[79.672,11.915],[79.663,11.914],[79.627,11.902],[79.628,11.904],[79.62,11.924],[79.62,11.94],[79.621,11.944],[79.629,11.944],[79.629,11.954],[79.618,11.97],[79.619,11.987],[79.625,11.988],[79.62,12],[79.62,12.009],[79.622,12.014],[79.628,12.03]],[[79.6,11.88],[79.631,11.888],[79.636,11.881],[79.637,11.887],[79.643,11.886],[79.65,11.88],[79.649,11.875],[79.657,11.871],[79.664,11.86],[79.627,11.852],[79.62,11.863],[79.602,11.857],[79.601,11.875],[79.6,11.88]],[[79.663,11.968],[79.689,11.972],[79.685,11.953],[79.654,11.959],[79.661,11.962],[79.663,11.968]],[[79.641,11.823],[79.661,11.839],[79.66,11.826],[79.671,11.823],[79.67,11.815],[79.646,11.816],[79.641,11.823]]]},"properties":{"name":"Viluppuram","id":603}},{"type":"Feature","geometry":{"type":"Polygon","coordinates":[[[78.134,9.765],[78.016,9.639],[77.644,9.705],[77.478,9.563],[77.403,9.526],[77.341,9.417],[77.848,9.242],[78.06,9.361],[78.283,9.275],[78.22,9.444],[78.419,9.596],[78.21,9.78],[78.173,9.748],[78.153,9.752],[78.139,9.762],[78.134,9.765]]]},"properties":{"name":"Virudunagar","id":604}},{"type":"Feature","geometry":{"type":"Polygon","coordinates":[[[83.147,18.177],[83.075,18.381],[82.606,18.371],[82.437,18.493],[82.345,18.056],[81.982,18.014],[81.97,17.744],[82.604,17.463],[82.55,17.248],[83.217,17.59],[83.2,17.845],[83,18],[83.147,18.177]]]},"properties":{"name":"Visakhapatnam","id":605}},{"type":"Feature","geometry":{"type":"Polygon","coordinates":[[[83.147,18.177],[83,18],[83.2,17.845],[83.397,18.052],[83.668,18.073],[83.619,18.127],[83.626,18.134],[83.617,18.141],[83.609,18.149],[83.604,18.168],[83.525,18.28],[83.441,18.313],[83.435,18.438],[83.526,18.7],[83.585,18.755],[83.672,18.805],[83.685,18.804],[83.748,18.775],[83.756,18.79],[83.757,18.802],[83.761,18.814],[83.766,18.82],[83.77,18.824],[83.8,18.826],[83.809,18.827],[83.821,18.829],[83.824,18.833],[83.823,18.854],[83.82,18.862],[83.798,18.881],[83.784,18.899],[83.778,18.91],[83.754,18.927],[83.692,19.052],[83.612,19.101],[83.482,19.008],[83.45,18.956],[83.417,19.004],[83.37,19.003],[83.363,19.017],[83.354,19.018],[83.349,19.017],[83.348,19.017],[83.396,18.879],[83.092,18.664],[83.074,18.402],[83.147,18.177]]]},"properties":{"name":"Vizianagaram","id":606}},{"type":"Feature","geometry":{"type":"Polygon","coordinates":[[[80.389,18.598],[80.344,18.595],[80.219,18.39],[79.959,18.507],[79.597,18.47],[79.624,18.182],[79.375,18.02],[79.096,18.025],[78.87,17.809],[79.162,17.579],[79.629,17.492],[79.793,17.32],[80.169,17.455],[80.054,17.596],[80.239,17.752],[80.314,17.977],[80.48,18.126],[80.389,18.598]]]},"properties":{"name":"Warangal","id":607}},{"type":"Feature","geometry":{"type":"Polygon","coordinates":[[[78.251,21.329],[78.146,20.952],[78.28,20.696],[78.802,20.298],[78.819,20.387],[79.225,20.582],[78.805,20.877],[78.443,21.235],[78.251,21.329]]]},"properties":{"name":"Wardha","id":608}},{"type":"Feature","geometry":{"type":"Polygon","coordinates":[[[77.653,20.564],[77.616,20.76],[77.349,20.465],[77.055,20.448],[76.822,20.28],[76.671,20.126],[76.647,19.866],[76.679,19.846],[77.036,20.01],[77.286,19.91],[77.374,20.046],[77.669,20.1],[77.575,20.393],[77.653,20.564]]]},"properties":{"name":"Washim","id":609}},{"type":"Feature","geometry":{"type":"Polygon","coordinates":[[[76.415,11.76],[76.114,11.977],[75.931,11.939],[75.777,11.798],[75.908,11.603],[76.143,11.449],[76.241,11.525],[76.431,11.666],[76.415,11.76]]]},"properties":{"name":"Wayanad","id":610}},{"type":"Feature","geometry":{"type":"Polygon","coordinates":[[[77.171,28.668],[76.964,28.695],[76.952,28.67],[77.183,28.648],[77.186,28.658],[77.171,28.668]]]},"properties":{"name":"West","id":611}},{"type":"Feature","geometry":{"type":"Polygon","coordinates":[[[88.284,27.513],[88.117,27.618],[88.017,27.216],[88.286,27.13],[88.284,27.513]]]},"properties":{"name":"West","id":612}},{"type":"Feature","geometry":{"type":"Polygon","coordinates":[[[90.323,25.465],[90.445,25.696],[90.385,25.867],[90.115,25.954],[89.898,25.727],[89.856,25.477],[89.817,25.369],[90.236,25.203],[90.323,25.465]]]},"properties":{"name":"West Garo Hills","id":613}},{"type":"Feature","geometry":{"type":"Polygon","coordinates":[[[81.72,16.328],[81.868,16.616],[81.749,16.813],[81.659,17.322],[81.507,17.498],[81.172,17.241],[80.914,17.209],[80.868,17.059],[81.186,16.623],[81.548,16.387],[81.72,16.328]]]},"properties":{"name":"West Godavari","id":614}},{"type":"Feature","geometry":{"type":"Polygon","coordinates":[[[92.642,27.017],[92.851,27.289],[92.794,27.554],[92.613,27.555],[92.464,27.782],[92.016,27.481],[92.032,27.078],[92.111,26.893],[92.368,26.931],[92.642,27.017]]]},"properties":{"name":"West Kameng","id":615}},{"type":"Feature","geometry":{"type":"Polygon","coordinates":[[[91.811,25.643],[91.753,25.827],[91.345,25.835],[91.004,25.822],[90.769,25.554],[90.768,25.367],[90.973,25.172],[91.391,25.17],[91.547,25.279],[91.545,25.511],[91.811,25.643]]]},"properties":{"name":"West Khasi Hills","id":616}},{"type":"Feature","geometry":{"type":"Polygon","coordinates":[[[76.214,22.33],[76.087,22.547],[76.059,22.462],[75.559,22.375],[75.505,22.158],[75.319,22.134],[75.264,21.745],[75.44,21.676],[75.619,21.391],[75.992,21.374],[76.079,21.572],[76.104,21.847],[76.234,22.073],[76.214,22.33]]]},"properties":{"name":"West Nimar","id":617}},{"type":"Feature","geometry":{"type":"Polygon","coordinates":[[[94.762,28.534],[94.749,28.686],[94.191,29.038],[93.965,28.712],[94.005,28.577],[94.407,28.328],[94.395,28.082],[94.581,27.856],[94.32,27.774],[94.214,27.608],[94.502,27.574],[94.868,27.742],[94.938,28.244],[94.762,28.534]]]},"properties":{"name":"West Siang","id":618}},{"type":"Feature","geometry":{"type":"Polygon","coordinates":[[[91.761,24.139],[91.428,24.109],[91.285,23.98],[91.163,23.601],[91.315,23.273],[91.382,23.518],[91.598,23.759],[91.779,23.691],[91.761,24.139]]]},"properties":{"name":"West Tripura","id":619}},{"type":"Feature","geometry":{"type":"Polygon","coordinates":[[[94.317,26.458],[94.168,26.349],[94.013,26.182],[93.983,25.922],[94.359,26.01],[94.37,26.192],[94.317,26.458]]]},"properties":{"name":"Wokha","id":620}},{"type":"Feature","geometry":{"type":"Polygon","coordinates":[[[77.457,16.885],[77.24,16.943],[76.895,16.896],[76.46,16.711],[76.329,16.191],[77.011,16.545],[77.289,16.407],[77.458,16.611],[77.457,16.885]]]},"properties":{"name":"Yadgir","id":621}},{"type":"Feature","geometry":{"type":"Polygon","coordinates":[[[78.28,20.696],[77.971,20.587],[77.653,20.564],[77.575,20.393],[77.669,20.1],[77.374,20.046],[77.286,19.91],[77.46,19.682],[77.646,19.548],[78.013,19.465],[78.082,19.648],[77.954,19.911],[78.315,19.913],[78.402,19.837],[78.85,19.76],[79.133,19.863],[79.115,19.988],[78.802,20.298],[78.28,20.696]]]},"properties":{"name":"Yavatmal","id":622}},{"type":"Feature","geometry":{"type":"Polygon","coordinates":[[[94.587,26.219],[94.37,26.192],[94.359,26.01],[94.354,25.924],[94.715,25.758],[94.672,26.017],[94.587,26.219]]]},"properties":{"name":"Zunheboto","id":623}},{"type":"Feature","geometry":{"type":"Polygon","coordinates":[[[81.484,22.492],[81.2,22.473],[81.194,22.489],[81.048,22.24],[80.924,22.121],[80.845,21.83],[81.176,21.703],[81.485,22.019],[81.504,22.013],[81.551,22.27],[81.487,22.493],[81.484,22.492]]]},"properties":{"name":"Kabeerdham","id":624}},{"type":"Feature","geometry":{"type":"Polygon","coordinates":[[[77.588,30.38],[77.213,30.495],[77.213,30.496],[77.068,30.127],[77.065,30.123],[77.081,30.113],[77.092,30.101],[77.077,30.072],[77.118,29.989],[77.131,29.983],[77.223,29.936],[77.588,30.38]]]},"properties":{"name":"Yamunanagar","id":625}},{"type":"Feature","geometry":{"type":"Polygon","coordinates":[[[76.658,29.493],[76.493,29.515],[76.494,29.516],[76.345,29.581],[76.336,29.581],[76.201,29.619],[76.182,29.724],[76.206,29.753],[76.222,29.804],[76.22,29.825],[76.219,29.84],[76.213,29.842],[76.102,29.807],[75.949,29.73],[75.96,29.565],[76.302,29.087],[76.479,29.096],[76.682,29.27],[76.756,29.466],[76.661,29.492],[76.658,29.493]]]},"properties":{"name":"Jind","id":626}},{"type":"Feature","geometry":{"type":"Polygon","coordinates":[[[76.965,27.146],[76.288,27.087],[76.161,26.515],[76.181,26.486],[76.394,26.388],[76.49,26.716],[76.494,26.724],[76.768,26.877],[76.811,26.997],[76.954,26.868],[77.012,26.87],[77.059,26.854],[77.074,26.857],[77.077,26.859],[77.078,26.859],[77.084,26.86],[77.078,26.859],[77.063,26.889],[77.018,26.928],[76.965,27.146]]]},"properties":{"name":"Dausa","id":627}},{"type":"Feature","geometry":{"type":"Polygon","coordinates":[[[77.084,26.86],[77.078,26.859],[77.077,26.859],[77.074,26.857],[77.059,26.854],[77.012,26.87],[76.954,26.868],[76.811,26.997],[76.768,26.877],[76.494,26.724],[76.491,26.719],[76.762,26.567],[76.579,26.214],[76.81,26.076],[76.815,26.07],[76.815,26.069],[76.851,26.034],[76.877,26.051],[76.879,26.059],[76.888,26.073],[76.889,26.081],[76.901,26.093],[77.001,26.133],[77.03,26.171],[77.059,26.181],[77.091,26.182],[77.098,26.186],[77.103,26.19],[77.112,26.204],[77.112,26.214],[77.116,26.22],[77.12,26.226],[77.373,26.366],[77.227,26.531],[77.349,26.711],[77.1,26.862],[77.084,26.86]]]},"properties":{"name":"Karauli","id":628}},{"type":"Feature","geometry":{"type":"Polygon","coordinates":[[[76.81,26.076],[76.579,26.214],[76.762,26.567],[76.491,26.719],[76.49,26.716],[76.394,26.388],[76.181,26.486],[76.069,26.13],[76.322,25.809],[76.364,25.738],[76.466,25.786],[76.5,25.843],[76.572,25.835],[76.647,25.901],[76.739,25.897],[76.801,25.939],[76.846,26.006],[76.836,26.024],[76.844,26.031],[76.851,26.034],[76.815,26.069],[76.815,26.07],[76.81,26.076]]]},"properties":{"name":"Sawai Madhopur","id":629}},{"type":"Feature","geometry":{"type":"Polygon","coordinates":[[[84.875,25.063],[84.875,25.065],[84.875,25.069],[84.876,25.071],[84.876,25.075],[84.881,25.088],[84.873,25.102],[84.88,25.123],[84.864,25.148],[84.858,25.195],[84.864,25.208],[84.865,25.212],[84.865,25.215],[84.865,25.216],[84.705,25.315],[84.466,25.161],[84.448,25.128],[84.741,25.067],[84.739,25.057],[84.739,25.055],[84.744,25.053],[84.756,25.054],[84.769,25.047],[84.815,25.071],[84.875,25.063]]]},"properties":{"name":"Arwal","id":630}},{"type":"Feature","geometry":{"type":"Polygon","coordinates":[[[85.181,25.309],[84.867,25.216],[84.865,25.216],[84.865,25.215],[84.865,25.212],[84.864,25.208],[84.858,25.195],[84.864,25.148],[84.88,25.123],[84.873,25.102],[84.881,25.088],[84.876,25.075],[84.876,25.071],[84.875,25.069],[84.875,25.065],[84.875,25.063],[84.876,25.064],[84.932,24.992],[85.044,25.033],[85.091,24.99],[85.126,25.051],[85.152,25.052],[85.155,25.068],[85.179,25.05],[85.195,25.05],[85.203,25.051],[85.204,25.053],[85.205,25.053],[85.181,25.309]]]},"properties":{"name":"Jehanabad","id":631}},{"type":"Feature","geometry":{"type":"MultiPolygon","coordinates":[[[[79.744,10.913],[79.742,10.909],[79.733,10.907],[79.708,10.912],[79.692,10.931],[79.656,10.884],[79.707,10.78],[79.666,10.611],[79.677,10.325],[79.879,10.29],[79.837,10.827],[79.76,10.897],[79.759,10.906],[79.759,10.91],[79.762,10.912],[79.76,10.915],[79.744,10.913]]],[[[79.852,10.992],[79.814,11.421],[79.525,11.182],[79.515,10.968],[79.747,10.997],[79.747,11],[79.754,11.004],[79.76,11],[79.791,10.993],[79.791,10.986],[79.794,10.983],[79.842,11],[79.842,10.995],[79.852,10.992]]]]},"properties":{"name":"Nagappattinam","id":632}},{"type":"Feature","geometry":{"type":"Polygon","coordinates":[[[79.791,10.993],[79.76,11],[79.754,11.004],[79.747,11],[79.747,10.997],[79.747,10.986],[79.755,10.985],[79.757,10.981],[79.755,10.974],[79.757,10.971],[79.763,10.965],[79.763,10.959],[79.757,10.959],[79.729,10.967],[79.721,10.967],[79.721,10.95],[79.726,10.951],[79.736,10.956],[79.738,10.951],[79.73,10.943],[79.726,10.942],[79.721,10.934],[79.728,10.934],[79.727,10.933],[79.726,10.928],[79.738,10.926],[79.737,10.921],[79.738,10.92],[79.741,10.923],[79.743,10.922],[79.743,10.919],[79.746,10.918],[79.744,10.913],[79.76,10.915],[79.762,10.912],[79.759,10.91],[79.759,10.906],[79.76,10.897],[79.837,10.827],[79.852,10.992],[79.842,10.995],[79.842,11],[79.794,10.983],[79.791,10.986],[79.791,10.993]]]},"properties":{"name":"Karaikal","id":633}},{"type":"Feature","geometry":{"type":"MultiPolygon","coordinates":[[[[79.706,12.01],[79.707,12.025],[79.662,12.011],[79.659,12.007],[79.659,12],[79.657,11.99],[79.71,11.975],[79.716,11.966],[79.693,11.954],[79.713,11.931],[79.711,11.934],[79.719,11.927],[79.733,11.904],[79.731,11.901],[79.73,11.889],[79.717,11.891],[79.718,11.917],[79.695,11.908],[79.695,11.9],[79.695,11.894],[79.674,11.886],[79.686,11.881],[79.686,11.884],[79.688,11.884],[79.693,11.884],[79.706,11.888],[79.709,11.868],[79.713,11.867],[79.719,11.853],[79.722,11.861],[79.743,11.847],[79.754,11.849],[79.759,11.868],[79.759,11.874],[79.766,11.873],[79.769,11.857],[79.766,11.85],[79.763,11.847],[79.767,11.839],[79.773,11.837],[79.781,11.848],[79.833,11.955],[79.807,11.972],[79.807,11.962],[79.763,11.943],[79.756,11.924],[79.756,11.922],[79.752,11.922],[79.752,11.942],[79.729,11.97],[79.767,11.99],[79.718,11.994],[79.717,12],[79.706,12.01]],[[79.772,11.887],[79.774,11.903],[79.784,11.898],[79.79,11.895],[79.798,11.897],[79.79,11.876],[79.78,11.868],[79.78,11.878],[79.772,11.887]]],[[[79.755,11.838],[79.73,11.838],[79.732,11.824],[79.727,11.809],[79.725,11.805],[79.723,11.802],[79.714,11.794],[79.757,11.778],[79.762,11.79],[79.763,11.79],[79.781,11.78],[79.784,11.784],[79.795,11.785],[79.798,11.837],[79.793,11.833],[79.796,11.827],[79.764,11.831],[79.755,11.838]]],[[[79.628,12.03],[79.622,12.014],[79.62,12.009],[79.62,12],[79.625,11.988],[79.619,11.987],[79.618,11.97],[79.629,11.954],[79.629,11.944],[79.621,11.944],[79.62,11.94],[79.62,11.924],[79.628,11.904],[79.627,11.902],[79.663,11.914],[79.672,11.915],[79.672,11.922],[79.671,11.933],[79.661,11.938],[79.661,11.94],[79.659,11.944],[79.658,11.948],[79.643,11.945],[79.649,11.953],[79.649,11.96],[79.642,11.973],[79.64,11.99],[79.654,12.024],[79.628,12.03]]],[[[79.636,11.881],[79.631,11.888],[79.6,11.88],[79.601,11.875],[79.602,11.857],[79.62,11.863],[79.627,11.852],[79.664,11.86],[79.657,11.871],[79.649,11.875],[79.65,11.88],[79.643,11.886],[79.637,11.887],[79.636,11.881]]],[[[79.841,12.013],[79.875,12.043],[79.85,12.05],[79.844,12.032],[79.841,12.013]]],[[[79.689,11.972],[79.663,11.968],[79.661,11.962],[79.654,11.959],[79.685,11.953],[79.689,11.972]]],[[[79.67,11.815],[79.671,11.823],[79.66,11.826],[79.661,11.839],[79.641,11.823],[79.646,11.816],[79.67,11.815]]],[[[79.675,11.806],[79.691,11.807],[79.688,11.812],[79.683,11.812],[79.676,11.814],[79.675,11.806]]]]},"properties":{"name":"Puducherry","id":634}},{"type":"Feature","geometry":{"type":"Polygon","coordinates":[[[82.206,16.747],[82.225,16.721],[82.263,16.701],[82.312,16.734],[82.23,16.729],[82.206,16.747]]]},"properties":{"name":"Yanam","id":635}},{"type":"Feature","geometry":{"type":"Polygon","coordinates":[[[73.737,21.081],[73.943,21.296],[73.982,21.521],[73.809,21.407],[73.795,21.41],[73.7,21.395],[73.513,21.354],[73.203,21.074],[73.32,20.879],[73.321,20.878],[73.385,20.825],[73.391,20.825],[73.499,20.818],[73.549,21.008],[73.89,20.932],[73.851,20.997],[73.844,21],[73.737,21.081]]]},"properties":{"name":"Tapi","id":636}},{"type":"Feature","geometry":{"type":"Polygon","coordinates":[[[93.849,7.241],[93.678,7.016],[93.931,7.01],[93.849,7.241]]]},"properties":{"name":"Nicobar","id":637}},{"type":"Feature","geometry":{"type":"Polygon","coordinates":[[[92.698,12.24],[92.514,11.85],[92.648,11.522],[92.786,11.867],[92.698,12.24]]]},"properties":{"name":"South Andaman","id":638}},{"type":"Feature","geometry":{"type":"MultiPolygon","coordinates":[[[[92.899,12.915],[92.724,12.827],[92.7,12.334],[92.942,12.45],[92.969,12.74],[92.899,12.915]]],[[[93.03,13.57],[92.827,13.329],[92.794,12.915],[93.034,13.081],[93.03,13.57]]]]},"properties":{"name":"North & Middle Andaman","id":639}},{"type":"Feature","geometry":{"type":"Polygon","coordinates":[[[74.101,11.204],[74.09,11.298],[73.991,11.352],[74.012,11.241],[74.101,11.204]]]},"properties":{"name":"Lakshadweep","id":640}}]}