{"type":"FeatureCollection", "features": [
{"type":"Feature","geometry":{"type":"Polygon","coordinates":[[[31.287891,-22.402051],[32.371094,-21.334863],[32.477637,-20.712988],[33.006738,-19.873828],[32.716504,-19.001855],[32.993066,-18.35957],[32.948047,-16.712305],[31.939844,-16.428809],[31.23623,-16.023633],[30.437793,-15.995313],[30.396094,-15.643066],[29.72959,-15.644629],[28.913086,-15.987793],[28.760645,-16.531934],[27.932227,-16.896191],[27.020801,-17.958398],[25.863281,-17.951953],[25.258789,-17.793555],[25.76123,-18.649219],[26.168066,-19.538281],[27.221484,-20.145801],[27.280762,-20.478711],[27.699609,-20.530664],[27.669434,-21.064258],[28.045605,-21.573047],[29.037305,-21.811328],[29.364844,-22.193945],[29.663086,-22.146289],[30.460156,-22.329004],[31.287891,-22.402051]]]},"properties":{"name":"Zimbabwe"}},
{"type":"Feature","geometry":{"type":"Polygon","coordinates":[[[30.396094,-15.643066],[30.231836,-14.990332],[33.201758,-14.013379],[32.67207,-13.610352],[32.967578,-13.225],[33.021582,-12.630469],[33.397949,-12.489844],[33.226367,-11.534863],[33.261328,-10.893359],[33.659082,-10.590527],[33.350977,-9.862207],[32.919922,-9.407422],[31.942578,-9.054004],[31.350586,-8.607031],[31.076367,-8.611914],[30.751172,-8.193652],[28.972266,-8.464941],[28.917773,-8.700586],[28.400684,-9.224805],[28.630078,-9.83125],[28.638867,-10.669238],[28.357227,-11.483008],[28.48252,-11.812109],[29.064355,-12.348828],[29.427539,-12.43125],[29.795117,-12.155469],[29.795313,-13.392773],[29.554199,-13.248926],[29.014258,-13.368848],[28.357715,-12.482031],[26.949609,-11.898828],[26.025977,-11.890137],[25.349414,-11.623047],[25.184863,-11.242969],[24.518555,-11.438477],[24.319922,-11.071777],[23.966504,-10.871777],[23.991309,-12.422168],[23.843164,-13.000977],[21.978906,-13.000977],[21.979785,-15.955566],[22.150684,-16.597168],[23.380664,-17.640625],[24.274902,-17.481055],[24.932422,-17.543457],[25.258789,-17.793555],[25.863281,-17.951953],[27.020801,-17.958398],[27.932227,-16.896191],[28.760645,-16.531934],[28.913086,-15.987793],[29.72959,-15.644629],[30.396094,-15.643066]]]},"properties":{"name":"Zambia"}},
{"type":"Feature","geometry":{"type":"Polygon","coordinates":[[[53.085645,16.648389],[52.729199,17.300391],[51.977637,18.996143],[49.041992,18.581787],[48.172168,18.156934],[47.57959,17.44834],[47.441797,17.111865],[46.975684,16.953467],[46.682031,17.268555],[45.406543,17.319775],[45.148047,17.427441],[43.916992,17.324707],[43.417969,17.51626],[43.190918,17.359375],[43.165039,16.689404],[42.799316,16.371777],[42.717188,15.654639],[43.282617,13.639844],[43.231934,13.26709],[43.475293,12.839014],[43.929785,12.616504],[45.038672,12.815869],[45.657324,13.338721],[46.788867,13.465576],[47.407715,13.661621],[47.989941,14.048096],[48.668359,14.050146],[49.349902,14.637793],[51.603711,15.336816],[52.21748,15.655518],[52.327734,16.293555],[53.085645,16.648389]]]},"properties":{"name":"Yemen"}},
{"type":"Feature","geometry":{"type":"Polygon","coordinates":[[[107.972656,21.507959],[107.351172,21.608887],[106.729492,22.000342],[106.536328,22.39541],[106.780273,22.778906],[105.842969,22.922803],[105.275391,23.345215],[104.371777,22.704053],[103.356055,22.754688],[103.005371,22.452979],[102.517188,22.741016],[102.127441,22.379199],[102.948633,21.569775],[102.851172,21.265918],[103.104492,20.89165],[103.635059,20.69707],[104.052051,20.941211],[104.583203,20.64668],[104.92793,20.018115],[104.546289,19.610547],[104.032031,19.675146],[103.896387,19.33999],[104.716504,18.803418],[105.458203,18.154297],[105.691406,17.737842],[106.502246,16.954102],[106.696094,16.458984],[107.396387,16.043018],[107.189551,15.747266],[107.653125,15.255225],[107.519434,14.705078],[107.331445,14.126611],[107.605469,13.437793],[107.475391,13.030371],[107.506445,12.364551],[106.413867,11.948437],[106.339844,11.681836],[105.851465,11.63501],[105.856055,11.294287],[104.850586,10.534473],[104.426367,10.41123],[105.027832,10.067432],[104.845215,9.606152],[104.818555,8.801855],[105.322266,8.801123],[105.500977,9.093213],[106.572461,9.641113],[106.812695,10.433301],[107.261523,10.398389],[108.27168,10.934277],[109.198633,11.724854],[109.218945,12.645801],[109.423926,12.955957],[109.271875,13.279346],[109.30332,13.856445],[108.821289,15.37793],[108.029395,16.331104],[107.180371,16.897949],[106.478906,17.71958],[106.499023,17.946436],[105.888281,18.50249],[105.621777,18.966309],[105.984082,19.939062],[106.517969,20.288867],[106.675488,20.960498],[107.354297,21.055176],[107.409961,21.284814],[107.972656,21.507959]]]},"properties":{"name":"Vietnam"}},
{"type":"Feature","geometry":{"type":"Polygon","coordinates":[[[-60.017529,8.549316],[-60.800977,8.592139],[-61.304004,8.4104],[-61.053076,9.095117],[-60.79248,9.360742],[-62.515137,10.176123],[-62.843018,10.41792],[-62.702344,10.749805],[-63.873437,10.66377],[-64.850488,10.098096],[-65.851758,10.257764],[-66.247217,10.632227],[-67.871631,10.47207],[-68.234082,10.569141],[-68.398633,11.160986],[-68.827979,11.431738],[-69.631592,11.479932],[-70.003955,12.177881],[-70.286523,11.886035],[-70.23252,11.372998],[-71.469531,10.96416],[-71.386621,10.26377],[-71.052686,9.705811],[-71.297949,9.125635],[-71.686719,9.07251],[-72.112842,9.815576],[-71.594336,10.657373],[-71.946973,11.414453],[-71.868652,11.627344],[-71.319727,11.861914],[-71.958105,11.666406],[-72.248486,11.196436],[-72.690088,10.83584],[-73.006543,9.78916],[-73.356348,9.226855],[-72.796387,9.108984],[-72.66543,8.627588],[-72.416553,8.381982],[-72.442969,7.454883],[-72.084277,7.096875],[-71.013281,6.994434],[-70.655078,7.082764],[-70.09502,6.937939],[-69.439258,6.134912],[-68.471777,6.156543],[-67.85918,6.289893],[-67.439355,6.025537],[-67.824902,5.270459],[-67.855273,4.506885],[-67.661621,3.864258],[-67.311133,3.415869],[-67.834766,2.892822],[-67.21084,2.390137],[-66.876025,1.223047],[-66.429248,0.82168],[-65.681445,0.983447],[-65.36084,0.868652],[-65.10376,1.108105],[-64.114844,1.619287],[-64.035449,1.904443],[-63.393945,2.22251],[-63.92417,2.452441],[-64.218848,3.204687],[-64.221094,3.587402],[-64.56792,3.899805],[-63.294727,3.922266],[-62.968652,3.593945],[-62.712109,4.01792],[-62.153125,4.098389],[-61.002832,4.535254],[-60.604492,4.99458],[-60.742139,5.202051],[-61.376807,5.906982],[-61.128711,6.214307],[-61.145605,6.694531],[-60.39502,6.945361],[-60.719238,7.498682],[-60.513623,7.813184],[-60.032422,8.053564],[-60.017529,8.549316]]]},"properties":{"name":"Venezuela"}},
{"type":"Feature","geometry":{"type":"Polygon","coordinates":[[[12.43916,41.898389],[12.438379,41.906201],[12.430566,41.905469],[12.430566,41.897559],[12.43916,41.898389]]]},"properties":{"name":"Vatican"}},
{"type":"Feature","geometry":{"type":"Polygon","coordinates":[[[166.745801,-14.826855],[166.631055,-15.406055],[167.199609,-15.485742],[167.131641,-15.135352],[166.745801,-14.826855]]]},"properties":{"name":"Vanuatu"}},
{"type":"Feature","geometry":{"type":"Polygon","coordinates":[[[70.946777,42.248682],[69.064941,41.366943],[68.291895,40.656104],[67.935742,41.196582],[66.814258,41.142383],[66.498633,41.994873],[66.00957,42.004883],[66.100293,42.99082],[64.905469,43.714697],[64.443164,43.551172],[63.207031,43.627979],[61.990234,43.492139],[61.00791,44.393799],[58.555273,45.555371],[55.975684,44.994922],[55.976367,43.617627],[55.977441,41.322217],[57.017969,41.263477],[56.964063,41.856543],[57.814258,42.189844],[58.259668,42.688086],[58.589063,42.778467],[59.451074,42.299512],[59.858301,42.295166],[60.106934,41.907422],[60.089648,41.399414],[60.45498,41.221631],[61.328906,41.195117],[61.953516,41.030615],[62.650684,39.858496],[64.162793,38.953613],[65.612891,38.238574],[66.629297,37.932031],[66.522266,37.348486],[67.758984,37.172217],[67.814355,37.487012],[68.294043,38.03291],[68.047852,38.669287],[67.349609,39.24209],[67.719043,39.621387],[68.463281,39.536719],[68.652539,40.182666],[69.22832,40.187598],[69.20625,40.566553],[69.712891,40.656982],[70.441504,41.023438],[70.750977,40.7396],[70.382617,40.453516],[70.958008,40.238867],[71.69248,40.152344],[73.112891,40.786035],[72.62041,40.883789],[71.79248,41.413135],[71.408398,41.136035],[70.782422,41.2625],[70.180957,41.571436],[70.946777,42.248682]]]},"properties":{"name":"Uzbekistan"}},
{"type":"Feature","geometry":{"type":"Polygon","coordinates":[[[-53.370605,-33.742188],[-53.531348,-33.170898],[-53.125586,-32.736719],[-53.601709,-32.403027],[-53.761719,-32.056836],[-54.587646,-31.485156],[-55.254639,-31.225586],[-55.557324,-30.875977],[-55.873682,-31.069629],[-56.176172,-30.628418],[-56.832715,-30.107227],[-57.608887,-30.187793],[-58.189014,-31.924219],[-58.201172,-32.47168],[-58.082324,-32.893652],[-58.353369,-33.260059],[-58.400195,-33.912402],[-57.829102,-34.477344],[-57.170703,-34.452344],[-56.11792,-34.90791],[-55.673145,-34.775684],[-54.902295,-34.932813],[-54.168555,-34.670703],[-53.785303,-34.380371],[-53.370605,-33.742188]]]},"properties":{"name":"Uruguay"}},
{"type":"Feature","geometry":{"type":"Polygon","coordinates":[[[158.314844,6.813672],[158.294629,6.951074],[158.134766,6.944824],[158.183398,6.80127],[158.314844,6.813672]]]},"properties":{"name":"Federated States of Micronesia"}},
{"type":"Feature","geometry":{"type":"Polygon","coordinates":[[[171.101953,7.138232],[171.095508,7.109277],[171.202344,7.073535],[171.226953,7.086963],[171.101953,7.138232]]]},"properties":{"name":"Marshall Islands"}},
{"type":"Feature","geometry":{"type":"Polygon","coordinates":[[[145.751953,15.133154],[145.782324,15.174609],[145.713184,15.215283],[145.684277,15.125098],[145.751953,15.133154]]]},"properties":{"name":"Northern Mariana Islands"}},
{"type":"Feature","geometry":{"type":"Polygon","coordinates":[[[-64.765625,17.794336],[-64.884717,17.772266],[-64.889111,17.701709],[-64.686279,17.706104],[-64.765625,17.794336]]]},"properties":{"name":"United States Virgin Islands"}},
{"type":"Feature","geometry":{"type":"Polygon","coordinates":[[[144.741797,13.259277],[144.790332,13.526855],[144.649316,13.428711],[144.741797,13.259277]]]},"properties":{"name":"Guam"}},
{"type":"Feature","geometry":{"type":"Polygon","coordinates":[[[-170.72627,-14.351172],[-170.68916,-14.257422],[-170.820508,-14.312109],[-170.72627,-14.351172]]]},"properties":{"name":"American Samoa"}},
{"type":"Feature","geometry":{"type":"Polygon","coordinates":[[[-66.129395,18.444922],[-67.158643,18.499219],[-67.196875,17.994189],[-65.970801,17.974365],[-66.129395,18.444922]]]},"properties":{"name":"Puerto Rico"}},
{"type":"Feature","geometry":{"type":"MultiPolygon","coordinates":[[[[-166.135449,60.383545],[-167.138867,60.008545],[-166.187549,59.773828],[-165.591797,59.913135],[-166.135449,60.383545]]],[[[-152.898047,57.823926],[-154.705957,57.335352],[-154.338965,56.920898],[-153.793213,56.989502],[-152.216211,57.577002],[-152.898047,57.823926]]],[[[-130.025098,55.888232],[-130.741699,56.34082],[-131.866162,56.792822],[-133.820752,58.705029],[-134.94375,59.288281],[-135.475928,59.793262],[-136.321826,59.604834],[-136.57876,59.152246],[-137.593311,59.22627],[-139.185156,60.083594],[-141.002148,60.300244],[-141.002148,62.345703],[-141.002148,64.975537],[-141.002148,66.72876],[-141.002148,69.650781],[-143.218311,70.11626],[-145.197363,70.008691],[-147.705371,70.217236],[-149.269434,70.500781],[-151.944678,70.4521],[-152.23291,70.810352],[-154.195215,70.801123],[-156.783301,71.318945],[-157.998486,70.845313],[-159.314502,70.878516],[-160.996289,70.30459],[-161.880957,70.331738],[-162.9521,69.758105],[-163.161475,69.387939],[-164.302344,68.936475],[-166.209082,68.885352],[-166.380518,68.425146],[-164.125195,67.606738],[-163.720557,67.195557],[-161.96543,67.049561],[-161.856689,66.700342],[-160.864014,66.67085],[-161.816309,66.053662],[-163.695361,66.083838],[-163.775488,66.531104],[-164.674121,66.555029],[-168.088379,65.657764],[-167.404004,65.422119],[-166.142773,64.582764],[-164.899512,64.460645],[-163.713086,64.588232],[-162.807031,64.374219],[-161.759375,64.81626],[-160.931934,64.579102],[-160.778564,63.818945],[-163.358838,63.045752],[-164.409033,63.215039],[-166.078809,61.803125],[-165.565869,61.102344],[-164.805176,60.892041],[-165.353809,60.541211],[-163.906885,59.806787],[-163.219385,59.845605],[-162.24248,60.17832],[-161.828711,59.588623],[-161.755469,58.612012],[-160.363135,59.051172],[-159.670264,58.911133],[-159.082666,58.469775],[-158.503174,58.850342],[-157.523633,58.421338],[-157.607568,57.601465],[-159.283105,56.688574],[-162.157129,55.719434],[-162.961963,55.183838],[-162.073975,55.139307],[-159.962305,55.794873],[-159.523242,55.81001],[-158.275635,56.19624],[-156.475146,57.105176],[-156.478418,57.327881],[-155.006885,58.016064],[-154.247021,58.159424],[-153.334424,58.857861],[-154.129834,59.119873],[-154.08833,59.363281],[-153.106055,59.875049],[-151.750488,60.754883],[-151.738184,59.188525],[-150.960742,59.243994],[-149.432227,60.001025],[-148.197607,60.167773],[-148.344434,60.853564],[-146.874023,61.004883],[-145.898877,60.478174],[-143.805078,60.012891],[-142.945654,60.096973],[-140.216748,59.72666],[-138.35249,59.087305],[-137.543994,58.581201],[-136.582617,58.245215],[-135.861719,58.577051],[-135.302539,58.255908],[-134.776123,58.453857],[-134.06333,58.211084],[-133.554199,57.695068],[-133.465869,57.172168],[-132.814258,57.040723],[-131.843848,56.160107],[-130.918555,55.735986],[-131.047852,55.157666],[-130.575342,54.769678],[-130.214063,55.025879],[-130.025098,55.888232]]],[[[-163.476025,54.980713],[-164.529785,54.880859],[-164.463477,54.427344],[-163.358105,54.735693],[-163.476025,54.980713]]],[[[-130.97915,55.48916],[-131.624951,55.831689],[-131.810986,55.223096],[-130.97915,55.48916]]],[[[-134.680273,58.16167],[-134.435303,57.056982],[-133.937012,57.581592],[-134.680273,58.16167]]],[[[-135.730371,58.244238],[-136.512305,58.095996],[-136.076611,57.674561],[-135.084863,57.511035],[-135.0021,58.051074],[-135.730371,58.244238]]],[[[-133.566113,56.339209],[-133.446973,55.797021],[-132.782324,55.048486],[-131.976416,55.208594],[-133.202979,56.319824],[-133.566113,56.339209]]],[[[-155.581348,19.012012],[-154.804199,19.524463],[-155.198779,19.994385],[-155.831641,20.27583],[-156.048682,19.749951],[-155.881299,19.070508],[-155.581348,19.012012]]],[[[-74.708887,45.003857],[-75.179395,44.899365],[-76.4646,44.057617],[-76.819971,43.628809],[-78.72041,43.624951],[-79.171875,43.466553],[-79.036719,42.802344],[-80.247559,42.366016],[-81.277637,42.20918],[-82.439062,41.674854],[-83.141943,41.975879],[-83.073145,42.300293],[-82.545312,42.624707],[-82.137842,43.570898],[-82.551074,45.347363],[-83.977783,46.084912],[-84.561768,46.457373],[-84.875977,46.899902],[-88.378174,48.303076],[-89.455664,47.99624],[-90.840332,48.200537],[-91.518311,48.058301],[-92.99624,48.611816],[-93.707715,48.525439],[-95.162061,48.991748],[-99.235352,48.993115],[-103.49917,48.993115],[-105.631104,48.993115],[-109.468555,48.993066],[-112.026807,48.993066],[-115.437891,48.993066],[-117.996191,48.993066],[-120.980859,48.993018],[-122.78877,48.993018],[-122.241992,48.010742],[-123.975781,48.168457],[-124.632617,48.375049],[-124.07168,46.744775],[-123.929346,45.576953],[-124.14873,43.691748],[-124.539648,42.812891],[-124.068506,41.38418],[-124.37168,40.491211],[-123.884473,39.860791],[-123.701123,38.907275],[-122.466895,37.838184],[-122.394922,37.20752],[-121.78999,36.732275],[-121.877393,36.331055],[-120.633594,35.076465],[-120.481201,34.471631],[-119.606055,34.418018],[-119.14375,34.112012],[-118.506201,34.017383],[-117.467432,33.295508],[-117.128271,32.53335],[-114.724756,32.715332],[-114.835938,32.508301],[-112.938965,31.91626],[-111.041992,31.324219],[-108.214453,31.329443],[-108.211816,31.779346],[-106.453223,31.770166],[-106.255713,31.544678],[-104.978809,30.645947],[-104.400635,29.57373],[-103.257715,29.001123],[-102.891992,29.216406],[-102.73418,29.643945],[-102.268945,29.871191],[-101.440381,29.776855],[-100.658643,29.068555],[-100.296045,28.327686],[-99.505322,27.54834],[-99.443555,27.03667],[-99.107764,26.446924],[-97.358154,25.870508],[-97.14624,25.961475],[-97.554688,26.967334],[-97.156494,28.144336],[-96.561719,28.367139],[-96.44873,28.594482],[-95.853418,28.640332],[-95.273486,28.963867],[-94.888281,29.370557],[-93.694824,29.769922],[-93.175684,29.778955],[-92.26084,29.556836],[-91.893164,29.836035],[-90.751025,29.130859],[-90.101367,29.181787],[-89.589502,29.915039],[-90.413037,30.140332],[-90.225293,30.379297],[-89.588477,30.165967],[-88.905225,30.415137],[-87.790283,30.291797],[-86.257373,30.493018],[-85.353613,29.875732],[-85.318945,29.680225],[-84.382812,29.907373],[-84.044238,30.103809],[-83.694385,29.925977],[-82.651465,28.8875],[-82.843506,27.845996],[-82.441357,27.059668],[-81.866553,26.43501],[-81.715479,25.983154],[-81.364941,25.831055],[-81.097656,25.319141],[-80.736523,25.156348],[-80.366943,25.33125],[-80.126367,25.833496],[-80.041309,26.568604],[-80.650098,28.180908],[-80.524121,28.486084],[-81.249512,29.793799],[-81.52041,30.874658],[-80.849219,32.113916],[-79.276025,33.1354],[-78.920312,33.658691],[-78.577686,33.873242],[-78.01333,33.911816],[-77.750732,34.284961],[-76.744971,34.940967],[-76.512939,35.27041],[-75.773926,35.646973],[-75.772217,35.899902],[-76.478809,36.028174],[-75.89043,36.657031],[-76.263477,37.357031],[-76.264258,37.893555],[-75.659277,37.953955],[-75.035889,38.50332],[-75.392187,39.092773],[-74.428809,39.387207],[-73.957617,40.328369],[-74.226709,40.608008],[-73.583008,41.021875],[-72.847168,41.265869],[-71.522852,41.378955],[-71.426562,41.633301],[-70.404687,41.626904],[-70.738281,42.228857],[-71.046191,42.331104],[-70.178809,43.766357],[-69.791602,43.805225],[-68.277441,44.507373],[-67.907031,44.453613],[-67.106738,44.885059],[-67.124854,45.169434],[-67.784668,45.701709],[-67.806787,47.082812],[-68.310889,47.354492],[-68.828711,47.20332],[-69.242871,47.462988],[-70.007715,46.708936],[-70.29624,45.906104],[-70.897998,45.262451],[-71.517529,45.007568],[-74.708887,45.003857]]]]},"properties":{"name":"United States of America"}},
{"type":"Feature","geometry":{"type":"Polygon","coordinates":[[[-37.10332,-54.065625],[-36.085498,-54.866797],[-35.798584,-54.763477],[-36.326465,-54.251172],[-37.10332,-54.065625]]]},"properties":{"name":"South Georgia and the Islands"}},
{"type":"Feature","geometry":{"type":"Polygon","coordinates":[[[72.491992,-7.377441],[72.493555,-7.261719],[72.445605,-7.22041],[72.47373,-7.309668],[72.467188,-7.367578],[72.491992,-7.377441]]]},"properties":{"name":"British Indian Ocean Territory"}},
{"type":"Feature","geometry":{"type":"Polygon","coordinates":[[[-5.692139,-15.997754],[-5.707861,-15.906152],[-5.775049,-15.956738],[-5.692139,-15.997754]]]},"properties":{"name":"Saint Helena"}},
{"type":"Feature","geometry":{"type":"Polygon","coordinates":[[[-128.290088,-24.397363],[-128.303613,-24.333594],[-128.350195,-24.340234],[-128.320654,-24.399707],[-128.290088,-24.397363]]]},"properties":{"name":"Pitcairn Islands"}},
{"type":"Feature","geometry":{"type":"Polygon","coordinates":[[[-63.001221,18.221777],[-63.026025,18.269727],[-63.15332,18.200293],[-63.001221,18.221777]]]},"properties":{"name":"Anguilla"}},
{"type":"Feature","geometry":{"type":"MultiPolygon","coordinates":[[[[-58.850195,-51.269922],[-59.068018,-52.173047],[-57.838184,-51.70918],[-58.850195,-51.269922]]],[[[-60.28623,-51.461914],[-59.921387,-51.969531],[-59.268066,-51.427539],[-60.28623,-51.461914]]]]},"properties":{"name":"Falkland Islands"}},
{"type":"Feature","geometry":{"type":"Polygon","coordinates":[[[-81.369531,19.348877],[-81.303711,19.271875],[-81.130469,19.346777],[-81.284814,19.362549],[-81.369531,19.348877]]]},"properties":{"name":"Cayman Islands"}},
{"type":"Feature","geometry":{"type":"Polygon","coordinates":[[[-64.730273,32.293457],[-64.694629,32.386914],[-64.820117,32.259619],[-64.730273,32.293457]]]},"properties":{"name":"Bermuda"}},
{"type":"Feature","geometry":{"type":"Polygon","coordinates":[[[-64.395215,18.4646],[-64.324658,18.51748],[-64.426074,18.513086],[-64.395215,18.4646]]]},"properties":{"name":"British Virgin Islands"}},
{"type":"Feature","geometry":{"type":"Polygon","coordinates":[[[-71.661426,21.765234],[-71.668359,21.833447],[-71.806152,21.8521],[-71.83042,21.790625],[-71.661426,21.765234]]]},"properties":{"name":"Turks and Caicos Islands"}},
{"type":"Feature","geometry":{"type":"Polygon","coordinates":[[[-62.148438,16.740332],[-62.223047,16.751562],[-62.221631,16.699512],[-62.154248,16.681201],[-62.148438,16.740332]]]},"properties":{"name":"Montserrat"}},
{"type":"Feature","geometry":{"type":"Polygon","coordinates":[[[-2.018652,49.23125],[-2.220508,49.266357],[-2.23584,49.176367],[-2.018652,49.23125]]]},"properties":{"name":"Jersey"}},
{"type":"Feature","geometry":{"type":"Polygon","coordinates":[[[-2.512305,49.494531],[-2.646143,49.468213],[-2.547363,49.428711],[-2.512305,49.494531]]]},"properties":{"name":"Guernsey"}},
{"type":"Feature","geometry":{"type":"Polygon","coordinates":[[[-4.412061,54.185352],[-4.508643,54.376709],[-4.745557,54.118799],[-4.412061,54.185352]]]},"properties":{"name":"Isle of Man"}},
{"type":"Feature","geometry":{"type":"MultiPolygon","coordinates":[[[[-2.667676,51.622998],[-3.135986,51.205029],[-4.188184,51.188525],[-5.342285,50.246143],[-4.172559,50.39082],[-3.40459,50.632422],[-2.547754,50.616309],[-1.516748,50.747461],[0.205078,50.763037],[0.960156,50.925879],[0.686523,51.386572],[0.955078,51.807812],[1.558984,52.086865],[1.656738,52.753711],[0.558789,52.966943],[-0.671387,54.503906],[-1.291748,54.773877],[-1.655371,55.570361],[-2.652734,56.318262],[-1.77793,57.49375],[-2.074072,57.702393],[-3.402783,57.708252],[-3.990039,57.959033],[-3.212354,58.32124],[-3.053076,58.634814],[-4.71543,58.51001],[-5.338281,58.238721],[-5.818066,57.436084],[-5.561914,57.232715],[-5.936768,56.605713],[-5.391943,56.514795],[-5.60957,56.055273],[-4.721143,55.420996],[-5.135498,54.85752],[-3.95791,54.780957],[-2.925098,53.732764],[-3.064746,53.426855],[-4.111035,53.218945],[-3.980322,52.541748],[-4.383154,52.197314],[-5.088086,51.995898],[-3.293115,51.39043],[-2.667676,51.622998]]],[[[-6.218018,54.088721],[-5.47041,54.500195],[-6.12915,55.217383],[-7.218652,55.091992],[-8.118262,54.414258],[-7.355176,54.12124],[-6.218018,54.088721]]]]},"properties":{"name":"United Kingdom"}},
{"type":"Feature","geometry":{"type":"Polygon","coordinates":[[[56.297852,25.650684],[56.080469,26.062646],[55.941211,25.793994],[54.746777,24.810449],[54.39707,24.278174],[53.893359,24.077051],[52.648242,24.154639],[51.906055,23.985352],[51.568359,24.286182],[51.592578,24.078857],[52.555078,22.932812],[55.104297,22.621484],[55.18584,22.704102],[55.199902,23.034766],[56.063867,24.73877],[56.387988,24.979199],[56.297852,25.650684]]]},"properties":{"name":"United Arab Emirates"}},
{"type":"Feature","geometry":{"type":"Polygon","coordinates":[[[38.214355,47.091455],[38.287402,47.55918],[38.900293,47.855127],[39.735938,47.844824],[39.961035,48.237939],[39.686523,49.00791],[40.07002,49.200293],[39.780566,49.572021],[39.174805,49.855957],[38.258594,50.052344],[37.422852,50.411475],[36.619434,50.209229],[35.411621,50.539697],[35.311914,51.043896],[34.280664,51.31167],[34.397852,51.78042],[33.735254,52.344775],[32.50791,52.308545],[31.763379,52.101074],[30.980664,52.046191],[30.533008,51.596338],[29.346484,51.382568],[28.599023,51.542627],[27.270117,51.613574],[25.925293,51.913525],[24.361914,51.867529],[23.605273,51.51792],[24.105762,50.844971],[23.711719,50.377344],[22.649414,49.539014],[22.538672,49.072705],[22.131836,48.405322],[22.87666,47.947266],[23.202637,48.084521],[24.893359,47.717773],[26.162695,47.992529],[26.618945,48.259863],[27.549219,48.477734],[29.194824,47.882422],[29.159766,47.455664],[29.877832,46.828906],[29.837891,46.350537],[29.146289,46.526904],[28.947754,46.049951],[28.2125,45.450439],[28.760742,45.234131],[29.223535,45.40293],[29.705859,45.259912],[29.60166,45.68252],[30.219043,45.866748],[30.796289,46.552002],[31.974316,46.708789],[32.035742,46.260986],[32.476758,46.083691],[33.594141,46.09624],[34.686878,45.97695],[35.001674,45.733383],[34.849609,46.189893],[35.827148,46.624316],[38.214355,47.091455]]]},"properties":{"name":"Ukraine"}},
{"type":"Feature","geometry":{"type":"Polygon","coordinates":[[[33.903223,-1.002051],[33.943164,0.173779],[34.481738,1.042139],[34.787598,1.230713],[34.964063,2.062402],[34.74248,2.818115],[34.447852,3.163477],[34.392871,3.691504],[33.976074,4.220215],[33.489355,3.755078],[32.838086,3.798486],[32.099414,3.529199],[31.798047,3.802637],[31.152344,3.785596],[30.838574,3.490723],[30.728613,2.455371],[31.252734,2.04458],[30.942578,1.682812],[29.942871,0.819238],[29.717676,0.09834],[29.576953,-1.387891],[30.101562,-1.368652],[30.509961,-1.067285],[30.844727,-1.002051],[33.903223,-1.002051]]]},"properties":{"name":"Uganda"}},
{"type":"Feature","geometry":{"type":"Polygon","coordinates":[[[55.977441,41.322217],[55.545215,41.262744],[54.903711,41.919092],[54.120996,42.335205],[53.250098,42.205859],[52.493848,41.780371],[52.97002,41.976221],[53.846484,42.091162],[54.094824,41.519385],[54.710059,40.891113],[53.87002,40.648682],[53.145215,40.824951],[52.733691,40.39873],[52.9875,39.987598],[53.472266,39.668799],[53.124805,39.43208],[53.868652,38.949268],[53.823535,37.92793],[53.91416,37.343555],[54.745215,37.501904],[55.075586,37.90249],[56.440625,38.249414],[57.193555,38.216406],[57.423828,37.947705],[58.435742,37.638525],[59.24082,37.520752],[60.341309,36.637646],[61.119629,36.642578],[61.262012,35.61958],[62.610547,35.233154],[63.056641,35.445801],[63.108594,35.818701],[63.8625,36.012354],[64.511035,36.340674],[64.816309,37.13208],[65.55498,37.251172],[65.765039,37.569141],[66.522266,37.348486],[66.629297,37.932031],[65.612891,38.238574],[64.162793,38.953613],[62.650684,39.858496],[61.953516,41.030615],[61.328906,41.195117],[60.45498,41.221631],[60.089648,41.399414],[60.106934,41.907422],[59.858301,42.295166],[59.451074,42.299512],[58.589063,42.778467],[58.259668,42.688086],[57.814258,42.189844],[56.964063,41.856543],[57.017969,41.263477],[55.977441,41.322217]]]},"properties":{"name":"Turkmenistan"}},
{"type":"Feature","geometry":{"type":"MultiPolygon","coordinates":[[[[41.510059,41.51748],[40.265234,40.961328],[39.426367,41.106445],[38.381055,40.924512],[36.509668,41.2625],[36.051758,41.682568],[35.297754,41.728516],[34.750488,41.956836],[33.381348,42.017578],[32.306445,41.72959],[31.254883,41.107617],[29.322266,41.227734],[29.364746,40.809277],[28.289062,40.403027],[27.475586,40.319922],[26.738086,40.400244],[26.181348,39.990088],[26.113086,39.467383],[26.681836,39.292236],[27.013672,38.886865],[26.682813,38.19834],[27.232422,37.978662],[27.077832,37.687695],[27.348926,37.01958],[28.133691,37.029492],[29.038281,36.693457],[29.143262,36.397217],[29.689063,36.156689],[30.483594,36.3104],[30.644043,36.865674],[31.352539,36.801074],[32.021973,36.535303],[32.794824,36.035889],[33.694727,36.181982],[34.601367,36.784473],[35.537402,36.597021],[35.892676,35.916553],[36.127344,35.831445],[36.658594,36.802539],[37.436328,36.643311],[38.191699,36.901562],[38.766602,36.693115],[39.356641,36.681592],[40.705664,37.097705],[42.358984,37.108594],[42.774609,37.371875],[44.765137,37.142432],[44.56123,37.744629],[44.211328,37.908057],[44.430859,38.356787],[44.023242,39.377441],[44.817188,39.650439],[44.768262,39.703516],[44.289258,40.040381],[43.791699,40.070264],[43.722656,40.719531],[43.439453,41.107129],[42.787891,41.563721],[42.466406,41.439844],[41.510059,41.51748]]],[[[28.014453,41.969043],[27.294922,42.079541],[26.615332,41.964893],[26.320898,41.716553],[26.624902,41.401758],[26.038965,40.726758],[27.258008,40.687354],[27.499414,40.973145],[28.172168,41.080713],[28.780371,40.97417],[29.057227,41.229736],[28.346387,41.466357],[28.014453,41.969043]]]]},"properties":{"name":"Turkey"}},
{"type":"Feature","geometry":{"type":"Polygon","coordinates":[[[11.50459,33.181934],[11.08457,33.562891],[10.722754,33.514404],[10.158984,33.850049],[10.200391,34.346045],[10.534863,34.544727],[11.120117,35.240283],[11.004297,35.633838],[10.59082,35.887256],[10.571289,36.879443],[10.196387,37.205859],[9.687988,37.340381],[8.576563,36.937207],[8.230762,36.545264],[8.394238,35.203857],[8.245605,34.734082],[7.513867,34.080518],[7.762695,33.233105],[8.210938,32.926709],[8.333398,32.543604],[9.044043,32.072363],[9.51875,30.229395],[10.216406,30.783203],[10.114941,31.46377],[10.826367,32.080664],[11.50498,32.413672],[11.50459,33.181934]]]},"properties":{"name":"Tunisia"}},
{"type":"Feature","geometry":{"type":"Polygon","coordinates":[[[-61.012109,10.134326],[-61.03374,10.669873],[-61.464746,10.538965],[-61.59668,10.064648],[-61.012109,10.134326]]]},"properties":{"name":"Trinidad and Tobago"}},
{"type":"Feature","geometry":{"type":"Polygon","coordinates":[[[-175.161914,-21.169336],[-175.225391,-21.11875],[-175.335449,-21.157715],[-175.156592,-21.263672],[-175.161914,-21.169336]]]},"properties":{"name":"Tonga"}},
{"type":"Feature","geometry":{"type":"Polygon","coordinates":[[[0.900488,10.993262],[-0.068604,11.115625],[-0.057715,10.630615],[0.362695,10.236475],[0.261914,9.495605],[0.529004,9.358301],[0.415332,8.652734],[0.583594,8.145801],[0.634766,7.353662],[0.525586,6.850928],[0.736914,6.452588],[1.187207,6.089404],[1.622656,6.216797],[1.600195,9.050049],[1.424316,9.28501],[1.330078,9.996973],[0.77998,10.35957],[0.900488,10.993262]]]},"properties":{"name":"Togo"}},
{"type":"Feature","geometry":{"type":"Polygon","coordinates":[[[125.068164,-9.511914],[125.408008,-9.275781],[126.915234,-8.715234],[126.619727,-8.459473],[125.804297,-8.492188],[125.178027,-8.647852],[124.922266,-8.94248],[125.068164,-9.511914]]]},"properties":{"name":"East Timor"}},
{"type":"Feature","geometry":{"type":"Polygon","coordinates":[[[100.122461,20.31665],[99.890332,20.424414],[98.916699,19.7729],[98.239062,19.690674],[97.816797,19.459961],[97.754004,18.620801],[97.484961,18.494238],[97.792969,17.68125],[98.438867,16.975684],[98.689258,16.30542],[98.565234,15.403564],[98.191016,15.204102],[98.245996,14.814746],[99.136816,13.716699],[99.219824,12.739746],[99.405078,12.5479],[99.614746,11.781201],[99.190137,11.105273],[98.757227,10.660937],[98.702539,10.190381],[98.371387,9.290527],[98.238184,8.423096],[98.579199,8.344287],[99.720313,7.106201],[99.695996,6.87666],[100.119141,6.441992],[100.34541,6.549902],[101.053516,6.242578],[101.257031,5.789355],[101.873633,5.825293],[102.101074,6.242236],[101.497949,6.865283],[101.017871,6.860937],[100.58623,7.175977],[100.279395,8.268506],[99.960645,8.67124],[99.723828,9.314209],[99.393848,9.213721],[99.160742,9.734033],[99.165039,10.319824],[99.486914,10.889551],[99.627344,11.462891],[99.989062,12.170801],[100.01748,13.353174],[100.656055,13.521289],[100.962695,13.431982],[100.863281,12.714502],[101.723633,12.689355],[102.762988,12.012451],[102.933887,11.706689],[102.755664,12.42627],[102.499609,12.669971],[102.319727,13.53999],[103.199414,14.332617],[104.779004,14.427832],[105.183301,14.34624],[105.475586,14.530127],[105.62207,15.699951],[105.047168,16.160254],[104.750586,16.647559],[104.816016,17.300293],[103.949609,18.318994],[103.366992,18.42334],[102.717578,17.892236],[102.101465,18.210645],[101.105176,17.479541],[101.050586,18.407031],[101.286328,18.977148],[101.154688,19.579199],[100.625488,19.499854],[100.397656,19.756104],[100.543066,20.088672],[100.122461,20.31665]]]},"properties":{"name":"Thailand"}},
{"type":"Feature","geometry":{"type":"Polygon","coordinates":[[[32.919922,-9.407422],[34.320898,-9.731543],[34.524219,-10.030176],[34.661816,-10.710059],[34.597656,-11.0375],[34.959473,-11.578125],[35.785449,-11.45293],[36.518652,-11.716211],[36.978906,-11.566992],[37.541699,-11.675098],[37.920215,-11.294727],[38.491797,-11.413281],[39.988672,-10.820801],[40.463574,-10.464355],[39.783789,-9.914551],[39.304004,-8.443848],[39.441016,-8.011523],[39.288477,-7.517871],[39.472363,-6.878613],[38.874023,-6.33125],[38.819238,-5.877637],[39.221777,-4.692383],[37.797266,-3.674414],[37.643848,-3.04541],[35.836914,-2.036621],[33.903223,-1.002051],[30.844727,-1.002051],[30.509961,-1.067285],[30.812598,-1.563086],[30.828711,-2.338477],[30.553613,-2.400098],[30.515039,-2.917578],[30.790234,-3.274609],[30.425,-3.588867],[30.147168,-4.085352],[29.717773,-4.455859],[29.403223,-4.449316],[29.342773,-4.983105],[29.594141,-5.650781],[29.480078,-6.025],[29.709668,-6.616895],[30.313184,-7.203711],[30.751172,-8.193652],[31.076367,-8.611914],[31.350586,-8.607031],[31.942578,-9.054004],[32.919922,-9.407422]]]},"properties":{"name":"United Republic of Tanzania"}},
{"type":"Feature","geometry":{"type":"Polygon","coordinates":[[[67.758984,37.172217],[68.067773,36.949805],[69.49209,37.553076],[70.251465,37.66416],[70.214648,37.924414],[70.878906,38.456396],[71.551953,37.933154],[71.43291,37.127539],[71.802051,36.694287],[72.895508,37.267529],[73.481348,37.47168],[73.749609,37.231787],[74.259668,37.41543],[74.891309,37.231641],[74.74502,38.51001],[73.80166,38.606885],[73.631641,39.448877],[72.042773,39.352148],[71.404297,39.597852],[69.598828,39.573779],[69.229102,39.761084],[69.966797,40.202246],[70.451367,40.049219],[70.958008,40.238867],[70.382617,40.453516],[70.750977,40.7396],[70.441504,41.023438],[69.712891,40.656982],[69.20625,40.566553],[69.22832,40.187598],[68.652539,40.182666],[68.463281,39.536719],[67.719043,39.621387],[67.349609,39.24209],[68.047852,38.669287],[68.294043,38.03291],[67.814355,37.487012],[67.758984,37.172217]]]},"properties":{"name":"Tajikistan"}},
{"type":"Feature","geometry":{"type":"Polygon","coordinates":[[[121.008789,22.620361],[121.295898,22.966602],[121.929004,24.97373],[121.593652,25.275342],[121.040625,25.032812],[120.158984,23.709033],[120.072461,23.149756],[120.325586,22.542432],[120.58125,22.356396],[121.008789,22.620361]]]},"properties":{"name":"Taiwan"}},
{"type":"Feature","geometry":{"type":"Polygon","coordinates":[[[35.892676,35.916553],[35.764453,35.571582],[35.97627,34.629199],[36.433008,34.613477],[36.584961,34.22124],[35.942383,33.667578],[35.869141,33.431738],[35.816125,33.361879],[35.787305,32.734912],[36.37207,32.386914],[36.818359,32.317285],[38.773535,33.372217],[40.689453,34.332031],[41.194727,34.768994],[41.354102,35.64043],[41.245605,36.073389],[41.416797,36.514648],[41.788574,36.597168],[42.358984,37.108594],[40.705664,37.097705],[39.356641,36.681592],[38.766602,36.693115],[38.191699,36.901562],[37.436328,36.643311],[36.658594,36.802539],[36.127344,35.831445],[35.892676,35.916553]]]},"properties":{"name":"Syria"}},
{"type":"Feature","geometry":{"type":"Polygon","coordinates":[[[9.524023,47.524219],[8.617871,47.766113],[7.615625,47.592725],[7.000586,47.32251],[6.060254,46.428174],[6.758105,46.415771],[7.021094,45.925781],[7.993164,46.015918],[8.458398,46.245898],[8.953711,45.830029],[9.251074,46.286768],[9.939258,46.361816],[10.452832,46.864941],[9.580273,47.057373],[9.487695,47.062256],[9.527539,47.270752],[9.524023,47.524219]]]},"properties":{"name":"Switzerland"}},
{"type":"Feature","geometry":{"type":"MultiPolygon","coordinates":[[[[19.076465,57.835938],[18.136523,57.556641],[18.699902,57.242725],[19.076465,57.835938]]],[[[11.388281,59.036523],[11.449316,58.118359],[12.421484,56.906396],[12.883691,56.617725],[12.592578,56.137598],[13.321387,55.346387],[14.341699,55.527734],[14.215039,55.832617],[14.782031,56.161914],[15.99668,56.222607],[16.52793,57.068164],[16.651953,58.434326],[18.285352,59.109375],[18.970508,59.757227],[17.955762,60.589795],[17.250977,60.700781],[17.130762,61.575732],[17.417285,61.740674],[17.895605,62.830518],[20.762695,63.867822],[21.465039,64.37959],[21.138184,64.808691],[21.565527,65.408105],[23.102344,65.735352],[24.155469,65.805273],[23.701172,66.480762],[23.988574,66.810547],[23.468066,67.449951],[23.638867,67.954395],[20.622168,69.036865],[19.969824,68.356396],[18.378613,68.562402],[16.127441,67.42583],[16.403516,67.05498],[14.543262,66.129346],[14.479688,65.301465],[13.650293,64.581543],[13.960547,64.014014],[12.6625,63.940479],[11.999902,63.291699],[12.303516,62.285596],[12.155371,61.720752],[12.880762,61.352295],[12.294141,61.002686],[12.486133,60.106787],[11.680762,59.592285],[11.388281,59.036523]]]]},"properties":{"name":"Sweden"}},
{"type":"Feature","geometry":{"type":"Polygon","coordinates":[[[31.948242,-25.957617],[31.415137,-25.746582],[30.80332,-26.413477],[31.063379,-27.112305],[31.958398,-27.305859],[32.112891,-26.839453],[31.948242,-25.957617]]]},"properties":{"name":"eSwatini"}},
{"type":"Feature","geometry":{"type":"Polygon","coordinates":[[[-54.155957,5.358984],[-54.054199,5.80791],[-54.833691,5.98833],[-55.828174,5.96167],[-55.939551,5.795459],[-56.969824,5.992871],[-57.194775,5.548437],[-57.331006,5.020166],[-57.711084,4.991064],[-58.054492,4.171924],[-56.704346,2.036475],[-56.482812,1.942139],[-56.019922,1.842236],[-56.129395,2.299512],[-55.005811,2.592969],[-54.61626,2.326758],[-54.195508,2.817871],[-53.990479,3.589551],[-54.350732,4.054102],[-54.452197,5.013477],[-54.155957,5.358984]]]},"properties":{"name":"Suriname"}},
{"type":"Feature","geometry":{"type":"Polygon","coordinates":[[[33.976074,4.220215],[35.268359,5.492285],[35.081934,5.673145],[34.710645,6.660303],[33.666113,7.670996],[33.012598,7.951514],[33.234277,8.396387],[33.95332,8.443506],[34.094531,8.582227],[34.078125,9.461523],[33.892188,10.198975],[33.172168,10.850146],[33.073047,11.591504],[33.199316,12.217285],[32.335352,11.716016],[32.404102,11.057764],[31.933008,10.6625],[31.224902,9.799268],[30.739355,9.742676],[30.003027,10.277393],[29.473145,9.768604],[28.999609,9.610156],[28.844531,9.326074],[28.048926,9.328613],[27.88584,9.599658],[26.551367,9.52583],[25.798047,10.420508],[25.066992,10.293799],[24.785254,9.774658],[24.531934,8.886914],[24.147363,8.665625],[24.291406,8.291406],[24.85332,8.137549],[25.247363,7.724561],[25.380664,7.333398],[25.888965,7.064941],[26.361816,6.635303],[26.514258,6.069238],[27.083398,5.776855],[27.40332,5.10918],[28.19209,4.350244],[28.727051,4.50498],[29.151465,4.388184],[29.676855,4.586914],[30.194922,3.981934],[30.838574,3.490723],[31.152344,3.785596],[31.798047,3.802637],[32.099414,3.529199],[32.838086,3.798486],[33.489355,3.755078],[33.976074,4.220215]]]},"properties":{"name":"South Sudan"}},
{"type":"Feature","geometry":{"type":"Polygon","coordinates":[[[34.078125,9.461523],[34.291504,10.124756],[34.275684,10.528125],[34.571875,10.880176],[34.931445,10.864795],[35.112305,11.816553],[35.596094,12.537305],[36.10752,12.726465],[36.524316,14.256836],[36.426758,15.13208],[36.91377,16.296191],[37.008984,17.058887],[37.411035,17.061719],[37.782422,17.458008],[38.253516,17.584766],[38.609473,18.005078],[37.471289,18.820117],[37.248438,19.581885],[37.150586,21.10376],[36.871387,21.996729],[34.574609,21.996338],[32.606055,21.995996],[29.564551,21.995117],[28.036426,21.995361],[24.980273,21.99585],[24.979492,20.002588],[23.980273,19.995947],[23.980273,19.496631],[23.982227,17.266357],[23.983398,15.780176],[23.105176,15.702539],[22.670898,14.722461],[22.381543,14.550488],[22.509961,14.127441],[22.107617,13.730322],[22.228125,13.32959],[21.825293,12.790527],[22.352344,12.660449],[22.556348,11.669531],[22.922656,11.344873],[22.860059,10.919678],[23.646289,9.8229],[23.537305,8.81582],[24.147363,8.665625],[24.531934,8.886914],[24.785254,9.774658],[25.066992,10.293799],[25.798047,10.420508],[26.551367,9.52583],[27.88584,9.599658],[28.048926,9.328613],[28.844531,9.326074],[28.999609,9.610156],[29.473145,9.768604],[30.003027,10.277393],[30.739355,9.742676],[31.224902,9.799268],[31.933008,10.6625],[32.404102,11.057764],[32.335352,11.716016],[33.199316,12.217285],[33.073047,11.591504],[33.172168,10.850146],[33.892188,10.198975],[34.078125,9.461523]]]},"properties":{"name":"Sudan"}},
{"type":"Feature","geometry":{"type":"Polygon","coordinates":[[[79.982324,9.812695],[80.118359,9.326855],[79.928906,8.899219],[79.79209,7.585205],[79.859375,6.829297],[80.095313,6.153174],[80.724121,5.979053],[81.637402,6.425146],[81.874121,7.28833],[81.435938,8.118896],[81.372852,8.431445],[80.711133,9.366357],[80.252832,9.796338],[79.982324,9.812695]]]},"properties":{"name":"Sri Lanka"}},
{"type":"Feature","geometry":{"type":"MultiPolygon","coordinates":[[[[3.145313,39.790088],[2.371289,39.613086],[3.072852,39.30127],[3.145313,39.790088]]],[[[-1.794043,43.407324],[-3.045605,43.371582],[-3.604639,43.519482],[-4.523047,43.415723],[-5.66582,43.582471],[-7.261963,43.594629],[-7.698145,43.764551],[-8.873682,43.334424],[-9.235205,42.976904],[-8.690918,42.27417],[-8.777148,41.941064],[-8.213086,42.133691],[-7.92085,41.883643],[-6.618262,41.942383],[-6.2125,41.532031],[-6.928467,41.009131],[-6.810156,40.343115],[-7.036719,39.713965],[-7.445117,39.536182],[-7.046045,38.907031],[-7.343018,38.457422],[-7.185449,38.006348],[-7.503516,37.585498],[-7.406152,37.179443],[-6.884619,37.194238],[-6.492432,36.954639],[-6.040674,36.188428],[-5.625488,36.025928],[-5.171484,36.423779],[-4.366846,36.718115],[-2.111523,36.77666],[-1.797607,37.232861],[-1.327539,37.561133],[-0.822168,37.580762],[-0.646777,38.151855],[0.201563,38.75918],[-0.204932,39.062598],[-0.327002,39.519873],[1.03291,41.062061],[2.082617,41.287402],[3.248047,41.944238],[3.211426,42.431152],[2.032715,42.353516],[1.706055,42.50332],[1.48623,42.434473],[1.42832,42.595898],[-0.041162,42.689111],[-1.285449,43.059619],[-1.794043,43.407324]]]]},"properties":{"name":"Spain"}},
{"type":"Feature","geometry":{"type":"Polygon","coordinates":[[[126.633887,37.781836],[126.746387,37.193555],[126.217188,36.870947],[126.548242,36.477637],[126.717383,35.768848],[126.291113,35.15415],[126.508301,34.350635],[127.714844,34.954687],[128.443945,34.870361],[128.510938,35.100977],[129.21416,35.181836],[129.561719,35.947656],[129.335156,37.274561],[128.618848,38.176074],[128.374609,38.623437],[128.038965,38.308545],[127.169531,38.304541],[126.633887,37.781836]]]},"properties":{"name":"South Korea"}},
{"type":"Feature","geometry":{"type":"Polygon","coordinates":[[[29.364844,-22.193945],[28.210156,-22.693652],[27.890527,-23.073926],[27.146387,-23.524414],[26.835059,-24.24082],[26.397168,-24.613574],[25.912109,-24.747461],[25.583789,-25.60625],[24.748145,-25.817383],[23.89375,-25.600879],[23.266016,-25.266602],[22.878809,-25.45791],[22.640234,-26.071191],[21.646289,-26.854199],[20.739844,-26.848828],[20.626758,-26.443848],[20.793164,-25.915625],[20.345215,-25.029883],[19.980469,-24.776758],[19.980469,-26.531152],[19.980469,-28.45127],[19.671484,-28.503906],[19.026074,-28.92793],[18.31084,-28.88623],[17.447949,-28.698145],[17.05625,-28.031055],[16.447559,-28.617578],[16.95,-29.403418],[17.189063,-30.099805],[17.677441,-31.019043],[18.21084,-31.74248],[18.250879,-32.652148],[17.878223,-32.961523],[18.808789,-34.108203],[19.634961,-34.75332],[20.020605,-34.785742],[20.529883,-34.463086],[21.788965,-34.372656],[22.245508,-34.069141],[23.585547,-33.985156],[24.827148,-34.168945],[25.00293,-33.973633],[25.638184,-34.011133],[25.989551,-33.711328],[26.429492,-33.75957],[27.077441,-33.521191],[27.860645,-33.053906],[28.855957,-32.294238],[30.288672,-30.970117],[31.335156,-29.378125],[32.285742,-28.621484],[32.534766,-28.199707],[32.886133,-26.849316],[32.112891,-26.839453],[31.958398,-27.305859],[31.063379,-27.112305],[30.80332,-26.413477],[31.415137,-25.746582],[31.948242,-25.957617],[31.98584,-24.460645],[31.545605,-23.482324],[31.287891,-22.402051],[30.460156,-22.329004],[29.663086,-22.146289],[29.364844,-22.193945]],[[28.736914,-30.101953],[28.39209,-30.147559],[28.018164,-30.642285],[27.388477,-30.315918],[27.051758,-29.664062],[27.735547,-28.940039],[28.625781,-28.581738],[29.390723,-29.269727],[29.098047,-29.919043],[28.736914,-30.101953]]]},"properties":{"name":"South Africa"}},
{"type":"Feature","geometry":{"type":"Polygon","coordinates":[[[41.532715,-1.695312],[41.979883,-0.973047],[43.467676,0.621631],[44.332715,1.390967],[44.920215,1.810156],[46.051172,2.475146],[46.878809,3.285645],[47.975293,4.497021],[49.049316,6.173633],[49.348535,6.990527],[50.825,9.428174],[50.898438,10.253125],[51.140625,10.656885],[51.084277,11.335645],[51.254883,11.830713],[50.792285,11.983691],[50.110059,11.529297],[48.938574,11.258447],[48.938086,9.451758],[47.978223,7.99707],[45.934961,5.997217],[44.940527,4.912012],[44.028125,4.950977],[43.016016,4.56333],[42.791602,4.291992],[42.024121,4.137939],[41.883984,3.977734],[41.341797,3.20166],[40.964453,2.814648],[40.97002,1.378174],[40.978711,-0.870313],[41.532715,-1.695312]]]},"properties":{"name":"Somalia"}},
{"type":"Feature","geometry":{"type":"Polygon","coordinates":[[[48.938574,11.258447],[48.674414,11.322656],[48.019238,11.139355],[47.40498,11.174023],[46.565039,10.745996],[45.816699,10.835889],[44.942969,10.436719],[44.386523,10.430225],[43.852734,10.784277],[43.245996,11.499805],[42.922754,10.999316],[42.65957,10.621387],[42.841602,10.203076],[43.48252,9.379492],[44.022852,8.986035],[46.978223,7.99707],[47.978223,7.99707],[48.938086,9.451758],[48.938574,11.258447]]]},"properties":{"name":"Somaliland"}},
{"type":"Feature","geometry":{"type":"MultiPolygon","coordinates":[[[[159.750391,-9.272656],[159.853711,-9.791504],[160.649219,-9.928613],[160.625488,-9.588867],[159.750391,-9.272656]]],[[[159.879102,-8.534277],[159.843066,-8.326953],[159.109375,-7.903516],[158.944043,-8.040723],[159.879102,-8.534277]]]]},"properties":{"name":"Solomon Islands"}},
{"type":"Feature","geometry":{"type":"Polygon","coordinates":[[[22.538672,49.072705],[21.639648,49.411963],[20.616113,49.391699],[19.802246,49.192334],[19.441602,49.597705],[18.832227,49.510791],[18.160938,49.257373],[17.758496,48.888135],[16.953125,48.598828],[17.147363,48.005957],[17.761914,47.770166],[18.724219,47.787158],[18.91416,48.05083],[19.898633,48.131348],[20.490039,48.526904],[21.451367,48.552246],[22.131836,48.405322],[22.538672,49.072705]]]},"properties":{"name":"Slovakia"}},
{"type":"Feature","geometry":{"type":"Polygon","coordinates":[[[16.516211,46.499902],[16.093066,46.863281],[15.957617,46.677637],[15.000684,46.625977],[14.503516,46.417041],[13.7,46.520264],[13.399512,46.317529],[13.719824,45.587598],[13.57793,45.516895],[13.878711,45.428369],[15.339453,45.467041],[15.635938,46.200732],[16.516211,46.499902]]]},"properties":{"name":"Slovenia"}},
{"type":"Feature","geometry":{"type":"Polygon","coordinates":[[[103.969727,1.331445],[103.817969,1.44707],[103.650195,1.325537],[103.819922,1.265381],[103.969727,1.331445]]]},"properties":{"name":"Singapore"}},
{"type":"Feature","geometry":{"type":"Polygon","coordinates":[[[-10.283203,8.485156],[-10.500537,8.687549],[-10.690527,9.314258],[-11.205664,9.977734],[-11.911084,9.993018],[-12.501465,9.862158],[-12.755859,9.373584],[-13.292676,9.049219],[-12.880957,7.856641],[-12.485645,7.386279],[-11.50752,6.906543],[-10.647461,7.759375],[-10.283203,8.485156]]]},"properties":{"name":"Sierra Leone"}},
{"type":"Feature","geometry":{"type":"Polygon","coordinates":[[[55.540332,-4.693066],[55.455762,-4.558789],[55.383398,-4.609277],[55.540332,-4.693066]]]},"properties":{"name":"Seychelles"}},
{"type":"Feature","geometry":{"type":"Polygon","coordinates":[[[22.705078,44.237793],[21.384375,44.870068],[21.491797,45.122266],[20.774219,45.484424],[20.775,45.749805],[20.241797,46.108594],[19.530762,46.155176],[18.905371,45.931738],[19.007129,44.869189],[19.151855,44.302539],[19.583789,44.043457],[19.194336,43.533301],[19.551563,43.212256],[20.344336,42.82793],[21.057031,43.091699],[21.75293,42.669824],[21.5625,42.24751],[22.344043,42.313965],[22.466797,42.84248],[22.976855,43.187988],[22.55459,43.454492],[22.420801,44.007422],[22.705078,44.237793]]]},"properties":{"name":"Republic of Serbia"}},
{"type":"Feature","geometry":{"type":"Polygon","coordinates":[[[-12.280615,14.809033],[-12.858496,15.242529],[-13.409668,16.05918],[-13.868457,16.148145],[-14.300098,16.580273],[-15.112646,16.644922],[-15.620801,16.506592],[-16.168359,16.54707],[-16.535254,15.838379],[-17.147168,14.922021],[-17.168066,14.640625],[-16.562305,13.587305],[-15.509668,13.58623],[-15.834277,13.156445],[-16.76333,13.06416],[-16.711816,12.354834],[-15.574805,12.490381],[-15.196094,12.679932],[-13.729248,12.673926],[-13.08291,12.633545],[-12.291211,12.328027],[-11.389404,12.404395],[-11.390381,12.941992],[-11.634961,13.369873],[-12.054199,13.633057],[-12.019189,14.206494],[-12.280615,14.809033]]]},"properties":{"name":"Senegal"}},
{"type":"Feature","geometry":{"type":"Polygon","coordinates":[[[51.977637,18.996143],[54.977344,19.995947],[55.641016,22.001855],[55.18584,22.704102],[55.104297,22.621484],[52.555078,22.932812],[51.592578,24.078857],[51.568359,24.286182],[51.267969,24.607227],[50.804395,24.789258],[50.55791,25.08667],[50.031641,26.110986],[50.213867,26.308496],[49.986133,26.828906],[48.906445,27.629053],[48.44248,28.54292],[47.671289,28.533154],[47.433203,28.989551],[46.531445,29.09624],[44.69082,29.202344],[42.857715,30.495215],[42.074414,31.080371],[40.369336,31.938965],[39.14541,32.124512],[38.962305,31.994922],[36.958594,31.491504],[37.980078,30.5],[37.469238,29.995068],[36.755273,29.866016],[36.01543,29.190479],[34.950781,29.353516],[34.616211,28.14834],[35.180469,28.034863],[36.249609,26.594775],[36.762695,25.751318],[37.148828,25.291113],[37.180859,24.82002],[37.543066,24.29165],[37.919727,24.1854],[38.46416,23.711865],[38.941113,22.881836],[39.095898,22.392773],[38.987891,21.881738],[39.093555,21.310352],[39.613672,20.517676],[40.75918,19.755469],[41.229492,18.678418],[41.75,17.885742],[42.293945,17.434961],[42.799316,16.371777],[43.165039,16.689404],[43.190918,17.359375],[43.417969,17.51626],[43.916992,17.324707],[45.148047,17.427441],[45.406543,17.319775],[46.682031,17.268555],[46.975684,16.953467],[47.441797,17.111865],[47.57959,17.44834],[48.172168,18.156934],[49.041992,18.581787],[51.977637,18.996143]]]},"properties":{"name":"Saudi Arabia"}},
{"type":"Feature","geometry":{"type":"Polygon","coordinates":[[[6.659961,0.120654],[6.75,0.243457],[6.686914,0.404395],[6.524316,0.340283],[6.659961,0.120654]]]},"properties":{"name":"São Tomé and Principe"}},
{"type":"Feature","geometry":{"type":"Polygon","coordinates":[[[12.485254,43.901416],[12.514648,43.952979],[12.441113,43.982422],[12.396875,43.93457],[12.485254,43.901416]]]},"properties":{"name":"San Marino"}},
{"type":"Feature","geometry":{"type":"Polygon","coordinates":[[[-172.333496,-13.465234],[-172.744092,-13.578711],[-172.535693,-13.791699],[-172.224951,-13.804297],[-172.333496,-13.465234]]]},"properties":{"name":"Samoa"}},
{"type":"Feature","geometry":{"type":"Polygon","coordinates":[[[-61.174512,13.158105],[-61.124023,13.294043],[-61.182129,13.355957],[-61.277295,13.20957],[-61.174512,13.158105]]]},"properties":{"name":"Saint Vincent and the Grenadines"}},
{"type":"Feature","geometry":{"type":"Polygon","coordinates":[[[-60.895215,13.821973],[-60.886768,14.011133],[-61.063574,13.915576],[-60.895215,13.821973]]]},"properties":{"name":"Saint Lucia"}},
{"type":"Feature","geometry":{"type":"Polygon","coordinates":[[[-62.630664,17.23999],[-62.713721,17.353271],[-62.794629,17.402588],[-62.838916,17.339258],[-62.630664,17.23999]]]},"properties":{"name":"Saint Kitts and Nevis"}},
{"type":"Feature","geometry":{"type":"Polygon","coordinates":[[[29.576953,-1.387891],[29.129395,-1.860254],[29.014355,-2.720215],[29.868164,-2.716406],[29.930176,-2.339551],[30.553613,-2.400098],[30.828711,-2.338477],[30.812598,-1.563086],[30.509961,-1.067285],[30.101562,-1.368652],[29.576953,-1.387891]]]},"properties":{"name":"Rwanda"}},
{"type":"Feature","geometry":{"type":"MultiPolygon","coordinates":[[[[-179.798535,68.94043],[-180,68.738672],[-180,68.493896],[-180,68.249121],[-180,68.004395],[-180,67.759619],[-180,67.514844],[-180,67.270117],[-180,67.025342],[-180,66.780566],[-180,66.53584],[-180,66.291064],[-180,66.046289],[-180,65.801563],[-180,65.556787],[-180,65.311963],[-180,65.067236],[-178.879346,65.936475],[-178.310205,65.484863],[-177.05625,65.613623],[-176.093262,65.471045],[-175.853857,65.01084],[-173.009131,64.297461],[-172.924023,64.704932],[-172.213184,65.048145],[-172.211572,65.425195],[-170.666309,65.621533],[-170.191943,66.20127],[-171.795557,66.931738],[-173.679688,67.144775],[-174.447607,67.103125],[-175.345215,67.678076],[-177.40752,68.245166],[-179.798535,68.94043]]],[[[130.687305,42.302539],[131.72207,43.202637],[132.303809,42.883301],[133.159961,42.696973],[133.709375,42.829932],[135.131055,43.525732],[135.874609,44.373535],[137.685449,45.818359],[138.336914,46.543408],[138.586816,47.057227],[139.372656,47.887354],[140.170605,48.523682],[140.517188,49.596143],[140.476367,50.545996],[140.687695,51.232275],[141.485254,52.178516],[141.169824,52.368408],[141.402051,53.183984],[139.707422,54.277148],[138.695703,54.32002],[138.660742,53.744775],[137.32832,53.538965],[136.683008,53.931299],[136.797266,54.620996],[135.851562,54.583936],[135.2625,54.943311],[137.691504,56.139355],[138.662109,56.965527],[140.002344,57.6875],[142.025391,58.999658],[143.192188,59.370117],[146.444336,59.430469],[147.514453,59.268555],[149.20498,59.488184],[149.642578,59.77041],[151.485742,59.524121],[151.990039,59.160059],[152.882227,58.939062],[153.361133,59.214795],[154.010938,59.075537],[155.166699,59.360156],[154.293066,59.83335],[154.970801,60.37666],[155.85332,60.777148],[157.469336,61.798926],[159.07666,61.922266],[160.766602,60.75332],[162.392578,61.662109],[163.009277,61.791504],[163.331738,62.550928],[164.255664,62.696582],[164.005469,61.343799],[163.709961,60.916797],[162.003613,60.420166],[161.753516,60.152295],[159.847363,59.127148],[159.036914,58.423926],[157.450391,57.799268],[156.728418,57.152246],[155.98252,56.695215],[155.554883,55.348486],[156.098828,53.006494],[156.364746,52.509375],[156.500391,51.475098],[156.747754,50.969287],[158.103516,51.809619],[158.463477,52.30498],[158.608789,52.873633],[159.897656,53.380762],[160.074414,54.18916],[160.772656,54.541357],[161.725684,54.532959],[162.105566,54.752148],[161.729395,55.358008],[162.084961,56.089648],[163.335547,56.23252],[163.256543,56.688037],[162.802637,56.811475],[162.779297,57.357617],[161.960059,58.076904],[162.141602,58.447412],[163.272852,59.302588],[163.780078,60.041113],[165.08457,60.098584],[166.352148,60.484814],[166.964063,60.307031],[168.1375,60.573926],[169.226758,60.595947],[169.982617,60.06709],[170.608203,60.434912],[172.392773,61.061768],[172.856543,61.469189],[174.514355,61.823633],[175.267871,62.102393],[177.35127,62.587451],[179.120703,62.320361],[179.570508,62.6875],[179.332324,63.190186],[178.706445,63.521533],[178.650293,63.965283],[177.43291,64.444482],[178.519531,64.602979],[180,65.067236],[180,68.983447],[178.84834,69.387207],[176.10752,69.860303],[173.277441,69.823828],[170.486816,70.107568],[170.99541,69.045312],[169.609863,68.786035],[168.303027,69.271484],[167.628125,69.740332],[166.820312,69.499561],[162.375684,69.649072],[161.536914,69.379541],[159.83252,69.784961],[160.006445,70.309668],[159.350684,70.790723],[158.037012,71.039258],[155.895215,71.095508],[152.508789,70.834473],[150.599805,71.520117],[149.501563,72.164307],[146.594141,72.302441],[145.485742,72.54209],[142.061426,72.720801],[139.601172,72.496094],[139.695117,71.700439],[137.31543,71.359424],[135.884766,71.630566],[134.102832,71.378955],[132.562305,71.895313],[131.562012,70.901025],[129.761914,71.119531],[128.358789,72.08833],[129.411719,72.315479],[128.888672,73.190234],[127.740332,73.481543],[125.61709,73.520605],[124.388086,73.754834],[123.305078,73.53291],[123.160352,72.954883],[119.750391,72.979102],[118.430273,73.246533],[118.450195,73.589795],[115.337695,73.702588],[114.060547,73.584668],[112.147266,73.708936],[110.261426,74.017432],[109.855273,73.472461],[107.750391,73.173145],[108.199512,73.694092],[109.840332,74.321973],[111.868262,74.740039],[113.613574,75.292969],[113.870996,75.856006],[111.114844,76.723047],[108.02793,76.718457],[104.911914,77.174707],[105.894531,77.488867],[104.014551,77.73042],[100.989941,76.990479],[100.322363,76.47915],[96.879199,75.931055],[94.575586,76.151758],[93.549805,75.854102],[90.184961,75.591064],[87.671387,75.12959],[86.651465,74.682422],[86.591406,73.894287],[83.544727,73.666504],[80.583203,73.568457],[80.827051,72.488281],[82.183594,72.237549],[82.986133,71.748682],[81.51123,71.746143],[79.42207,72.380762],[78.482617,72.394971],[76.032422,71.9104],[75.741406,72.29624],[73.671777,71.845068],[73.08623,71.444922],[74.310938,70.653613],[73.560156,69.707227],[73.775684,69.198242],[74.814844,69.090576],[76.000977,69.235059],[76.45918,68.978271],[74.57959,68.751221],[74.391406,68.420605],[74.769531,67.766357],[73.79209,66.995312],[71.916992,66.246729],[70.339453,66.342383],[69.194336,66.578662],[69.877148,66.845459],[70.939453,66.548145],[71.551172,66.760449],[73.152148,67.865039],[73.548047,68.574512],[72.527344,69.080518],[72.731641,70.822852],[71.912012,71.547949],[72.624414,72.079443],[72.812109,72.691406],[71.500195,72.913672],[69.645117,72.897559],[69.039062,72.669922],[68.269238,71.682812],[66.917578,71.282373],[67.284766,70.738721],[67.064453,69.693701],[68.005859,69.480029],[68.542773,68.96709],[68.504199,68.348438],[63.361426,69.675293],[61.015918,69.851465],[60.170605,69.590918],[60.933594,68.986768],[59.897363,68.421924],[58.918945,69.003809],[57.126855,68.554004],[56.043652,68.648877],[53.967871,68.227344],[53.801953,68.995898],[52.550098,68.592432],[50.838867,68.349951],[48.87793,67.731348],[47.874707,67.58418],[47.709082,67.04502],[45.986035,66.853125],[44.939453,67.477441],[45.528711,67.757568],[46.69043,67.848828],[45.891992,68.479687],[44.048047,68.548828],[44.225391,67.995605],[43.782422,67.254492],[44.488672,66.671777],[44.097168,66.235059],[42.210547,66.519678],[41.475781,66.123437],[39.816504,65.597949],[40.28125,64.998096],[39.758008,64.577051],[38.009375,64.87876],[36.882812,65.172363],[36.528223,64.847363],[38.070801,64.02583],[37.442188,63.813379],[36.364941,64.002832],[34.869531,64.56001],[34.406445,65.395752],[34.786328,65.864551],[33.566699,66.320996],[32.463672,66.916309],[34.824609,66.611133],[35.513477,66.395801],[38.397559,66.064453],[40.521582,66.446631],[41.188965,66.826172],[40.966406,67.713477],[40.380664,67.831885],[35.85791,69.191748],[33.684375,69.310254],[32.377734,69.479102],[31.98457,69.953662],[30.869727,69.783447],[28.96582,69.021973],[28.470703,68.488379],[29.941211,67.547461],[29.087012,66.970947],[29.903418,66.091064],[29.604199,64.968408],[30.072852,64.765039],[30.503906,64.020605],[30.055371,63.689014],[31.180859,63.208301],[31.285645,62.567822],[29.690137,61.546094],[27.797656,60.536133],[28.650586,60.610986],[29.069141,60.191455],[28.947266,59.82876],[28.0125,59.484277],[27.464453,58.841309],[27.752832,57.841016],[27.351953,57.528125],[27.796875,57.316943],[28.147949,56.14292],[29.482227,55.68457],[30.233594,55.845215],[30.906836,55.57002],[31.121289,54.648486],[32.704297,53.336328],[32.141992,53.091162],[31.417871,53.196045],[31.763379,52.101074],[32.50791,52.308545],[33.735254,52.344775],[34.397852,51.78042],[34.280664,51.31167],[35.311914,51.043896],[35.411621,50.539697],[36.619434,50.209229],[37.422852,50.411475],[38.258594,50.052344],[39.174805,49.855957],[39.780566,49.572021],[40.07002,49.200293],[39.686523,49.00791],[39.961035,48.237939],[39.735938,47.844824],[38.900293,47.855127],[38.287402,47.55918],[38.214355,47.091455],[37.967969,46.618018],[37.933105,46.001709],[37.647168,45.377197],[36.941211,45.289697],[37.411328,44.735352],[38.717285,44.288086],[39.97832,43.419824],[40.648047,43.533887],[41.580566,43.219238],[42.419043,43.224219],[43.782617,42.747021],[43.957422,42.566553],[44.870996,42.756396],[45.727539,42.475049],[45.638574,42.205078],[46.429883,41.890967],[47.261133,41.315088],[47.861133,41.212744],[48.572852,41.844482],[47.463184,43.035059],[47.508984,43.509717],[47.229883,44.192383],[46.753027,44.420654],[47.524219,45.601709],[48.15918,45.737012],[49.232227,46.337158],[48.109961,47.74541],[47.093262,47.947705],[46.660938,48.412256],[47.014258,49.09834],[46.802051,49.36709],[47.326465,50.273535],[47.705762,50.377979],[48.434277,49.828516],[48.843262,50.013135],[48.808398,50.601318],[49.498047,51.083594],[50.246875,51.289502],[50.793945,51.729199],[51.609082,51.483984],[52.331055,51.681299],[53.338086,51.482373],[54.421484,50.780322],[54.727148,50.998096],[55.797656,50.602051],[56.491406,51.019531],[57.442188,50.888867],[58.35918,51.063818],[58.883691,50.694434],[59.812402,50.582031],[61.389453,50.861035],[61.363086,51.441895],[60.464746,51.651172],[60.065527,51.976465],[60.937598,52.280566],[60.802344,52.744727],[61.199219,53.287158],[60.979492,53.621729],[61.333691,54.049268],[61.928711,53.946484],[64.46123,54.38418],[65.157813,54.364404],[65.476953,54.623291],[66.222656,54.667383],[68.073828,54.95957],[68.977246,55.3896],[70.182422,55.162451],[70.738086,55.305176],[71.185547,54.599316],[71.093164,54.212207],[72.914062,54.107324],[73.399414,53.811475],[74.451953,53.647266],[76.266602,54.311963],[76.575684,53.942529],[77.704395,53.37915],[78.475488,52.638428],[79.98623,50.774561],[80.877344,51.281445],[81.465918,50.739844],[82.493945,50.727588],[83.357324,50.99458],[83.945117,50.774658],[84.257812,50.288232],[84.989453,50.061426],[85.210156,49.664844],[86.180859,49.499316],[86.614258,49.609717],[87.322852,49.085791],[87.814258,49.162305],[88.192578,49.451709],[88.831641,49.448437],[89.643848,49.903027],[91.804297,50.693604],[94.251074,50.556396],[94.614746,50.02373],[95.851953,50.012939],[96.985742,49.882812],[97.208594,49.730811],[98.103418,50.077832],[98.279492,50.533252],[97.825293,50.985254],[97.946875,51.348437],[98.848633,52.070068],[99.92168,51.755518],[100.53623,51.713477],[102.111523,51.353467],[102.288379,50.585107],[103.63291,50.138574],[105.383594,50.47373],[106.711133,50.312598],[107.233301,49.989404],[107.947852,49.924707],[108.033789,49.593994],[108.613672,49.322803],[110.82793,49.166162],[111.336621,49.355859],[113.055566,49.61626],[113.16416,49.797168],[114.29707,50.274414],[115.274512,49.948877],[116.13457,50.010791],[116.683301,49.823779],[117.873438,49.513477],[118.451563,49.844482],[119.259863,50.066406],[119.191895,50.379834],[120.066895,51.600684],[120.749805,52.096533],[120.656152,52.56665],[120.094531,52.787207],[120.704102,53.171826],[122.337793,53.48501],[123.607813,53.546533],[124.812305,53.133838],[125.649023,53.042285],[126.312891,52.399756],[126.924805,51.100146],[127.590234,50.208984],[127.502441,49.873437],[127.999609,49.568604],[128.704004,49.600146],[129.498145,49.388818],[130.804297,48.341504],[131.002734,47.691455],[132.561914,47.768506],[133.144043,48.105664],[134.293359,48.373437],[134.752344,47.71543],[134.167676,47.302197],[133.861328,46.247754],[133.186035,45.494824],[132.936035,45.029932],[131.977539,45.243994],[131.082324,44.91001],[131.261816,43.433057],[131.068555,42.902246],[130.526953,42.5354],[130.687305,42.302539]]],[[[67.765332,76.237598],[68.899805,76.572949],[67.534961,77.007764],[65.862891,76.61333],[62.971484,76.23667],[58.88125,75.854785],[57.0875,75.383838],[54.642676,73.95957],[55.006836,73.453857],[56.963867,73.366553],[58.441406,74.128857],[58.534668,74.498926],[60.222461,74.796582],[61.355957,75.314844],[66.282422,75.983691],[67.765332,76.237598]]],[[[55.319824,73.308301],[53.753223,73.293262],[52.62207,72.300977],[51.58252,72.071191],[51.812598,71.491309],[53.363867,71.54165],[53.722363,70.814453],[54.601172,70.680078],[57.145898,70.589111],[55.297852,71.935352],[55.355957,72.465088],[56.42959,73.201172],[55.319824,73.308301]]],[[[96.526563,81.075586],[93.065137,80.988477],[91.523828,80.358545],[93.872363,80.010107],[94.565039,80.126074],[97.175195,80.241016],[97.831836,80.798291],[96.526563,81.075586]]],[[[97.674512,80.158252],[94.987305,80.096826],[93.070801,79.495312],[94.652344,79.12749],[97.555469,78.826562],[99.439551,78.834229],[100.06123,79.7771],[97.674512,80.158252]]],[[[102.884766,79.253955],[101.590625,79.350439],[100.283984,78.679199],[101.204102,78.191943],[103.719336,78.258252],[105.312598,78.499902],[105.145996,78.818848],[102.884766,79.253955]]],[[[140.04873,75.828955],[138.813965,76.199707],[137.501172,75.909668],[137.00625,75.23501],[139.099121,74.656543],[141.987305,74.99126],[144.019727,75.044678],[145.255273,75.585596],[142.460352,75.903613],[140.04873,75.828955]]],[[[146.795215,75.370752],[148.092383,74.825684],[149.596875,74.772607],[150.103906,75.219238],[146.795215,75.370752]]],[[[142.761035,54.393945],[142.526172,53.447461],[141.823535,53.339502],[141.722363,51.736328],[142.206738,51.222559],[142.071094,50.51499],[142.142285,49.569141],[141.866309,48.750098],[142.181738,48.013379],[141.964063,47.587451],[142.038672,47.140283],[141.830371,46.451074],[142.208594,46.088867],[142.578027,46.700781],[143.282324,46.558984],[143.005566,47.222705],[142.556934,47.737891],[142.574219,48.072168],[143.10498,49.198828],[144.27207,49.311328],[143.816016,50.282617],[143.155566,52.08374],[143.323633,52.613574],[143.223633,53.296045],[142.761035,54.393945]]],[[[-178.876465,71.577051],[-179.999951,71.537744],[-179.999951,70.993018],[-177.821777,71.067578],[-178.876465,71.577051]]],[[[50.265234,69.185596],[49.225195,69.51123],[48.278809,69.040332],[49.62627,68.859717],[50.265234,69.185596]]],[[[142.184863,73.895898],[141.084766,73.865869],[140.662793,73.452002],[143.193262,73.220752],[143.34375,73.56875],[142.184863,73.895898]]],[[[60.450488,69.934863],[59.005273,70.465186],[58.473047,70.266846],[59.578223,69.738623],[60.450488,69.934863]]],[[[20.957813,55.278906],[20.899805,55.28667],[19.974512,54.921191],[19.604395,54.45918],[22.766211,54.356787],[22.83125,54.838477],[21.235742,55.264111],[20.957813,55.278906]]],[[[33.594141,46.09624],[33.664844,45.94707],[32.508008,45.403809],[33.555176,45.097656],[33.450684,44.553662],[33.909961,44.387598],[35.472559,45.098486],[36.393359,45.065381],[36.170508,45.453076],[35.373926,45.353613],[35.001674,45.733383],[34.686878,45.97695],[33.594141,46.09624]]]]},"properties":{"name":"Russia"}},
{"type":"Feature","geometry":{"type":"Polygon","coordinates":[[[28.2125,45.450439],[28.099707,45.972607],[28.244336,46.45127],[28.071777,46.978418],[27.336914,47.639746],[26.980762,48.155029],[26.618945,48.259863],[26.162695,47.992529],[24.893359,47.717773],[23.202637,48.084521],[22.87666,47.947266],[22.290625,47.727832],[21.151953,46.304346],[20.241797,46.108594],[20.775,45.749805],[20.774219,45.484424],[21.491797,45.122266],[21.384375,44.870068],[22.705078,44.237793],[23.224609,43.873877],[25.49707,43.670801],[26.21582,44.007275],[27.086914,44.167383],[28.585352,43.742236],[28.64541,44.295654],[29.048242,44.757568],[29.55752,44.843408],[29.705859,45.259912],[29.223535,45.40293],[28.760742,45.234131],[28.2125,45.450439]]]},"properties":{"name":"Romania"}},
{"type":"Feature","geometry":{"type":"Polygon","coordinates":[[[51.267969,24.607227],[51.601953,25.147949],[51.543066,25.902393],[51.003125,25.981445],[50.762891,25.444727],[50.804395,24.789258],[51.267969,24.607227]]]},"properties":{"name":"Qatar"}},
{"type":"Feature","geometry":{"type":"Polygon","coordinates":[[[-8.777148,41.941064],[-8.655566,41.029492],[-9.148291,39.542578],[-9.374756,39.338281],[-9.474121,38.730859],[-8.914795,38.512109],[-8.81416,37.430811],[-8.597656,37.121338],[-7.834131,37.005713],[-7.406152,37.179443],[-7.503516,37.585498],[-7.185449,38.006348],[-7.343018,38.457422],[-7.046045,38.907031],[-7.445117,39.536182],[-7.036719,39.713965],[-6.810156,40.343115],[-6.928467,41.009131],[-6.2125,41.532031],[-6.618262,41.942383],[-7.92085,41.883643],[-8.213086,42.133691],[-8.777148,41.941064]]]},"properties":{"name":"Portugal"}},
{"type":"Feature","geometry":{"type":"Polygon","coordinates":[[[23.605273,51.51792],[23.652441,52.040381],[23.196973,52.256934],[23.844727,52.664209],[23.887109,53.027539],[23.484668,53.939795],[22.766211,54.356787],[19.604395,54.45918],[18.669629,54.430908],[18.323438,54.838184],[16.559766,54.553809],[16.186328,54.290381],[14.211426,53.950342],[14.213672,53.870752],[14.258887,53.729639],[14.414551,53.283496],[14.128613,52.878223],[14.619434,52.528516],[14.60166,51.832373],[15.016602,51.252734],[14.809375,50.858984],[16.007227,50.611621],[16.679102,50.097461],[17.151953,50.37832],[17.874805,49.972266],[18.562402,49.879346],[18.832227,49.510791],[19.441602,49.597705],[19.802246,49.192334],[20.616113,49.391699],[21.639648,49.411963],[22.538672,49.072705],[22.649414,49.539014],[23.711719,50.377344],[24.105762,50.844971],[23.605273,51.51792]]]},"properties":{"name":"Poland"}},
{"type":"Feature","geometry":{"type":"MultiPolygon","coordinates":[[[[121.101562,18.615283],[120.599707,18.507861],[120.358398,17.638184],[120.408887,16.955615],[120.159766,16.047656],[119.830762,16.326562],[120.082129,14.851074],[120.888086,14.715771],[120.616797,14.188037],[121.203516,13.640283],[121.77793,13.937646],[122.406934,13.492773],[122.595215,13.907617],[123.163281,13.441748],[123.310938,13.044092],[124.059766,12.56709],[124.142773,13.035791],[123.231445,13.747363],[122.856055,14.250781],[122.49082,14.322363],[121.800488,14.113867],[121.69541,14.737305],[121.392285,15.324414],[121.595313,15.933252],[122.135156,16.184814],[122.519141,17.124854],[122.150977,17.756494],[122.299805,18.402783],[121.845605,18.29541],[121.101562,18.615283]]],[[[117.311133,8.4396],[118.434961,9.256006],[118.782129,9.916113],[119.191504,10.061084],[119.684375,10.551709],[119.52666,10.953174],[118.114844,9.34668],[117.349902,8.713574],[117.311133,8.4396]]],[[[122.496191,11.615088],[122.103516,11.64292],[121.964355,10.87168],[122.197656,10.6229],[122.769922,10.823828],[123.158301,11.535547],[122.496191,11.615088]]],[[[123.130859,9.064111],[123.308398,9.356982],[123.162012,9.864258],[123.567578,10.780762],[122.983301,10.886621],[122.855566,10.086914],[122.471484,9.961523],[122.5625,9.482812],[123.130859,9.064111]]],[[[124.574609,11.343066],[124.445508,10.923584],[124.786719,10.781396],[124.780762,10.168066],[125.25332,10.263818],[125.013184,10.785693],[124.92998,11.372852],[124.574609,11.343066]]],[[[125.239551,12.527881],[124.294727,12.569336],[124.384863,12.243994],[124.884277,11.775488],[125.233398,11.145068],[125.628125,11.132031],[125.239551,12.527881]]],[[[120.704395,13.479492],[120.508301,13.260059],[120.922168,12.511621],[121.236719,12.218799],[121.540625,12.638184],[121.522754,13.131201],[121.202734,13.432324],[120.704395,13.479492]]],[[[126.005957,9.320947],[125.520898,9.759131],[125.533398,9.140918],[124.868945,8.972266],[124.731152,8.562988],[124.225781,8.271387],[123.43457,8.70332],[122.911133,8.156445],[122.337109,8.028418],[122.131836,7.810498],[123.390918,7.40752],[123.493066,7.80791],[123.968457,7.664648],[124.206641,7.396436],[123.985254,6.993701],[124.078125,6.404443],[124.636328,5.998193],[125.455859,5.664258],[125.667969,5.978662],[125.400977,6.795752],[125.824414,7.333301],[126.080078,6.73335],[126.581543,7.247754],[126.319531,8.844727],[126.005957,9.320947]]],[[[124.593848,9.787207],[124.172852,10.135205],[123.935645,9.623975],[124.593848,9.787207]]]]},"properties":{"name":"Philippines"}},
{"type":"Feature","geometry":{"type":"Polygon","coordinates":[[[-69.965918,-4.235938],[-70.339502,-3.814355],[-70.735107,-3.781543],[-70.074023,-2.750195],[-70.914551,-2.218555],[-71.396973,-2.334082],[-71.752539,-2.152734],[-72.395605,-2.428906],[-73.154492,-2.278223],[-73.196973,-1.830273],[-73.496289,-1.693066],[-73.664307,-1.248828],[-74.246387,-0.970605],[-74.417871,-0.580664],[-74.801758,-0.200098],[-75.284473,-0.106543],[-75.263232,-0.555371],[-75.570557,-1.53125],[-76.089795,-2.133105],[-76.679102,-2.562598],[-77.860596,-2.981641],[-78.347266,-3.43125],[-78.419775,-3.776855],[-79.07627,-4.990625],[-79.330957,-4.927832],[-79.638525,-4.454883],[-80.51001,-4.069531],[-80.179248,-3.877734],[-80.324658,-3.387891],[-80.798584,-3.731055],[-81.283203,-4.322266],[-81.336621,-4.669531],[-81.108496,-5.027832],[-80.811621,-6.282227],[-80.110254,-6.649609],[-79.761963,-7.066504],[-79.377246,-7.835547],[-78.762256,-8.616992],[-78.185596,-10.089063],[-77.736084,-10.836719],[-77.633203,-11.287793],[-77.220312,-11.663379],[-77.152734,-12.060352],[-76.832129,-12.34873],[-76.183936,-13.515234],[-76.289014,-14.133105],[-75.933887,-14.633594],[-75.533643,-14.899219],[-75.104248,-15.411914],[-73.824951,-16.152832],[-72.467676,-16.708105],[-71.532227,-17.294336],[-71.336963,-17.68252],[-70.418262,-18.345605],[-69.926367,-18.206055],[-69.8521,-17.703809],[-69.510937,-17.506055],[-69.624854,-17.200195],[-69.020703,-16.642188],[-69.418506,-15.603418],[-69.172461,-15.236621],[-69.374707,-14.962988],[-68.880322,-14.198828],[-69.074121,-13.682813],[-68.978613,-12.880078],[-68.685254,-12.501953],[-69.578613,-10.951758],[-70.642334,-11.010254],[-70.636914,-9.478223],[-71.237939,-9.966016],[-72.181592,-10.003711],[-72.379053,-9.510156],[-73.209424,-9.411426],[-72.974023,-8.993164],[-73.549121,-8.345801],[-74.002051,-7.556055],[-73.749463,-7.335352],[-73.758105,-6.905762],[-73.137354,-6.46582],[-73.235547,-6.098438],[-72.979883,-5.634863],[-72.887061,-5.122754],[-71.844727,-4.504395],[-70.973682,-4.350488],[-70.799512,-4.17334],[-69.965918,-4.235938]]]},"properties":{"name":"Peru"}},
{"type":"Feature","geometry":{"type":"Polygon","coordinates":[[[-58.159766,-20.164648],[-58.180176,-19.817871],[-59.090527,-19.28623],[-60.007373,-19.297559],[-61.756836,-19.645313],[-62.276318,-20.5625],[-62.27666,-21.066016],[-62.650977,-22.233691],[-62.37251,-22.43916],[-61.798535,-23.182031],[-60.839844,-23.858105],[-59.89248,-24.093555],[-59.372949,-24.453906],[-58.365381,-24.959277],[-57.82168,-25.136426],[-57.587158,-25.405078],[-58.203027,-26.381445],[-58.191309,-26.62998],[-58.641748,-27.196094],[-56.437158,-27.553809],[-55.78999,-27.416406],[-55.42666,-27.009277],[-54.825488,-26.652246],[-54.615869,-25.576074],[-54.241797,-24.047266],[-54.625488,-23.8125],[-55.366309,-23.991016],[-55.84917,-22.307617],[-56.523828,-22.102539],[-56.937256,-22.271289],[-57.985693,-22.046387],[-57.830225,-20.997949],[-58.159766,-20.164648]]]},"properties":{"name":"Paraguay"}},
{"type":"Feature","geometry":{"type":"MultiPolygon","coordinates":[[[[152.96582,-4.756348],[153.124219,-4.252344],[152.598438,-3.994824],[152.680664,-4.498438],[152.96582,-4.756348]]],[[[151.915625,-4.296777],[151.551953,-4.345508],[151.671191,-4.883301],[151.326563,-4.960352],[150.95293,-5.42373],[150.29873,-5.535645],[148.344727,-5.544922],[148.401172,-5.765039],[149.652539,-6.29043],[150.42832,-6.276172],[151.229297,-5.919922],[151.515137,-5.552344],[152.142969,-5.357031],[152.013281,-5.003809],[152.4,-4.73125],[152.405664,-4.340723],[151.915625,-4.296777]]],[[[140.976172,-9.11875],[141.133203,-9.221289],[142.22959,-9.169922],[142.647168,-9.327832],[143.366211,-8.961035],[143.094922,-8.31123],[143.61377,-8.200391],[144.509863,-7.567383],[144.973828,-7.802148],[146.033203,-8.076367],[146.696582,-9.025391],[147.768652,-10.070117],[149.754102,-10.353027],[150.482422,-10.636914],[150.666992,-10.257129],[149.874414,-10.012988],[149.203027,-9.406836],[149.247656,-9.070996],[148.583105,-9.051758],[148.246875,-8.554297],[148.126758,-8.103613],[147.190039,-7.378125],[146.960742,-6.928809],[147.119141,-6.72168],[147.845508,-6.662402],[147.802051,-6.315234],[147.37666,-5.950781],[147.034277,-5.919238],[145.852832,-5.471289],[145.766992,-4.823047],[145.33457,-4.385254],[145.087793,-4.349121],[144.477734,-3.825293],[144.01582,-3.783594],[143.508984,-3.431152],[142.211523,-3.083496],[140.973438,-2.609766],[140.974219,-4.226465],[140.975195,-6.905371],[140.976172,-9.11875]]],[[[155.957617,-6.686816],[154.99707,-5.539941],[154.781934,-5.970703],[155.202148,-6.307617],[155.344043,-6.72168],[155.957617,-6.686816]]]]},"properties":{"name":"Papua New Guinea"}},
{"type":"Feature","geometry":{"type":"Polygon","coordinates":[[[-77.374219,8.658301],[-78.082764,9.236279],[-78.504346,9.406299],[-79.577295,9.597852],[-80.1271,9.209912],[-80.838672,8.887207],[-81.354785,8.780566],[-82.244189,9.031494],[-82.563574,9.57666],[-82.939844,9.44917],[-82.879346,8.070654],[-82.679541,8.321973],[-81.727637,8.137549],[-81.50415,7.721191],[-81.035107,7.711133],[-80.845557,7.220068],[-80.438867,7.274951],[-80.075195,7.667041],[-80.458105,8.077051],[-80.368701,8.28877],[-79.750439,8.595508],[-79.441504,9.006006],[-79.086377,8.997168],[-78.113867,8.37959],[-78.421582,8.060986],[-77.901172,7.229346],[-77.743896,7.536963],[-77.350781,7.705859],[-77.212305,8.033887],[-77.374219,8.658301]]]},"properties":{"name":"Panama"}},
{"type":"Feature","geometry":{"type":"Polygon","coordinates":[[[134.59541,7.382031],[134.65957,7.663281],[134.555957,7.593945],[134.50625,7.437109],[134.59541,7.382031]]]},"properties":{"name":"Palau"}},
{"type":"Feature","geometry":{"type":"Polygon","coordinates":[[[76.766895,35.661719],[75.945117,36.017578],[75.840234,36.649707],[75.34668,36.913477],[74.541406,37.022168],[73.769141,36.888477],[72.622852,36.82959],[71.620508,36.436475],[71.185059,36.04209],[71.427539,35.83374],[71.620508,35.183008],[70.965625,34.530371],[71.051563,34.049707],[69.868066,33.897656],[70.28418,33.369043],[69.501563,33.020068],[69.241406,32.433545],[69.279297,31.936816],[68.868945,31.634229],[68.213965,31.807373],[67.287305,31.217822],[66.924316,31.305615],[66.397168,30.912207],[66.177051,29.835596],[65.095508,29.559473],[64.521094,29.564502],[64.09873,29.391943],[63.567578,29.497998],[62.476562,29.40835],[60.843359,29.858691],[61.318359,29.372607],[61.623047,28.791602],[62.353027,28.414746],[62.739746,28.002051],[62.762988,27.250195],[63.166797,27.25249],[63.168066,26.665576],[62.439258,26.561035],[61.869824,26.242432],[61.587891,25.202344],[62.315332,25.134912],[62.572461,25.254736],[63.491406,25.21084],[63.720898,25.385889],[64.658984,25.184082],[64.77666,25.307324],[65.679688,25.355273],[66.428613,25.575342],[66.703027,24.860937],[67.171484,24.756104],[67.309375,24.174805],[67.668457,23.810986],[68.724121,23.964697],[68.728125,24.265625],[69.716211,24.172607],[70.546777,24.418311],[71.047852,24.687744],[70.652051,25.4229],[70.077734,26.071973],[70.156836,26.471436],[69.47002,26.804443],[69.567969,27.174609],[70.403711,28.025049],[70.737402,27.729004],[71.870313,27.9625],[72.341895,28.751904],[72.90332,29.02876],[73.381641,29.934375],[73.80918,30.093359],[73.899316,30.435352],[74.632812,31.034668],[74.509961,31.712939],[75.333496,32.279199],[74.657813,32.518945],[73.994238,33.242188],[74.15,33.506982],[73.96123,34.653467],[74.300391,34.765381],[75.70918,34.503076],[76.594434,34.73584],[77.048633,35.109912],[76.766895,35.661719]]]},"properties":{"name":"Pakistan"}},
{"type":"Feature","geometry":{"type":"Polygon","coordinates":[[[53.085645,16.648389],[54.068164,17.005518],[55.06416,17.038916],[55.479102,17.843262],[56.270313,17.950781],[56.550781,18.165967],[56.655078,18.587354],[57.176563,18.902588],[57.811621,19.01709],[57.715137,19.606934],[57.861816,20.244141],[58.474219,20.406885],[58.895703,21.112793],[59.371484,21.498828],[59.8,22.219922],[58.578027,23.643457],[57.219824,23.922754],[56.640625,24.470312],[56.387988,24.979199],[56.063867,24.73877],[55.199902,23.034766],[55.18584,22.704102],[55.641016,22.001855],[54.977344,19.995947],[51.977637,18.996143],[52.729199,17.300391],[53.085645,16.648389]]]},"properties":{"name":"Oman"}},
{"type":"Feature","geometry":{"type":"MultiPolygon","coordinates":[[[[20.622168,69.036865],[21.621777,69.270703],[22.410938,68.719873],[23.854004,68.805908],[24.941406,68.593262],[25.74834,68.990137],[26.011523,69.652637],[26.525391,69.915039],[27.889941,70.06167],[29.141602,69.671436],[28.96582,69.021973],[30.869727,69.783447],[30.944141,70.274414],[29.102344,70.860742],[27.59707,71.091309],[24.42002,70.702002],[18.293164,69.475098],[18.101465,69.156299],[16.651855,68.625781],[16.064551,68.199902],[14.798926,67.809326],[14.75498,67.499023],[13.104688,66.539404],[12.976074,66.019189],[12.272852,65.568164],[12.159668,65.178955],[11.349902,64.905908],[9.708008,63.864893],[9.696875,63.624561],[8.398145,63.535107],[8.100586,63.090967],[7.008496,62.957666],[5.533301,62.310889],[4.927832,61.710693],[5.049121,60.70752],[5.244043,60.56958],[5.131641,59.226465],[5.845215,59.353467],[5.706836,58.523633],[7.004883,58.024219],[8.166113,58.145313],[9.618457,58.946045],[10.834473,59.183936],[11.388281,59.036523],[11.680762,59.592285],[12.486133,60.106787],[12.294141,61.002686],[12.880762,61.352295],[12.155371,61.720752],[12.303516,62.285596],[11.999902,63.291699],[12.6625,63.940479],[13.960547,64.014014],[13.650293,64.581543],[14.479688,65.301465],[14.543262,66.129346],[16.403516,67.05498],[16.127441,67.42583],[18.378613,68.562402],[19.969824,68.356396],[20.622168,69.036865]]],[[[21.608105,78.595703],[20.22793,78.477832],[22.056836,77.501172],[23.841211,77.497754],[21.608105,78.595703]]],[[[20.897852,80.249951],[18.343848,80.05957],[18.725,79.760742],[20.861133,79.397852],[23.947754,79.194287],[25.641211,79.403027],[27.198633,79.906592],[26.86084,80.16001],[22.450781,80.402246],[20.897852,80.249951]]],[[[16.786719,79.906738],[13.383594,79.480762],[10.865918,79.796582],[11.773828,78.716406],[14.920801,77.688818],[14.36582,77.234473],[16.700488,76.579297],[18.439258,78.025049],[20.458203,79.129248],[16.786719,79.906738]]]]},"properties":{"name":"Norway"}},
{"type":"Feature","geometry":{"type":"Polygon","coordinates":[[[128.374609,38.623437],[127.394531,39.20791],[127.568164,39.781982],[128.304492,40.035937],[129.708691,40.857324],[129.756348,41.712256],[130.45752,42.301709],[130.687305,42.302539],[130.526953,42.5354],[129.898242,42.998145],[129.719727,42.475],[129.313672,42.413574],[128.923438,42.038232],[128.045215,41.9875],[128.11123,41.389258],[127.179688,41.531348],[126.903516,41.781055],[125.989062,40.904639],[124.889355,40.459814],[124.362109,40.004053],[124.557422,39.790576],[125.36084,39.526611],[125.409668,39.288379],[125.067383,38.556738],[124.690918,38.129199],[125.193164,38.037793],[125.449316,37.730225],[125.941699,37.873682],[126.633887,37.781836],[127.169531,38.304541],[128.038965,38.308545],[128.374609,38.623437]]]},"properties":{"name":"North Korea"}},
{"type":"Feature","geometry":{"type":"Polygon","coordinates":[[[13.606348,13.70459],[12.654785,13.326562],[12.463184,13.09375],[11.411914,13.353613],[10.184668,13.270117],[9.615918,12.810645],[8.750586,12.908154],[7.788672,13.337891],[7.056738,13.000195],[6.386328,13.603613],[5.491992,13.872852],[4.82334,13.759766],[4.147559,13.457715],[3.947852,12.775049],[3.64668,12.52998],[3.59541,11.696289],[3.487793,11.39541],[3.834473,10.607422],[3.576563,10.268359],[3.044922,9.083838],[2.774805,9.048535],[2.686035,7.87373],[2.774609,6.711719],[2.706445,6.369238],[4.125879,6.411377],[4.861035,6.026318],[5.232422,5.483789],[5.587793,4.647217],[6.076563,4.290625],[6.757031,4.343555],[7.154688,4.514404],[8.293066,4.557617],[8.555859,4.755225],[8.800977,5.197461],[9.060156,6.009082],[10.143555,6.996436],[10.60625,7.063086],[11.15332,6.437939],[11.55166,6.697266],[12.016016,7.589746],[12.403516,8.595557],[12.806543,8.886621],[12.929492,9.42627],[13.175488,9.539648],[13.269922,10.036182],[13.89209,11.140088],[14.559766,11.492285],[14.627148,12.108691],[14.197461,12.383789],[14.063965,13.078516],[13.606348,13.70459]]]},"properties":{"name":"Nigeria"}},
{"type":"Feature","geometry":{"type":"Polygon","coordinates":[[[13.606348,13.70459],[13.448242,14.380664],[14.367969,15.750146],[15.474316,16.908398],[15.735059,19.904053],[15.948828,20.303174],[15.181836,21.523389],[14.979004,22.996191],[14.230762,22.618457],[13.48125,23.180176],[11.967871,23.517871],[9.378711,21.991406],[7.481738,20.873096],[5.836621,19.47915],[4.227637,19.142773],[4.234668,16.996387],[4.121289,16.357715],[3.876953,15.755273],[3.504297,15.356348],[1.300195,15.272266],[0.960059,14.986914],[0.21748,14.911475],[0.163867,14.497217],[0.618164,13.703418],[0.977734,13.551953],[0.987305,13.041895],[1.564941,12.6354],[2.073828,12.713965],[2.091406,12.277979],[2.38916,11.89707],[2.366016,12.221924],[2.878125,12.367725],[3.59541,11.696289],[3.64668,12.52998],[3.947852,12.775049],[4.147559,13.457715],[4.82334,13.759766],[5.491992,13.872852],[6.386328,13.603613],[7.056738,13.000195],[7.788672,13.337891],[8.750586,12.908154],[9.615918,12.810645],[10.184668,13.270117],[11.411914,13.353613],[12.463184,13.09375],[12.654785,13.326562],[13.606348,13.70459]]]},"properties":{"name":"Niger"}},
{"type":"Feature","geometry":{"type":"Polygon","coordinates":[[[-83.15752,14.993066],[-84.645947,14.661084],[-84.985156,14.752441],[-85.179492,14.343311],[-85.786719,13.844434],[-86.151221,13.99458],[-86.733643,13.763477],[-86.710693,13.313379],[-87.337256,12.979248],[-87.667529,12.903564],[-86.755615,12.156641],[-86.468896,11.738281],[-85.744336,11.062109],[-85.621387,11.184473],[-84.90918,10.945312],[-84.348291,10.979883],[-84.168359,10.780371],[-83.641992,10.917236],[-83.867871,11.300049],[-83.651758,11.642041],[-83.769336,11.931641],[-83.510937,12.411816],[-83.567334,13.320312],[-83.412305,13.996484],[-83.187744,14.340088],[-83.15752,14.993066]]]},"properties":{"name":"Nicaragua"}},
{"type":"Feature","geometry":{"type":"MultiPolygon","coordinates":[[[[173.115332,-41.279297],[172.640625,-40.518262],[172.139453,-40.947266],[172.010742,-41.444727],[171.48623,-41.794727],[171.257031,-42.465332],[170.741602,-42.927344],[169.661523,-43.591211],[168.366602,-44.082031],[167.194531,-44.963477],[166.733984,-45.543555],[166.731543,-46.197852],[167.682227,-46.192969],[168.382129,-46.605371],[169.686621,-46.55166],[170.700586,-45.684277],[171.113281,-45.039258],[171.442578,-44.13584],[172.385254,-43.82959],[172.920605,-43.891406],[172.718555,-43.258789],[173.221191,-42.976562],[174.283105,-41.740625],[174.092383,-41.505176],[174.302539,-41.019531],[173.737891,-40.988965],[173.115332,-41.279297]]],[[[173.269434,-34.934766],[173.116699,-35.205273],[173.945117,-36.175879],[174.446875,-36.450879],[174.475586,-36.941895],[174.928027,-37.804492],[174.597363,-38.785059],[173.844336,-39.139355],[173.934375,-39.509082],[175.009277,-39.952148],[175.1625,-40.621582],[174.635352,-41.289453],[175.309766,-41.610645],[175.98291,-41.213281],[176.842188,-40.157813],[177.109863,-39.673145],[176.954102,-39.367578],[177.40752,-39.081152],[177.965625,-39.14248],[178.53623,-37.69209],[178.00918,-37.554883],[177.335938,-37.99082],[176.108398,-37.645117],[175.876172,-36.957715],[175.299512,-36.993262],[174.722461,-36.841211],[174.802148,-36.309473],[174.391016,-35.77373],[174.320312,-35.24668],[173.269434,-34.934766]]]]},"properties":{"name":"New Zealand"}},
{"type":"Feature","geometry":{"type":"Polygon","coordinates":[[[-169.803418,-19.083008],[-169.834033,-18.966016],[-169.94834,-19.072852],[-169.903809,-19.137891],[-169.803418,-19.083008]]]},"properties":{"name":"Niue"}},
{"type":"Feature","geometry":{"type":"Polygon","coordinates":[[[-159.740527,-21.249219],[-159.768359,-21.188477],[-159.832031,-21.200488],[-159.8396,-21.238086],[-159.740527,-21.249219]]]},"properties":{"name":"Cook Islands"}},
{"type":"Feature","geometry":{"type":"Polygon","coordinates":[[[5.993945,50.750439],[6.193262,51.488916],[6.741797,51.910889],[7.035156,52.380225],[7.197266,53.282275],[6.062207,53.40708],[4.67832,52.809766],[4.482813,52.30918],[3.586914,51.453906],[4.226172,51.386475],[4.503418,51.474707],[5.827148,51.125635],[5.993945,50.750439]]]},"properties":{"name":"Netherlands"}},
{"type":"Feature","geometry":{"type":"Polygon","coordinates":[[[-69.899121,12.452002],[-69.973145,12.567627],[-70.066113,12.546973],[-69.942187,12.438525],[-69.899121,12.452002]]]},"properties":{"name":"Aruba"}},
{"type":"Feature","geometry":{"type":"Polygon","coordinates":[[[-68.751074,12.059766],[-68.827393,12.158545],[-69.013135,12.231348],[-69.076758,12.342041],[-69.153809,12.298437],[-68.995117,12.141846],[-68.80332,12.045459],[-68.751074,12.059766]]]},"properties":{"name":"Curaçao"}},
{"type":"Feature","geometry":{"type":"Polygon","coordinates":[[[88.109766,27.870605],[87.141406,27.83833],[86.408691,27.928662],[85.67832,28.277441],[85.122461,28.315967],[84.228711,28.911768],[84.101367,29.219971],[83.583496,29.183594],[83.155469,29.612646],[82.158984,30.115186],[82.043359,30.326758],[81.417188,30.337598],[81.010254,30.164502],[80.401855,29.730273],[80.070703,28.830176],[80.587012,28.649609],[81.852637,27.86709],[83.289746,27.370996],[84.091016,27.491357],[84.610156,27.298682],[84.685352,27.041016],[85.292969,26.741016],[86.366113,26.574414],[87.016406,26.55542],[87.287402,26.360303],[88.054883,26.430029],[87.984375,27.133936],[88.109766,27.870605]]]},"properties":{"name":"Nepal"}},
{"type":"Feature","geometry":{"type":"Polygon","coordinates":[[[166.958398,-0.516602],[166.913574,-0.499121],[166.916406,-0.546484],[166.958398,-0.516602]]]},"properties":{"name":"Nauru"}},
{"type":"Feature","geometry":{"type":"Polygon","coordinates":[[[23.380664,-17.640625],[21.416895,-18.000684],[20.392969,-17.887402],[19.076465,-17.817676],[18.396387,-17.399414],[16.531055,-17.39082],[13.937988,-17.38877],[13.403711,-17.007812],[13.101172,-16.967676],[12.548145,-17.212695],[11.743066,-17.249219],[11.775879,-18.001758],[12.458203,-18.926758],[13.168359,-20.184668],[13.450586,-20.916699],[14.321875,-22.189941],[14.525977,-22.702539],[14.501563,-24.201953],[14.837109,-25.033203],[14.967773,-26.318066],[15.341504,-27.386523],[15.719043,-27.96582],[16.447559,-28.617578],[17.05625,-28.031055],[17.447949,-28.698145],[18.31084,-28.88623],[19.026074,-28.92793],[19.671484,-28.503906],[19.980469,-28.45127],[19.980469,-26.531152],[19.980469,-24.776758],[19.977344,-22.000195],[20.970996,-22.000195],[20.976172,-19.744336],[20.974121,-18.318848],[23.298633,-18.027344],[23.580566,-18.45293],[24.358984,-17.978223],[25.258789,-17.793555],[24.932422,-17.543457],[24.274902,-17.481055],[23.380664,-17.640625]]]},"properties":{"name":"Namibia"}},
{"type":"Feature","geometry":{"type":"Polygon","coordinates":[[[31.287891,-22.402051],[31.545605,-23.482324],[31.98584,-24.460645],[31.948242,-25.957617],[32.112891,-26.839453],[32.886133,-26.849316],[32.933594,-26.252344],[32.59043,-26.004102],[32.792188,-25.644336],[33.347461,-25.260938],[34.607324,-24.821289],[35.155957,-24.541406],[35.438086,-24.171191],[35.37041,-23.798242],[35.575391,-22.963086],[35.315723,-22.396875],[35.267676,-21.650977],[34.982324,-20.80625],[34.698145,-20.404395],[34.947852,-19.812695],[35.65127,-19.163867],[36.540137,-18.518164],[37.244531,-17.739941],[38.144922,-17.242773],[39.084375,-16.972852],[39.844629,-16.435645],[40.558984,-15.473438],[40.835156,-14.791504],[40.639941,-14.390039],[40.545117,-13.462891],[40.580859,-12.635547],[40.402832,-11.332031],[40.544531,-11.065625],[40.463574,-10.464355],[39.988672,-10.820801],[38.491797,-11.413281],[37.920215,-11.294727],[37.541699,-11.675098],[36.978906,-11.566992],[36.518652,-11.716211],[35.785449,-11.45293],[34.959473,-11.578125],[34.65957,-11.588672],[34.36084,-12.210547],[34.563672,-13.360156],[35.247461,-13.896875],[35.847168,-14.670898],[35.755273,-16.058301],[35.358496,-16.160547],[35.167188,-16.560254],[35.29043,-17.096973],[34.395508,-16.199219],[34.248242,-15.8875],[34.54082,-15.297266],[34.505273,-14.598145],[34.33252,-14.408594],[33.636426,-14.568164],[33.201758,-14.013379],[30.231836,-14.990332],[30.396094,-15.643066],[30.437793,-15.995313],[31.23623,-16.023633],[31.939844,-16.428809],[32.948047,-16.712305],[32.993066,-18.35957],[32.716504,-19.001855],[33.006738,-19.873828],[32.477637,-20.712988],[32.371094,-21.334863],[31.287891,-22.402051]]]},"properties":{"name":"Mozambique"}},
{"type":"Feature","geometry":{"type":"Polygon","coordinates":[[[-2.219629,35.104199],[-3.693262,35.27998],[-4.32998,35.161475],[-5.105371,35.467773],[-5.397363,35.929883],[-5.924805,35.785791],[-6.353125,34.776074],[-6.900977,33.969043],[-8.301172,33.374365],[-9.24585,32.572461],[-9.347461,32.086377],[-9.808691,31.424609],[-9.875488,30.71792],[-9.66709,30.109277],[-10.486475,29.064941],[-11.430176,28.382031],[-11.986084,28.129297],[-12.948926,27.91416],[-13.175977,27.655713],[-13.575781,26.735107],[-14.413867,26.253711],[-14.794922,25.40415],[-15.038867,24.548828],[-15.586328,24.072754],[-16.210254,23.0979],[-16.514404,22.333496],[-16.930859,21.9],[-17.003076,21.420703],[-15.750928,21.49082],[-14.84082,21.450781],[-14.221191,22.310156],[-14.020996,23.410742],[-13.770947,23.790625],[-13.310986,23.981055],[-13.061035,24.400977],[-12.431152,24.830664],[-12.030762,26.030859],[-11.718213,26.104102],[-10.922803,27.010352],[-9.735352,26.860937],[-9.413037,27.088477],[-8.753857,27.191016],[-8.68335,27.656445],[-8.659912,28.718604],[-7.685156,29.349512],[-6.500879,29.809131],[-5.448779,29.956934],[-4.968262,30.465381],[-4.322852,30.698877],[-3.833398,31.197803],[-3.826758,31.661914],[-3.017383,31.834277],[-2.448389,32.12998],[-1.275342,32.089014],[-1.065527,32.468311],[-1.51001,32.877637],[-1.679199,33.318652],[-1.795605,34.751904],[-2.219629,35.104199]]]},"properties":{"name":"Morocco"}},
{"type":"Feature","geometry":{"type":"Polygon","coordinates":[[[-8.68335,27.656445],[-8.753857,27.191016],[-9.413037,27.088477],[-9.735352,26.860937],[-10.922803,27.010352],[-11.718213,26.104102],[-12.030762,26.030859],[-12.431152,24.830664],[-13.061035,24.400977],[-13.310986,23.981055],[-13.770947,23.790625],[-14.020996,23.410742],[-14.221191,22.310156],[-14.84082,21.450781],[-15.750928,21.49082],[-17.003076,21.420703],[-17.048047,20.806152],[-16.964551,21.329248],[-15.231201,21.331299],[-13.016211,21.333936],[-13.094336,22.495996],[-13.031494,23.000244],[-12.023438,23.467578],[-12.016309,25.99541],[-8.682227,25.995508],[-8.68335,27.285937],[-8.68335,27.656445]]]},"properties":{"name":"Western Sahara"}},
{"type":"Feature","geometry":{"type":"Polygon","coordinates":[[[19.194336,43.533301],[18.443848,42.968457],[18.436328,42.559717],[18.51748,42.43291],[19.342383,41.869092],[19.280664,42.172559],[19.654492,42.628564],[20.063965,42.547266],[20.344336,42.82793],[19.551563,43.212256],[19.194336,43.533301]]]},"properties":{"name":"Montenegro"}},
{"type":"Feature","geometry":{"type":"Polygon","coordinates":[[[87.814258,49.162305],[87.979688,48.555127],[89.047656,48.002539],[89.560938,48.003955],[90.313281,47.676172],[90.869922,46.954492],[91.001758,46.035791],[90.661816,45.525244],[90.877246,45.196094],[91.584375,45.076514],[92.787891,45.035742],[93.656445,44.900977],[94.712012,44.35083],[95.350293,44.278076],[95.9125,43.206494],[96.385449,42.720361],[97.205664,42.789795],[99.467871,42.568213],[99.983789,42.677344],[101.713867,42.46582],[101.972949,42.215869],[103.072852,42.005957],[103.711133,41.751318],[104.498242,41.877002],[105.19707,41.738037],[106.77002,42.288721],[108.171191,42.447314],[109.443164,42.455957],[110.400391,42.773682],[111.007227,43.341406],[111.933203,43.711426],[111.402246,44.367285],[111.898047,45.064062],[113.587012,44.745703],[114.517188,45.3646],[115.681055,45.458252],[116.240625,45.795996],[116.562598,46.289795],[117.333398,46.362012],[118.308691,46.717041],[119.706641,46.606006],[119.711133,47.15],[118.498438,47.983984],[117.768359,47.987891],[117.350781,47.652197],[116.760547,47.869775],[115.898242,47.686914],[115.557617,47.94502],[116.683301,49.823779],[116.13457,50.010791],[115.274512,49.948877],[114.29707,50.274414],[113.16416,49.797168],[113.055566,49.61626],[111.336621,49.355859],[110.82793,49.166162],[108.613672,49.322803],[108.033789,49.593994],[107.947852,49.924707],[107.233301,49.989404],[106.711133,50.312598],[105.383594,50.47373],[103.63291,50.138574],[102.288379,50.585107],[102.111523,51.353467],[100.53623,51.713477],[99.92168,51.755518],[98.848633,52.070068],[97.946875,51.348437],[97.825293,50.985254],[98.279492,50.533252],[98.103418,50.077832],[97.208594,49.730811],[96.985742,49.882812],[95.851953,50.012939],[94.614746,50.02373],[94.251074,50.556396],[91.804297,50.693604],[89.643848,49.903027],[88.831641,49.448437],[88.192578,49.451709],[87.814258,49.162305]]]},"properties":{"name":"Mongolia"}},
{"type":"Feature","geometry":{"type":"Polygon","coordinates":[[[26.618945,48.259863],[26.980762,48.155029],[27.336914,47.639746],[28.071777,46.978418],[28.244336,46.45127],[28.099707,45.972607],[28.2125,45.450439],[28.947754,46.049951],[29.146289,46.526904],[29.837891,46.350537],[29.877832,46.828906],[29.159766,47.455664],[29.194824,47.882422],[27.549219,48.477734],[26.618945,48.259863]]]},"properties":{"name":"Moldova"}},
{"type":"Feature","geometry":{"type":"Polygon","coordinates":[[[7.438672,43.750439],[7.414453,43.770898],[7.377734,43.731738],[7.438672,43.750439]]]},"properties":{"name":"Monaco"}},
{"type":"Feature","geometry":{"type":"Polygon","coordinates":[[[-117.128271,32.53335],[-116.662158,31.564893],[-116.062158,30.80415],[-115.673828,29.756396],[-114.993506,29.384424],[-114.048486,28.426172],[-114.300586,27.872998],[-114.993506,27.736035],[-114.445264,27.218164],[-113.598535,26.721289],[-113.020752,26.583252],[-112.377246,26.213916],[-112.055762,25.488232],[-112.072559,24.840039],[-110.362695,23.604932],[-109.923437,22.885889],[-109.458057,23.214746],[-109.42085,23.480127],[-110.022803,24.174609],[-110.546973,24.21416],[-110.677246,24.788525],[-111.034424,25.526953],[-111.291602,25.789795],[-111.569678,26.707617],[-112.009082,26.96709],[-112.329199,27.523438],[-112.734033,27.825977],[-112.87085,28.424219],[-113.499707,28.926709],[-113.755469,29.36748],[-114.372607,29.830225],[-114.649756,30.238135],[-114.881885,31.156396],[-114.839502,31.798535],[-114.149316,31.507373],[-113.046729,31.179248],[-113.110449,30.793311],[-112.738379,29.985449],[-112.161768,29.018896],[-111.121387,27.966992],[-110.529883,27.864209],[-110.477783,27.322656],[-109.943994,27.079346],[-109.199707,26.305225],[-109.384961,25.727148],[-108.373682,25.194336],[-107.951172,24.614893],[-106.935498,23.88125],[-106.402246,23.195605],[-105.791797,22.62749],[-105.649121,21.988086],[-105.208691,21.49082],[-105.237061,21.119189],[-105.669434,20.385596],[-105.48208,19.976074],[-104.938477,19.309375],[-103.912451,18.828467],[-103.441602,18.325391],[-102.699561,18.062842],[-101.84707,17.922266],[-101.600293,17.651562],[-100.847803,17.200488],[-99.690674,16.719629],[-98.762207,16.534766],[-98.520312,16.304834],[-97.754785,15.966846],[-97.184668,15.909277],[-96.51084,15.651904],[-95.464404,15.974707],[-94.900439,16.41748],[-93.916064,16.053564],[-92.808936,15.138574],[-92.235156,14.54541],[-92.074805,15.074219],[-92.187158,15.320898],[-91.736572,16.070166],[-90.447168,16.072705],[-90.416992,16.391016],[-91.409619,17.255859],[-90.992969,17.252441],[-90.98916,17.816406],[-89.161475,17.814844],[-88.806348,17.965527],[-88.295654,18.472412],[-87.761816,18.446143],[-87.424756,19.58335],[-87.467187,20.102148],[-86.864697,20.885059],[-86.824072,21.42168],[-88.131641,21.615869],[-88.878711,21.414111],[-89.819775,21.274609],[-90.353125,21.009424],[-90.50708,19.911865],[-90.739258,19.352246],[-91.343066,18.900586],[-91.275244,18.624463],[-91.802979,18.470605],[-91.973779,18.715869],[-92.884766,18.468652],[-93.552344,18.430469],[-94.546191,18.174854],[-95.181836,18.700732],[-95.821094,18.754639],[-96.289551,19.34375],[-96.456055,19.869775],[-97.121436,20.61499],[-97.637549,21.603662],[-97.857812,22.624512],[-97.667676,24.38999],[-97.14624,25.961475],[-97.358154,25.870508],[-99.107764,26.446924],[-99.443555,27.03667],[-99.505322,27.54834],[-100.296045,28.327686],[-100.658643,29.068555],[-101.440381,29.776855],[-102.268945,29.871191],[-102.73418,29.643945],[-102.891992,29.216406],[-103.257715,29.001123],[-104.400635,29.57373],[-104.978809,30.645947],[-106.255713,31.544678],[-106.453223,31.770166],[-108.211816,31.779346],[-108.214453,31.329443],[-111.041992,31.324219],[-112.938965,31.91626],[-114.835938,32.508301],[-114.724756,32.715332],[-117.128271,32.53335]]]},"properties":{"name":"Mexico"}},
{"type":"Feature","geometry":{"type":"Polygon","coordinates":[[[57.65127,-20.484863],[57.791992,-20.212598],[57.575781,-19.997168],[57.385742,-20.228613],[57.65127,-20.484863]]]},"properties":{"name":"Mauritius"}},
{"type":"Feature","geometry":{"type":"Polygon","coordinates":[[[-12.280615,14.809033],[-11.872852,14.995166],[-11.502686,15.636816],[-10.895605,15.150488],[-10.696582,15.422656],[-9.941406,15.373779],[-9.176807,15.496094],[-7.559375,15.496143],[-5.5125,15.496289],[-5.359912,16.282861],[-5.628662,16.568652],[-5.884082,18.798877],[-6.083398,20.539502],[-6.368115,23.026123],[-6.594092,24.994629],[-4.822607,24.995605],[-6.238672,25.848193],[-8.68335,27.285937],[-8.682227,25.995508],[-12.016309,25.99541],[-12.023438,23.467578],[-13.031494,23.000244],[-13.094336,22.495996],[-13.016211,21.333936],[-15.231201,21.331299],[-16.964551,21.329248],[-17.048047,20.806152],[-16.429785,20.652344],[-16.210449,20.22793],[-16.514453,19.361963],[-16.213086,19.00332],[-16.084961,18.521191],[-16.078906,17.54585],[-16.535742,16.286816],[-16.535254,15.838379],[-16.168359,16.54707],[-15.620801,16.506592],[-15.112646,16.644922],[-14.300098,16.580273],[-13.868457,16.148145],[-13.409668,16.05918],[-12.858496,15.242529],[-12.280615,14.809033]]]},"properties":{"name":"Mauritania"}},
{"type":"Feature","geometry":{"type":"Polygon","coordinates":[[[14.566211,35.852734],[14.44834,35.957422],[14.352344,35.872266],[14.436426,35.82168],[14.566211,35.852734]]]},"properties":{"name":"Malta"}},
{"type":"Feature","geometry":{"type":"Polygon","coordinates":[[[-11.389404,12.404395],[-10.933203,12.205176],[-10.677344,11.899414],[-10.274854,12.212646],[-9.820703,12.04248],[-9.043066,12.402344],[-8.822021,11.673242],[-8.407471,11.386279],[-8.231494,10.437988],[-7.990625,10.1625],[-7.661133,10.427441],[-7.104883,10.203516],[-6.693262,10.349463],[-6.261133,10.724072],[-6.03457,10.194824],[-5.523535,10.426025],[-5.490479,11.042383],[-5.299854,11.205957],[-5.288135,11.82793],[-4.428711,12.337598],[-4.328711,13.119043],[-4.051172,13.382422],[-3.575781,13.194189],[-3.198437,13.672852],[-2.457227,14.274121],[-2.113232,14.168457],[-1.767773,14.486035],[-0.760449,15.047754],[0.21748,14.911475],[0.960059,14.986914],[1.300195,15.272266],[3.504297,15.356348],[3.876953,15.755273],[4.121289,16.357715],[4.234668,16.996387],[4.227637,19.142773],[3.400879,18.988428],[3.203711,19.789697],[1.685449,20.378369],[1.165723,20.817432],[1.145508,21.102246],[-1.292969,22.696533],[-3.257861,23.98125],[-4.822607,24.995605],[-6.594092,24.994629],[-6.368115,23.026123],[-6.083398,20.539502],[-5.884082,18.798877],[-5.628662,16.568652],[-5.359912,16.282861],[-5.5125,15.496289],[-7.559375,15.496143],[-9.176807,15.496094],[-9.941406,15.373779],[-10.696582,15.422656],[-10.895605,15.150488],[-11.502686,15.636816],[-11.872852,14.995166],[-12.280615,14.809033],[-12.019189,14.206494],[-12.054199,13.633057],[-11.634961,13.369873],[-11.390381,12.941992],[-11.389404,12.404395]]]},"properties":{"name":"Mali"}},
{"type":"Feature","geometry":{"type":"Polygon","coordinates":[[[73.512207,4.164551],[73.52832,4.243311],[73.504102,4.234619],[73.473047,4.170703],[73.512207,4.164551]]]},"properties":{"name":"Maldives"}},
{"type":"Feature","geometry":{"type":"MultiPolygon","coordinates":[[[[100.119141,6.441992],[100.614551,4.652246],[100.71543,3.966211],[101.299902,3.253271],[101.295508,2.885205],[102.727148,1.855566],[103.694531,1.449658],[104.288477,1.480664],[103.812207,2.580469],[103.439453,2.933105],[103.362012,3.769141],[103.41582,4.850293],[102.982422,5.524951],[102.101074,6.242236],[101.873633,5.825293],[101.257031,5.789355],[101.053516,6.242578],[100.34541,6.549902],[100.119141,6.441992]]],[[[117.574414,4.170605],[118.498047,4.362354],[118.185352,4.828516],[119.132227,5.100488],[119.223437,5.412646],[118.594824,5.59209],[118.003809,6.05332],[117.617188,5.940723],[117.645703,6.473682],[117.294043,6.676904],[116.494727,6.52168],[115.796875,5.536133],[115.419043,5.413184],[115.519824,5.048926],[115.140039,4.899756],[115.026758,4.899707],[114.608301,4.023975],[114.063867,4.592676],[113.923926,4.243213],[113.044727,3.205225],[111.727734,2.853809],[111.242188,2.435742],[111.154199,1.73877],[110.939941,1.517334],[109.98457,1.717627],[109.628906,2.027539],[109.654004,1.614893],[110.505762,0.861963],[110.938086,1.017334],[111.769727,0.999463],[112.476172,1.559082],[113.622266,1.235937],[113.902344,1.434277],[114.545898,1.467139],[114.830566,1.980029],[114.786426,2.250488],[115.179102,2.523193],[115.086328,2.841113],[115.454395,3.034326],[115.568457,3.93877],[115.896191,4.348682],[117.100586,4.337061],[117.574414,4.170605]]]]},"properties":{"name":"Malaysia"}},
{"type":"Feature","geometry":{"type":"Polygon","coordinates":[[[33.201758,-14.013379],[33.636426,-14.568164],[34.33252,-14.408594],[34.505273,-14.598145],[34.54082,-15.297266],[34.248242,-15.8875],[34.395508,-16.199219],[35.29043,-17.096973],[35.167188,-16.560254],[35.358496,-16.160547],[35.755273,-16.058301],[35.847168,-14.670898],[35.247461,-13.896875],[34.563672,-13.360156],[34.36084,-12.210547],[34.65957,-11.588672],[34.959473,-11.578125],[34.597656,-11.0375],[34.661816,-10.710059],[34.524219,-10.030176],[34.320898,-9.731543],[32.919922,-9.407422],[33.350977,-9.862207],[33.659082,-10.590527],[33.261328,-10.893359],[33.226367,-11.534863],[33.397949,-12.489844],[33.021582,-12.630469],[32.967578,-13.225],[32.67207,-13.610352],[33.201758,-14.013379]]]},"properties":{"name":"Malawi"}},
{"type":"Feature","geometry":{"type":"Polygon","coordinates":[[[49.538281,-12.432129],[49.207031,-12.07959],[48.899609,-12.458496],[48.796484,-13.26748],[47.995508,-13.960449],[47.811523,-14.544824],[46.475098,-15.513477],[46.331445,-15.713672],[45.166797,-15.982813],[44.476172,-16.217285],[44.421387,-16.702637],[43.979395,-17.391602],[44.040039,-18.288477],[44.23877,-19.075195],[44.448828,-19.428711],[44.239648,-20.379688],[43.800195,-21.179199],[43.501855,-21.356445],[43.266602,-22.049316],[43.397852,-22.886328],[43.722266,-23.529688],[43.6875,-24.35791],[44.035352,-24.995703],[45.115234,-25.543066],[45.508008,-25.563184],[46.158691,-25.230371],[46.728516,-25.149902],[47.177344,-24.787207],[47.558008,-23.874609],[47.908398,-22.46582],[48.350781,-21.349023],[48.607031,-20.45752],[49.477832,-17.898535],[49.437109,-17.34668],[49.767188,-16.815137],[49.831055,-16.255859],[49.649902,-15.566992],[49.892578,-15.457715],[50.208984,-15.960449],[50.482715,-15.385645],[50.235352,-14.732031],[50.173828,-14.040234],[49.9375,-13.072266],[49.538281,-12.432129]]]},"properties":{"name":"Madagascar"}},
{"type":"Feature","geometry":{"type":"Polygon","coordinates":[[[21.5625,42.24751],[20.566211,41.873682],[20.488965,41.272607],[20.964258,40.849902],[21.575781,40.868945],[21.929492,41.107422],[22.493555,41.118506],[22.916016,41.336279],[23.005664,41.716943],[22.344043,42.313965],[21.5625,42.24751]]]},"properties":{"name":"North Macedonia"}},
{"type":"Feature","geometry":{"type":"Polygon","coordinates":[[[6.116504,50.120996],[5.789746,49.538281],[6.344336,49.452734],[6.487305,49.798486],[6.116504,50.120996]]]},"properties":{"name":"Luxembourg"}},
{"type":"Feature","geometry":{"type":"Polygon","coordinates":[[[22.766211,54.356787],[23.484668,53.939795],[24.768164,53.974658],[25.547363,54.331836],[26.175195,55.003271],[26.593555,55.667529],[24.903027,56.398193],[24.120703,56.264258],[22.08457,56.406738],[21.046094,56.070068],[21.235742,55.264111],[22.83125,54.838477],[22.766211,54.356787]]]},"properties":{"name":"Lithuania"}},
{"type":"Feature","geometry":{"type":"Polygon","coordinates":[[[9.580273,47.057373],[9.527539,47.270752],[9.487695,47.062256],[9.580273,47.057373]]]},"properties":{"name":"Liechtenstein"}},
{"type":"Feature","geometry":{"type":"Polygon","coordinates":[[[9.51875,30.229395],[9.842578,28.966992],[9.916016,27.785693],[9.747559,27.330859],[9.859375,26.551953],[9.448242,26.067139],[10.000684,25.33208],[10.255859,24.591016],[11.536914,24.29082],[11.967871,23.517871],[13.48125,23.180176],[14.230762,22.618457],[14.979004,22.996191],[15.984082,23.445215],[18.231348,22.335547],[19.668555,21.62583],[21.584961,20.679492],[23.980273,19.496631],[23.980273,19.995947],[24.979492,20.002588],[24.980273,21.99585],[24.980273,23.567822],[24.980273,26.037988],[24.980273,29.181885],[24.726465,30.250586],[24.973926,30.776562],[24.852734,31.334814],[25.150488,31.65498],[24.683887,32.015967],[24.129688,32.009229],[23.286328,32.213818],[23.090625,32.61875],[22.187402,32.918262],[21.635938,32.937305],[20.621094,32.580176],[20.121484,32.21875],[19.926367,31.817529],[20.150977,31.078613],[19.713281,30.488379],[18.936426,30.29043],[18.19043,30.777295],[17.349219,31.081494],[16.123047,31.264453],[15.496387,31.656787],[15.176563,32.391162],[13.283496,32.914648],[12.279883,32.858545],[11.50459,33.181934],[11.50498,32.413672],[10.826367,32.080664],[10.114941,31.46377],[10.216406,30.783203],[9.51875,30.229395]]]},"properties":{"name":"Libya"}},
{"type":"Feature","geometry":{"type":"Polygon","coordinates":[[[-11.50752,6.906543],[-10.276367,6.077637],[-9.132178,5.054639],[-8.259033,4.58999],[-7.544971,4.351318],[-7.568896,5.080664],[-7.454395,5.841309],[-7.888623,6.234863],[-8.603564,6.507812],[-8.296631,7.074023],[-8.486426,7.558496],[-9.117578,7.215918],[-9.368945,7.639551],[-9.518262,8.346094],[-9.768262,8.53457],[-10.283203,8.485156],[-10.647461,7.759375],[-11.50752,6.906543]]]},"properties":{"name":"Liberia"}},
{"type":"Feature","geometry":{"type":"Polygon","coordinates":[[[28.736914,-30.101953],[29.098047,-29.919043],[29.390723,-29.269727],[28.625781,-28.581738],[27.735547,-28.940039],[27.051758,-29.664062],[27.388477,-30.315918],[28.018164,-30.642285],[28.39209,-30.147559],[28.736914,-30.101953]]]},"properties":{"name":"Lesotho"}},
{"type":"Feature","geometry":{"type":"Polygon","coordinates":[[[35.97627,34.629199],[35.108594,33.083691],[35.840723,33.415674],[35.869141,33.431738],[35.942383,33.667578],[36.584961,34.22124],[36.433008,34.613477],[35.97627,34.629199]]]},"properties":{"name":"Lebanon"}},
{"type":"Feature","geometry":{"type":"Polygon","coordinates":[[[26.593555,55.667529],[27.576758,55.798779],[28.147949,56.14292],[27.796875,57.316943],[27.351953,57.528125],[26.532617,57.531006],[25.111035,58.063428],[24.322559,57.870605],[24.403223,57.325],[23.647754,56.971045],[22.55459,57.724268],[21.728711,57.570996],[21.071289,56.82373],[21.046094,56.070068],[22.08457,56.406738],[24.120703,56.264258],[24.903027,56.398193],[26.593555,55.667529]]]},"properties":{"name":"Latvia"}},
{"type":"Feature","geometry":{"type":"Polygon","coordinates":[[[102.127441,22.379199],[101.524512,22.253662],[101.736523,21.826514],[101.704785,21.150146],[101.224414,21.22373],[101.138867,21.56748],[100.756641,21.312646],[100.249316,20.730273],[100.122461,20.31665],[100.543066,20.088672],[100.397656,19.756104],[100.625488,19.499854],[101.154688,19.579199],[101.286328,18.977148],[101.050586,18.407031],[101.105176,17.479541],[102.101465,18.210645],[102.717578,17.892236],[103.366992,18.42334],[103.949609,18.318994],[104.816016,17.300293],[104.750586,16.647559],[105.047168,16.160254],[105.62207,15.699951],[105.475586,14.530127],[105.183301,14.34624],[105.904492,13.924512],[105.978906,14.343018],[106.501465,14.578223],[106.819922,14.314697],[107.519434,14.705078],[107.653125,15.255225],[107.189551,15.747266],[107.396387,16.043018],[106.696094,16.458984],[106.502246,16.954102],[105.691406,17.737842],[105.458203,18.154297],[104.716504,18.803418],[103.896387,19.33999],[104.032031,19.675146],[104.546289,19.610547],[104.92793,20.018115],[104.583203,20.64668],[104.052051,20.941211],[103.635059,20.69707],[103.104492,20.89165],[102.851172,21.265918],[102.948633,21.569775],[102.127441,22.379199]]]},"properties":{"name":"Laos"}},
{"type":"Feature","geometry":{"type":"Polygon","coordinates":[[[70.958008,40.238867],[70.451367,40.049219],[69.966797,40.202246],[69.229102,39.761084],[69.598828,39.573779],[71.404297,39.597852],[72.042773,39.352148],[73.631641,39.448877],[73.991602,40.043115],[75.583496,40.605322],[75.871973,40.303223],[76.480176,40.449512],[76.824023,40.982324],[78.123438,41.075635],[78.362402,41.371631],[80.209375,42.190039],[79.490137,42.457568],[79.164844,42.759033],[78.524219,42.864648],[75.047656,42.904395],[74.209082,43.240381],[73.55625,43.002783],[73.28291,42.504102],[71.816797,42.822168],[71.256641,42.733545],[70.946777,42.248682],[70.180957,41.571436],[70.782422,41.2625],[71.408398,41.136035],[71.79248,41.413135],[72.62041,40.883789],[73.112891,40.786035],[71.69248,40.152344],[70.958008,40.238867]]]},"properties":{"name":"Kyrgyzstan"}},
{"type":"Feature","geometry":{"type":"Polygon","coordinates":[[[48.44248,28.54292],[47.969629,29.616699],[47.978711,29.982812],[47.672754,30.095605],[47.114355,29.961328],[46.531445,29.09624],[47.433203,28.989551],[47.671289,28.533154],[48.44248,28.54292]]]},"properties":{"name":"Kuwait"}},
{"type":"Feature","geometry":{"type":"Polygon","coordinates":[[[20.344336,42.82793],[20.063965,42.547266],[20.485449,42.223389],[20.566211,41.873682],[21.5625,42.24751],[21.75293,42.669824],[21.057031,43.091699],[20.344336,42.82793]]]},"properties":{"name":"Kosovo"}},
{"type":"Feature","geometry":{"type":"Polygon","coordinates":[[[-157.342139,1.855566],[-157.420117,1.787549],[-157.246143,1.731738],[-157.342139,1.855566]]]},"properties":{"name":"Kiribati"}},
{"type":"Feature","geometry":{"type":"Polygon","coordinates":[[[33.903223,-1.002051],[35.836914,-2.036621],[37.643848,-3.04541],[37.797266,-3.674414],[39.221777,-4.692383],[39.490918,-4.478418],[40.11543,-3.250586],[40.222461,-2.688379],[40.644141,-2.539453],[40.995508,-1.950586],[41.532715,-1.695312],[40.978711,-0.870313],[40.97002,1.378174],[40.964453,2.814648],[41.341797,3.20166],[41.883984,3.977734],[41.220898,3.943555],[40.765234,4.273047],[39.842188,3.851465],[39.494434,3.456104],[38.086133,3.648828],[36.905566,4.411475],[36.081934,4.449707],[35.763086,4.808008],[35.74502,5.343994],[35.268359,5.492285],[33.976074,4.220215],[34.392871,3.691504],[34.447852,3.163477],[34.74248,2.818115],[34.964063,2.062402],[34.787598,1.230713],[34.481738,1.042139],[33.943164,0.173779],[33.903223,-1.002051]]]},"properties":{"name":"Kenya"}},
{"type":"Feature","geometry":{"type":"Polygon","coordinates":[[[70.946777,42.248682],[71.256641,42.733545],[71.816797,42.822168],[73.28291,42.504102],[73.55625,43.002783],[74.209082,43.240381],[75.047656,42.904395],[78.524219,42.864648],[79.164844,42.759033],[79.490137,42.457568],[80.209375,42.190039],[80.165039,42.665527],[80.785742,43.161572],[80.355273,44.097266],[80.455469,44.746094],[80.05918,45.006445],[81.602051,45.31084],[82.478711,45.123584],[82.32666,45.519922],[83.004102,47.033496],[83.193066,47.186572],[84.786133,46.830713],[85.656641,47.254639],[85.525977,47.915625],[85.749414,48.385059],[86.549414,48.528613],[86.753125,49.008838],[87.322852,49.085791],[86.614258,49.609717],[86.180859,49.499316],[85.210156,49.664844],[84.989453,50.061426],[84.257812,50.288232],[83.945117,50.774658],[83.357324,50.99458],[82.493945,50.727588],[81.465918,50.739844],[80.877344,51.281445],[79.98623,50.774561],[78.475488,52.638428],[77.704395,53.37915],[76.575684,53.942529],[76.266602,54.311963],[74.451953,53.647266],[73.399414,53.811475],[72.914062,54.107324],[71.093164,54.212207],[71.185547,54.599316],[70.738086,55.305176],[70.182422,55.162451],[68.977246,55.3896],[68.073828,54.95957],[66.222656,54.667383],[65.476953,54.623291],[65.157813,54.364404],[64.46123,54.38418],[61.928711,53.946484],[61.333691,54.049268],[60.979492,53.621729],[61.199219,53.287158],[60.802344,52.744727],[60.937598,52.280566],[60.065527,51.976465],[60.464746,51.651172],[61.363086,51.441895],[61.389453,50.861035],[59.812402,50.582031],[58.883691,50.694434],[58.35918,51.063818],[57.442188,50.888867],[56.491406,51.019531],[55.797656,50.602051],[54.727148,50.998096],[54.421484,50.780322],[53.338086,51.482373],[52.331055,51.681299],[51.609082,51.483984],[50.793945,51.729199],[50.246875,51.289502],[49.498047,51.083594],[48.808398,50.601318],[48.843262,50.013135],[48.434277,49.828516],[47.705762,50.377979],[47.326465,50.273535],[46.802051,49.36709],[47.014258,49.09834],[46.660938,48.412256],[47.093262,47.947705],[48.109961,47.74541],[49.232227,46.337158],[51.178027,47.110156],[52.18877,46.839502],[52.916016,46.954395],[53.170215,46.669043],[53.135254,46.19165],[52.531055,45.398633],[51.415723,45.357861],[50.860352,44.62876],[50.830762,44.192773],[51.301758,43.482373],[51.844141,42.910449],[52.596582,42.760156],[52.493848,41.780371],[53.250098,42.205859],[54.120996,42.335205],[54.903711,41.919092],[55.545215,41.262744],[55.977441,41.322217],[55.976367,43.617627],[55.975684,44.994922],[58.555273,45.555371],[61.00791,44.393799],[61.990234,43.492139],[63.207031,43.627979],[64.443164,43.551172],[64.905469,43.714697],[66.100293,42.99082],[66.00957,42.004883],[66.498633,41.994873],[66.814258,41.142383],[67.935742,41.196582],[68.291895,40.656104],[69.064941,41.366943],[70.946777,42.248682]]]},"properties":{"name":"Kazakhstan"}},
{"type":"Feature","geometry":{"type":"Polygon","coordinates":[[[35.787305,32.734912],[35.551465,32.395508],[35.450586,31.479297],[34.973438,29.555029],[34.950781,29.353516],[36.01543,29.190479],[36.755273,29.866016],[37.469238,29.995068],[37.980078,30.5],[36.958594,31.491504],[38.962305,31.994922],[39.14541,32.124512],[38.773535,33.372217],[36.818359,32.317285],[36.37207,32.386914],[35.787305,32.734912]]]},"properties":{"name":"Jordan"}},
{"type":"Feature","geometry":{"type":"MultiPolygon","coordinates":[[[[143.824316,44.116992],[142.704102,44.819189],[141.937695,45.509521],[141.583008,45.155957],[141.782227,44.716357],[141.644727,44.019434],[141.296289,43.199658],[140.780664,43.21499],[139.891113,42.649219],[139.820898,42.387598],[140.384961,41.519287],[140.659863,41.815576],[140.315234,42.334277],[140.986133,42.342139],[141.851367,42.579053],[143.236523,42.000195],[143.429492,42.418896],[143.969336,42.881396],[145.347461,43.176709],[145.101074,43.764551],[143.824316,44.116992]]],[[[131.174609,33.602588],[130.953125,33.872021],[129.580078,33.236279],[130.640527,32.619238],[130.194434,32.090771],[130.58877,31.178516],[131.337207,31.404687],[131.732129,32.592822],[131.97666,32.843945],[131.583008,33.652393],[131.174609,33.602588]]],[[[134.357422,34.256348],[134.075879,34.358398],[133.582031,34.017139],[132.784277,33.992432],[132.365918,33.512451],[132.495117,32.916602],[132.977246,32.841992],[133.285938,33.359961],[133.632031,33.510986],[134.181641,33.247217],[134.738867,33.820508],[134.357422,34.256348]]],[[[141.229297,41.372656],[141.118555,40.882275],[140.28125,40.846094],[139.922852,40.598437],[140.048145,39.463721],[139.400977,38.142578],[138.885059,37.843945],[138.319922,37.218408],[137.342578,36.770361],[136.698145,36.742041],[135.680273,35.503125],[135.174316,35.74707],[134.214063,35.539258],[132.922949,35.511279],[131.354395,34.413184],[131.740527,34.052051],[132.238086,34.227002],[133.142383,34.302441],[134.740039,34.765234],[135.452832,33.553369],[135.916211,33.561719],[136.329883,34.176855],[136.853711,34.324072],[136.88457,34.805859],[138.189063,34.596338],[138.577148,35.086475],[138.982617,34.698389],[139.249414,35.278027],[139.65,35.409131],[139.799219,34.956934],[140.416504,35.266992],[140.874023,35.724951],[140.621973,36.059229],[140.627344,36.502783],[140.968359,37.002051],[140.92793,37.949609],[141.46748,38.40415],[141.900781,39.111328],[141.977832,39.844434],[141.462793,40.611133],[141.229297,41.372656]]]]},"properties":{"name":"Japan"}},
{"type":"Feature","geometry":{"type":"Polygon","coordinates":[[[-77.261475,18.457422],[-78.216699,18.448096],[-77.768164,17.877393],[-77.361426,17.833691],[-76.349854,18.151855],[-77.261475,18.457422]]]},"properties":{"name":"Jamaica"}},
{"type":"Feature","geometry":{"type":"MultiPolygon","coordinates":[[[[7.021094,45.925781],[7.153418,45.400928],[6.627734,45.117969],[7.030664,44.716699],[6.967285,44.280029],[7.651465,44.033643],[7.493164,43.767139],[8.081641,43.918945],[8.76582,44.422314],[10.047656,44.019971],[10.708398,42.936328],[12.630859,41.469678],[13.088672,41.243848],[13.733398,41.235645],[14.102344,40.827148],[14.765723,40.668408],[14.950879,40.239014],[15.692773,39.990186],[16.196777,38.759229],[15.972363,38.712598],[15.724512,37.939111],[16.056836,37.941846],[16.545605,38.409082],[16.558984,38.714795],[17.174609,38.998096],[17.114551,39.380615],[16.52998,39.859668],[16.928223,40.458057],[18.48584,40.104834],[17.95498,40.655176],[17.103418,41.062158],[16.012598,41.4354],[15.964063,41.939453],[15.16875,41.934033],[14.010449,42.689551],[13.56416,43.571289],[12.396289,44.223877],[12.24834,44.72251],[12.523438,44.967969],[12.274316,45.446045],[13.206348,45.771387],[13.719824,45.587598],[13.399512,46.317529],[13.7,46.520264],[12.388281,46.702637],[12.154102,46.935254],[11.244434,46.975684],[10.452832,46.864941],[9.939258,46.361816],[9.251074,46.286768],[8.953711,45.830029],[8.458398,46.245898],[7.993164,46.015918],[7.021094,45.925781]],[[12.43916,41.898389],[12.430566,41.897559],[12.430566,41.905469],[12.438379,41.906201],[12.43916,41.898389]],[[12.485254,43.901416],[12.396875,43.93457],[12.441113,43.982422],[12.514648,43.952979],[12.485254,43.901416]]],[[[15.576563,38.220312],[13.681543,38.000732],[13.35166,38.180518],[12.435547,37.819775],[14.501855,36.798682],[15.112598,36.687842],[15.294531,37.013281],[15.099512,37.458594],[15.576563,38.220312]]],[[[9.632031,40.882031],[9.283008,41.20166],[8.189941,40.651611],[8.471289,40.292676],[8.418164,39.205713],[9.5625,39.166016],[9.805273,40.499561],[9.632031,40.882031]]]]},"properties":{"name":"Italy"}},
{"type":"Feature","geometry":{"type":"Polygon","coordinates":[[[35.840723,33.415674],[35.108594,33.083691],[34.678418,31.895703],[34.477344,31.584863],[34.245313,31.208301],[34.904297,29.477344],[34.973438,29.555029],[35.450586,31.479297],[34.950977,31.602295],[34.955957,32.160937],[35.193262,32.534424],[35.551465,32.395508],[35.787305,32.734912],[35.816125,33.361879],[35.840723,33.415674]]]},"properties":{"name":"Israel"}},
{"type":"Feature","geometry":{"type":"MultiPolygon","coordinates":[[[[34.477344,31.584863],[34.198145,31.322607],[34.245313,31.208301],[34.477344,31.584863]]],[[[35.551465,32.395508],[35.193262,32.534424],[34.955957,32.160937],[34.950977,31.602295],[35.450586,31.479297],[35.551465,32.395508]]]]},"properties":{"name":"Palestine"}},
{"type":"Feature","geometry":{"type":"Polygon","coordinates":[[[-7.218652,55.091992],[-8.274609,55.146289],[-8.763916,54.681201],[-8.623145,54.346875],[-9.995947,54.276025],[-9.79541,53.394971],[-9.299219,53.097559],[-9.955811,52.13667],[-10.378711,51.86875],[-8.813428,51.584912],[-7.527295,52.098877],[-6.561084,52.188818],[-6.027393,52.9271],[-6.218018,54.088721],[-7.355176,54.12124],[-8.118262,54.414258],[-7.218652,55.091992]]]},"properties":{"name":"Ireland"}},
{"type":"Feature","geometry":{"type":"Polygon","coordinates":[[[42.358984,37.108594],[41.788574,36.597168],[41.416797,36.514648],[41.245605,36.073389],[41.354102,35.64043],[41.194727,34.768994],[40.689453,34.332031],[38.773535,33.372217],[39.14541,32.124512],[40.369336,31.938965],[42.074414,31.080371],[42.857715,30.495215],[44.69082,29.202344],[46.531445,29.09624],[47.114355,29.961328],[47.672754,30.095605],[47.978711,29.982812],[48.546484,29.962354],[48.014941,30.465625],[48.010645,30.989795],[47.679492,31.002393],[47.82998,31.794434],[47.371289,32.42373],[46.377051,32.929248],[45.39707,33.97085],[45.678125,34.798437],[46.133789,35.127637],[45.723438,35.83667],[45.361621,36.015332],[44.765137,37.142432],[42.774609,37.371875],[42.358984,37.108594]]]},"properties":{"name":"Iraq"}},
{"type":"Feature","geometry":{"type":"Polygon","coordinates":[[[53.91416,37.343555],[54.017188,36.95249],[52.190137,36.621729],[51.118555,36.742578],[50.533203,37.013672],[50.130469,37.407129],[49.080957,37.667578],[48.86875,38.435498],[48.592676,38.411084],[47.772852,39.648584],[46.490625,38.906689],[46.114453,38.877783],[45.479688,39.00625],[44.817188,39.650439],[44.023242,39.377441],[44.430859,38.356787],[44.211328,37.908057],[44.56123,37.744629],[44.765137,37.142432],[45.361621,36.015332],[45.723438,35.83667],[46.133789,35.127637],[45.678125,34.798437],[45.39707,33.97085],[46.377051,32.929248],[47.371289,32.42373],[47.82998,31.794434],[47.679492,31.002393],[48.010645,30.989795],[48.014941,30.465625],[48.546484,29.962354],[48.919141,30.120898],[49.554883,30.028955],[49.983105,30.209375],[50.649609,29.420068],[51.278906,28.131348],[51.666309,27.844971],[52.475879,27.616504],[52.691602,27.323389],[53.705762,26.725586],[54.895801,26.556689],[55.650293,26.977539],[56.356152,27.200244],[56.982227,26.905469],[57.33457,25.791553],[57.796094,25.653027],[59.456055,25.481494],[61.412207,25.1021],[61.587891,25.202344],[61.869824,26.242432],[62.439258,26.561035],[63.168066,26.665576],[63.166797,27.25249],[62.762988,27.250195],[62.739746,28.002051],[62.353027,28.414746],[61.623047,28.791602],[61.318359,29.372607],[60.843359,29.858691],[61.78418,30.831934],[61.660156,31.382422],[60.854102,31.483252],[60.829297,32.249414],[60.560547,33.137842],[60.485742,34.094775],[61.080078,34.855615],[61.262012,35.61958],[61.119629,36.642578],[60.341309,36.637646],[59.24082,37.520752],[58.435742,37.638525],[57.423828,37.947705],[57.193555,38.216406],[56.440625,38.249414],[55.075586,37.90249],[54.745215,37.501904],[53.91416,37.343555]]]},"properties":{"name":"Iran"}},
{"type":"Feature","geometry":{"type":"MultiPolygon","coordinates":[[[[97.481543,1.465088],[97.405371,0.946973],[97.931934,0.973926],[97.481543,1.465088]]],[[[99.163867,-1.77793],[99.267285,-1.627734],[98.869043,-0.915625],[98.601758,-1.197852],[98.874316,-1.663672],[99.163867,-1.77793]]],[[[116.64082,-8.613867],[116.401563,-8.204199],[116.061133,-8.437402],[116.377246,-8.929004],[116.64082,-8.613867]]],[[[115.447852,-8.155176],[114.475293,-8.119434],[115.236133,-8.797559],[115.704297,-8.407129],[115.447852,-8.155176]]],[[[106.045703,-1.669434],[105.585449,-1.526758],[105.133398,-2.042578],[105.78584,-2.181348],[105.99873,-2.824902],[106.546777,-3.055566],[106.678809,-2.704004],[106.365918,-2.464844],[106.045703,-1.669434]]],[[[108.207227,-2.997656],[108.074414,-2.596973],[107.666309,-2.566309],[107.614453,-3.209375],[108.207227,-2.997656]]],[[[96.492578,5.229346],[95.396094,5.628809],[95.206641,5.284033],[95.494727,4.761377],[96.444727,3.816309],[96.968945,3.575146],[97.59082,2.846582],[97.700781,2.358545],[98.564258,1.902148],[98.796387,1.494629],[99.15918,0.351758],[99.597656,0.102441],[100.308203,-0.82666],[100.855273,-1.93418],[100.848047,-2.143945],[101.578613,-3.166992],[102.127539,-3.599219],[102.537695,-4.152148],[103.831445,-5.07959],[104.601562,-5.90459],[105.349414,-5.549512],[105.816113,-5.676563],[105.887207,-5.00957],[105.84375,-3.613672],[106.044336,-3.10625],[105.396973,-2.380176],[104.668457,-2.385547],[104.360547,-1.038379],[103.721094,-0.886719],[103.431152,-0.533594],[103.428516,-0.191797],[103.786719,0.046973],[103.478906,0.480176],[103.066504,0.491992],[102.469238,0.779297],[101.784766,1.621387],[101.47666,1.693066],[101.046191,2.257471],[100.457031,2.257422],[99.732324,3.183057],[98.307324,4.092871],[98.248438,4.414551],[97.547168,5.205859],[96.492578,5.229346]]],[[[122.78291,-8.611719],[122.263086,-8.624902],[121.966504,-8.455176],[121.444531,-8.577832],[120.610254,-8.24043],[119.918262,-8.445117],[119.80791,-8.697656],[121.035254,-8.935449],[121.651367,-8.89873],[122.78291,-8.611719]]],[[[120.0125,-9.374707],[119.185645,-9.384473],[119.085449,-9.706934],[119.601074,-9.773535],[120.43916,-10.294043],[120.832617,-10.0375],[120.0125,-9.374707]]],[[[118.242383,-8.317773],[118.11748,-8.122266],[117.56709,-8.426367],[116.835059,-8.532422],[116.788477,-9.006348],[117.061328,-9.099023],[118.189941,-8.840527],[119.00625,-8.749609],[118.987793,-8.337695],[118.242383,-8.317773]]],[[[124.888867,0.995312],[125.233789,1.502295],[124.989258,1.701025],[124.273633,1.022266],[123.84668,0.838184],[122.89248,0.85],[122.436621,1.018066],[121.591797,1.067969],[120.912109,1.288965],[120.516602,0.817529],[120.269531,0.970801],[119.809277,0.238672],[119.77168,-0.483594],[119.308984,-1.408203],[119.321875,-1.929688],[119.092188,-2.48291],[118.783691,-2.764746],[118.994629,-3.537598],[119.419824,-3.475391],[119.623633,-4.034375],[119.376172,-5.424805],[119.717285,-5.693359],[120.311621,-5.541602],[120.420117,-4.617383],[120.436621,-3.707324],[120.254102,-3.052832],[120.653613,-2.667578],[121.052148,-2.75166],[120.914258,-3.555762],[121.618066,-4.092676],[121.486523,-4.581055],[121.916992,-4.847949],[122.207129,-4.496387],[122.897363,-4.349121],[122.877344,-4.109082],[122.25293,-3.62041],[122.399023,-3.200879],[121.848242,-2.331543],[121.71875,-1.862793],[122.506641,-1.347852],[122.88877,-0.755176],[122.27998,-0.757031],[121.969629,-0.933301],[121.519336,-0.855566],[121.033691,-1.406543],[120.667383,-1.370117],[120.097461,-0.649902],[120.013281,-0.196191],[120.349023,0.449219],[121.841992,0.436572],[123.08252,0.48584],[123.753809,0.305518],[124.427539,0.470605],[124.888867,0.995312]]],[[[107.373926,-6.007617],[106.825195,-6.098242],[106.075,-5.91416],[105.483691,-6.781543],[106.519727,-7.053711],[106.631445,-7.415527],[107.284961,-7.47168],[107.91748,-7.724121],[108.451758,-7.796973],[108.741211,-7.66709],[110.038672,-7.890527],[110.607227,-8.149414],[111.509961,-8.305078],[112.678809,-8.40918],[113.25332,-8.286719],[114.583789,-8.769629],[114.386914,-8.405176],[114.444238,-7.895605],[114.070703,-7.633008],[113.248438,-7.718164],[112.794531,-7.552441],[112.539258,-6.926465],[112.087305,-6.893359],[111.540332,-6.648242],[110.736914,-6.472363],[110.42627,-6.947266],[108.677832,-6.790527],[108.29502,-6.265039],[107.666797,-6.21582],[107.373926,-6.007617]]],[[[109.628906,2.027539],[109.075879,1.495898],[108.905859,0.793945],[108.944531,0.355664],[109.25752,0.031152],[109.160547,-0.494922],[109.787402,-1.011328],[110.019238,-1.398828],[110.232617,-2.925098],[111.044336,-3.055762],[111.367578,-2.933691],[111.823047,-3.057227],[111.82207,-3.53252],[112.284961,-3.320996],[112.600293,-3.400488],[112.971484,-3.187109],[113.525977,-3.184082],[113.795801,-3.45625],[114.082227,-3.278906],[114.536133,-3.494434],[114.693555,-4.169727],[115.956152,-3.59502],[116.56543,-2.299707],[116.423535,-2.052539],[116.554492,-1.473926],[117.5625,-0.770898],[117.522168,0.235889],[117.745117,0.729639],[118.534766,0.813525],[118.984961,0.982129],[118.080371,1.701855],[117.864648,1.968408],[118.066602,2.317822],[117.610645,3.064355],[117.166406,3.591992],[117.629883,3.636328],[117.574414,4.170605],[117.100586,4.337061],[115.896191,4.348682],[115.568457,3.93877],[115.454395,3.034326],[115.086328,2.841113],[115.179102,2.523193],[114.786426,2.250488],[114.830566,1.980029],[114.545898,1.467139],[113.902344,1.434277],[113.622266,1.235937],[112.476172,1.559082],[111.769727,0.999463],[110.938086,1.017334],[110.505762,0.861963],[109.654004,1.614893],[109.628906,2.027539]]],[[[127.732715,0.848145],[128.011719,1.331738],[128.010938,1.701221],[127.631738,1.843701],[127.420313,1.251953],[127.555371,0.489648],[128.691602,0.360352],[128.298828,0.876807],[128.702637,1.106396],[128.424121,1.517529],[127.732715,0.848145]]],[[[129.754688,-2.86582],[129.427344,-2.790723],[128.198535,-2.865918],[128.082129,-3.184082],[128.419238,-3.416016],[128.96748,-3.326074],[129.467676,-3.453223],[129.844141,-3.327148],[130.805078,-3.857715],[130.859961,-3.570312],[130.379102,-2.989355],[129.754688,-2.86582]]],[[[126.861133,-3.087891],[126.026465,-3.170508],[126.214551,-3.605176],[126.686328,-3.823633],[127.22959,-3.633008],[126.861133,-3.087891]]],[[[124.922266,-8.94248],[124.444434,-9.190332],[124.036328,-9.341602],[123.589258,-9.966797],[123.857617,-10.343555],[124.427539,-10.148633],[125.068164,-9.511914],[124.922266,-8.94248]]],[[[134.746973,-5.707031],[134.341309,-5.712891],[134.441113,-6.334863],[134.755859,-6.170605],[134.746973,-5.707031]]],[[[134.536816,-6.442285],[134.168066,-6.17627],[134.05918,-6.769336],[134.355957,-6.814844],[134.536816,-6.442285]]],[[[138.535352,-8.273633],[138.989063,-7.696094],[138.769824,-7.39043],[138.00752,-7.641602],[137.685156,-8.262207],[138.296289,-8.405176],[138.535352,-8.273633]]],[[[140.973438,-2.609766],[140.622559,-2.445801],[139.789551,-2.348242],[138.649805,-1.791113],[137.80625,-1.483203],[137.123438,-1.840918],[136.843262,-2.197656],[136.389941,-2.27334],[136.243262,-2.583105],[135.486621,-3.345117],[135.037402,-3.333105],[134.155664,-2.195215],[134.105859,-1.720996],[134.25957,-1.362988],[133.974512,-0.744336],[133.472656,-0.726172],[132.625098,-0.358887],[132.128418,-0.454102],[131.804297,-0.703809],[131.257227,-0.855469],[131.29375,-1.393457],[131.930371,-1.559668],[132.023438,-1.990332],[132.307617,-2.242285],[132.962793,-2.272559],[133.921582,-2.102051],[133.608691,-2.547168],[133.191016,-2.437793],[132.348242,-2.975098],[132.751367,-3.294629],[132.753906,-3.703613],[132.968555,-4.094922],[133.24873,-4.062305],[133.653125,-3.364355],[134.14707,-3.796777],[135.195605,-4.450684],[135.979688,-4.530859],[137.089258,-4.924414],[137.759082,-5.256152],[138.252148,-5.688184],[138.438672,-6.343359],[138.864551,-6.858398],[138.747949,-7.251465],[139.087988,-7.587207],[138.856152,-8.145117],[139.934766,-8.101172],[140.976172,-9.11875],[140.975195,-6.905371],[140.974219,-4.226465],[140.973438,-2.609766]]],[[[113.844531,-7.105371],[113.974707,-6.873047],[112.868066,-6.899902],[112.76377,-7.139648],[113.470703,-7.218457],[113.844531,-7.105371]]]]},"properties":{"name":"Indonesia"}},
{"type":"Feature","geometry":{"type":"Polygon","coordinates":[[[-15.543115,66.228516],[-16.748437,66.131641],[-18.777539,66.168799],[-21.303467,65.876465],[-22.426123,66.430127],[-23.52793,66.164404],[-24.223975,65.487207],[-22.005762,65.493457],[-22.683984,65.026367],[-21.832764,64.20542],[-20.198145,63.555811],[-18.653613,63.406689],[-17.815723,63.712988],[-16.640332,63.865479],[-14.54707,64.445947],[-13.569678,65.068115],[-13.616016,65.487158],[-14.75752,65.755664],[-15.543115,66.228516]]]},"properties":{"name":"Iceland"}},
{"type":"Feature","geometry":{"type":"Polygon","coordinates":[[[22.131836,48.405322],[21.451367,48.552246],[20.490039,48.526904],[19.898633,48.131348],[18.91416,48.05083],[18.724219,47.787158],[17.761914,47.770166],[17.147363,48.005957],[16.434375,47.367432],[16.093066,46.863281],[16.516211,46.499902],[17.310645,45.996143],[17.963867,45.770264],[18.905371,45.931738],[19.530762,46.155176],[20.241797,46.108594],[21.151953,46.304346],[22.290625,47.727832],[22.87666,47.947266],[22.131836,48.405322]]]},"properties":{"name":"Hungary"}},
{"type":"Feature","geometry":{"type":"Polygon","coordinates":[[[-83.15752,14.993066],[-83.760449,15.220361],[-84.261426,15.822607],[-84.97373,15.989893],[-85.783984,16.002832],[-86.356641,15.783203],[-86.907227,15.762354],[-87.618164,15.909863],[-88.22832,15.729004],[-89.222363,14.866064],[-89.362598,14.416016],[-88.512549,13.978955],[-87.715332,13.812695],[-87.814209,13.39917],[-87.489111,13.35293],[-87.337256,12.979248],[-86.710693,13.313379],[-86.733643,13.763477],[-86.151221,13.99458],[-85.786719,13.844434],[-85.179492,14.343311],[-84.985156,14.752441],[-84.645947,14.661084],[-83.15752,14.993066]]]},"properties":{"name":"Honduras"}},
{"type":"Feature","geometry":{"type":"Polygon","coordinates":[[[-71.779248,19.718164],[-72.637012,19.900879],[-72.811084,19.071582],[-72.347656,18.674951],[-72.789355,18.434814],[-74.227734,18.662695],[-74.419043,18.346191],[-73.884961,18.041895],[-73.385156,18.251172],[-72.87666,18.151758],[-72.059863,18.228564],[-71.768311,18.03916],[-71.657031,19.130762],[-71.779248,19.718164]]]},"properties":{"name":"Haiti"}},
{"type":"Feature","geometry":{"type":"Polygon","coordinates":[[[-60.742139,5.202051],[-60.142041,5.238818],[-59.990674,5.082861],[-60.111133,4.511182],[-59.83335,4.475928],[-59.551123,3.933545],[-59.854395,3.5875],[-59.994336,2.68999],[-59.755225,2.274121],[-59.756201,1.900635],[-59.231201,1.376025],[-58.8625,1.203613],[-58.340674,1.587549],[-57.594434,1.704102],[-57.118896,2.013965],[-56.482812,1.942139],[-56.704346,2.036475],[-58.054492,4.171924],[-57.711084,4.991064],[-57.331006,5.020166],[-57.194775,5.548437],[-57.190234,6.097314],[-57.982568,6.785889],[-58.480566,7.038135],[-58.626611,7.545898],[-59.200244,8.074609],[-60.017529,8.549316],[-60.032422,8.053564],[-60.513623,7.813184],[-60.719238,7.498682],[-60.39502,6.945361],[-61.145605,6.694531],[-61.128711,6.214307],[-61.376807,5.906982],[-60.742139,5.202051]]]},"properties":{"name":"Guyana"}},
{"type":"Feature","geometry":{"type":"Polygon","coordinates":[[[-16.711816,12.354834],[-16.138428,11.917285],[-15.501904,11.723779],[-15.393115,11.217236],[-15.043018,10.940137],[-14.682959,11.508496],[-13.732764,11.736035],[-13.729248,12.673926],[-15.196094,12.679932],[-15.574805,12.490381],[-16.711816,12.354834]]]},"properties":{"name":"Guinea-Bissau"}},
{"type":"Feature","geometry":{"type":"Polygon","coordinates":[[[-10.283203,8.485156],[-9.768262,8.53457],[-9.518262,8.346094],[-9.368945,7.639551],[-9.117578,7.215918],[-8.486426,7.558496],[-8.231885,7.556738],[-7.823584,8.467676],[-7.950977,8.786816],[-7.896191,9.415869],[-8.136963,9.495703],[-7.990625,10.1625],[-8.231494,10.437988],[-8.407471,11.386279],[-8.822021,11.673242],[-9.043066,12.402344],[-9.820703,12.04248],[-10.274854,12.212646],[-10.677344,11.899414],[-10.933203,12.205176],[-11.389404,12.404395],[-12.291211,12.328027],[-13.08291,12.633545],[-13.729248,12.673926],[-13.732764,11.736035],[-14.682959,11.508496],[-15.043018,10.940137],[-14.775928,10.931641],[-14.426904,10.24834],[-13.700488,9.85127],[-13.292676,9.049219],[-12.755859,9.373584],[-12.501465,9.862158],[-11.911084,9.993018],[-11.205664,9.977734],[-10.690527,9.314258],[-10.500537,8.687549],[-10.283203,8.485156]]]},"properties":{"name":"Guinea"}},
{"type":"Feature","geometry":{"type":"Polygon","coordinates":[[[-92.235156,14.54541],[-91.819092,14.228223],[-91.146045,13.925586],[-90.606934,13.929004],[-90.095215,13.736523],[-89.362598,14.416016],[-89.222363,14.866064],[-88.22832,15.729004],[-88.894043,15.890625],[-89.2375,15.894434],[-89.161475,17.814844],[-90.98916,17.816406],[-90.992969,17.252441],[-91.409619,17.255859],[-90.416992,16.391016],[-90.447168,16.072705],[-91.736572,16.070166],[-92.187158,15.320898],[-92.074805,15.074219],[-92.235156,14.54541]]]},"properties":{"name":"Guatemala"}},
{"type":"Feature","geometry":{"type":"Polygon","coordinates":[[[-61.715527,12.012646],[-61.627148,12.053955],[-61.607031,12.223291],[-61.71499,12.185156],[-61.715527,12.012646]]]},"properties":{"name":"Grenada"}},
{"type":"Feature","geometry":{"type":"MultiPolygon","coordinates":[[[[23.41543,38.958643],[23.758789,38.401221],[24.099023,38.670996],[23.41543,38.958643]]],[[[23.852246,35.535449],[24.799805,34.934473],[25.475684,35.306201],[24.312891,35.363818],[23.852246,35.535449]]],[[[26.320898,41.716553],[26.155176,41.434863],[25.251172,41.243555],[24.056055,41.527246],[22.916016,41.336279],[22.493555,41.118506],[21.929492,41.107422],[21.575781,40.868945],[20.964258,40.849902],[20.657422,40.117383],[20.00127,39.709424],[20.779688,39.008545],[21.113184,38.384668],[21.14502,37.919287],[21.571289,37.541016],[21.58291,37.080957],[22.608398,36.779736],[23.073535,36.774951],[23.193652,37.959033],[23.966992,38.275],[23.25293,38.66123],[22.965527,39.030908],[22.919043,39.628906],[22.592188,40.036914],[22.629492,40.495557],[23.664551,40.223828],[24.383789,40.912744],[25.104492,40.994727],[26.038965,40.726758],[26.624902,41.401758],[26.320898,41.716553]]]]},"properties":{"name":"Greece"}},
{"type":"Feature","geometry":{"type":"Polygon","coordinates":[[[-0.068604,11.115625],[-0.701416,10.988965],[-2.829932,10.998389],[-2.69585,9.481348],[-2.74668,9.109619],[-2.505859,8.20874],[-2.789746,7.931934],[-2.985791,7.204883],[-3.235791,6.807227],[-3.200586,6.348242],[-2.795215,5.184521],[-3.019141,5.130811],[-3.086719,5.12832],[-3.114014,5.088672],[-2.001855,4.762451],[-1.638477,4.980859],[-0.797705,5.226709],[0.259668,5.757324],[0.949707,5.810254],[1.187207,6.089404],[0.736914,6.452588],[0.525586,6.850928],[0.634766,7.353662],[0.583594,8.145801],[0.415332,8.652734],[0.529004,9.358301],[0.261914,9.495605],[0.362695,10.236475],[-0.057715,10.630615],[-0.068604,11.115625]]]},"properties":{"name":"Ghana"}},
{"type":"Feature","geometry":{"type":"Polygon","coordinates":[[[9.524023,47.524219],[11.297949,47.424902],[12.68584,47.669336],[12.814258,48.16084],[13.409375,48.394141],[13.814746,48.766943],[12.632031,49.46123],[12.277344,50.181445],[12.452637,50.349805],[14.369043,50.89873],[14.809375,50.858984],[15.016602,51.252734],[14.60166,51.832373],[14.619434,52.528516],[14.128613,52.878223],[14.414551,53.283496],[14.258887,53.729639],[13.028613,54.411035],[12.575391,54.467383],[11.399609,53.944629],[9.739746,54.825537],[8.670313,54.903418],[8.957227,54.53833],[8.897754,53.835693],[8.538477,53.556885],[7.285254,53.681348],[7.197266,53.282275],[7.035156,52.380225],[6.741797,51.910889],[6.193262,51.488916],[5.993945,50.750439],[6.364453,50.316162],[6.116504,50.120996],[6.487305,49.798486],[6.344336,49.452734],[6.735449,49.160596],[8.134863,48.973584],[7.58418,48.064307],[7.615625,47.592725],[8.617871,47.766113],[9.524023,47.524219]]]},"properties":{"name":"Germany"}},
{"type":"Feature","geometry":{"type":"Polygon","coordinates":[[[43.439453,41.107129],[45.001367,41.290967],[45.280957,41.449561],[46.45791,41.070215],[46.618945,41.34375],[46.182129,41.65708],[46.429883,41.890967],[45.638574,42.205078],[45.727539,42.475049],[44.870996,42.756396],[43.957422,42.566553],[43.782617,42.747021],[42.419043,43.224219],[41.580566,43.219238],[40.648047,43.533887],[39.97832,43.419824],[41.48877,42.659326],[41.762988,41.97002],[41.510059,41.51748],[42.466406,41.439844],[42.787891,41.563721],[43.439453,41.107129]]]},"properties":{"name":"Georgia"}},
{"type":"Feature","geometry":{"type":"Polygon","coordinates":[[[-16.562305,13.587305],[-16.76333,13.06416],[-15.834277,13.156445],[-15.509668,13.58623],[-16.562305,13.587305]]]},"properties":{"name":"Gambia"}},
{"type":"Feature","geometry":{"type":"Polygon","coordinates":[[[13.293555,2.161572],[13.220313,2.256445],[11.348438,2.299707],[11.328711,2.167432],[11.335352,0.999707],[9.59082,1.031982],[9.29668,-0.35127],[8.821387,-0.708398],[9.265625,-1.825098],[9.759473,-2.518555],[10.347656,-3.013086],[11.130176,-3.916309],[11.504297,-3.520313],[11.93418,-3.318555],[11.537793,-2.836719],[11.575195,-2.39707],[12.446387,-2.32998],[12.432129,-1.928906],[12.793555,-1.931836],[12.991992,-2.313379],[13.464941,-2.39541],[13.784375,-2.16377],[14.087402,-2.466895],[14.383984,-1.890039],[14.480566,-0.618359],[13.860059,-0.20332],[13.88457,0.19082],[14.434473,0.811475],[14.180859,1.370215],[13.851367,1.41875],[13.274121,1.241016],[13.162695,1.648096],[13.293555,2.161572]]]},"properties":{"name":"Gabon"}},
{"type":"Feature","geometry":{"type":"MultiPolygon","coordinates":[[[[9.480371,42.80542],[8.713086,42.549756],[8.80752,41.588379],[9.186133,41.384912],[9.550684,42.129736],[9.480371,42.80542]]],[[[7.615625,47.592725],[7.58418,48.064307],[8.134863,48.973584],[6.735449,49.160596],[6.344336,49.452734],[5.789746,49.538281],[4.867578,49.788135],[4.174609,50.246484],[2.839746,50.711768],[2.524902,51.097119],[1.579492,50.739258],[1.245508,49.998242],[0.186719,49.703027],[-0.163477,49.296777],[-1.138525,49.387891],[-1.856445,49.683789],[-1.437646,48.641406],[-2.446191,48.648291],[-3.231445,48.84082],[-4.720752,48.539893],[-4.312109,47.8229],[-3.158838,47.694678],[-2.018896,47.037646],[-1.786523,46.514844],[-1.146289,46.311377],[-1.066016,45.805664],[-1.245508,44.559863],[-1.484863,43.56377],[-1.794043,43.407324],[-1.285449,43.059619],[-0.041162,42.689111],[1.42832,42.595898],[1.706055,42.50332],[2.032715,42.353516],[3.211426,42.431152],[3.051758,42.915137],[3.258887,43.193213],[4.052637,43.593066],[4.628711,43.387109],[6.115918,43.072363],[6.494043,43.169287],[7.377734,43.731738],[7.414453,43.770898],[7.438672,43.750439],[7.493164,43.767139],[7.651465,44.033643],[6.967285,44.280029],[7.030664,44.716699],[6.627734,45.117969],[7.153418,45.400928],[7.021094,45.925781],[6.758105,46.415771],[6.060254,46.428174],[7.000586,47.32251],[7.615625,47.592725]]],[[[-54.61626,2.326758],[-54.130078,2.121045],[-53.767773,2.354834],[-52.964844,2.183545],[-52.700635,2.363672],[-51.990625,3.702002],[-51.652539,4.061279],[-52.290527,4.942187],[-52.899316,5.425049],[-53.847168,5.782227],[-54.155957,5.358984],[-54.452197,5.013477],[-54.350732,4.054102],[-53.990479,3.589551],[-54.195508,2.817871],[-54.61626,2.326758]]]]},"properties":{"name":"France"}},
{"type":"Feature","geometry":{"type":"Polygon","coordinates":[[[-56.26709,46.838477],[-56.314893,46.953857],[-56.287354,47.070996],[-56.386914,47.067969],[-56.26709,46.838477]]]},"properties":{"name":"Saint Pierre and Miquelon"}},
{"type":"Feature","geometry":{"type":"Polygon","coordinates":[[[-178.04668,-14.318359],[-178.142236,-14.242578],[-178.158594,-14.311914],[-178.04668,-14.318359]]]},"properties":{"name":"Wallis and Futuna"}},
{"type":"Feature","geometry":{"type":"Polygon","coordinates":[[[-63.011182,18.068945],[-63.063086,18.115332],[-63.123047,18.068945],[-63.011182,18.068945]]]},"properties":{"name":"Saint Martin"}},
{"type":"Feature","geometry":{"type":"Polygon","coordinates":[[[-62.831934,17.876465],[-62.799707,17.908691],[-62.86543,17.918262],[-62.831934,17.876465]]]},"properties":{"name":"Saint Barthelemy"}},
{"type":"Feature","geometry":{"type":"Polygon","coordinates":[[[-149.321533,-17.690039],[-149.379199,-17.522363],[-149.611426,-17.531641],[-149.578906,-17.734961],[-149.321533,-17.690039]]]},"properties":{"name":"French Polynesia"}},
{"type":"Feature","geometry":{"type":"Polygon","coordinates":[[[164.202344,-20.246094],[164.454688,-20.829102],[165.241992,-21.525488],[166.774121,-22.376172],[166.942383,-22.090137],[165.662793,-21.267188],[165.191797,-20.768848],[164.202344,-20.246094]]]},"properties":{"name":"New Caledonia"}},
{"type":"Feature","geometry":{"type":"Polygon","coordinates":[[[69.184863,-49.10957],[68.87207,-49.444336],[69.612891,-49.650977],[69.915625,-49.348535],[69.184863,-49.10957]]]},"properties":{"name":"French Southern and Antarctic Lands"}},
{"type":"Feature","geometry":{"type":"Polygon","coordinates":[[[19.989551,60.351172],[19.686914,60.267627],[19.745996,60.098975],[20.258887,60.261279],[19.989551,60.351172]]]},"properties":{"name":"Aland"}},
{"type":"Feature","geometry":{"type":"Polygon","coordinates":[[[24.155469,65.805273],[25.347852,65.479248],[25.372656,65.009473],[24.55791,64.801025],[23.24873,63.896143],[22.243262,63.437939],[21.103613,62.622949],[21.605957,61.591553],[21.436035,60.596387],[22.575879,60.359082],[22.793457,60.076807],[23.721777,59.965674],[25.656445,60.333203],[27.797656,60.536133],[29.690137,61.546094],[31.285645,62.567822],[31.180859,63.208301],[30.055371,63.689014],[30.503906,64.020605],[30.072852,64.765039],[29.604199,64.968408],[29.903418,66.091064],[29.087012,66.970947],[29.941211,67.547461],[28.470703,68.488379],[28.96582,69.021973],[29.141602,69.671436],[27.889941,70.06167],[26.525391,69.915039],[26.011523,69.652637],[25.74834,68.990137],[24.941406,68.593262],[23.854004,68.805908],[22.410938,68.719873],[21.621777,69.270703],[20.622168,69.036865],[23.638867,67.954395],[23.468066,67.449951],[23.988574,66.810547],[23.701172,66.480762],[24.155469,65.805273]]]},"properties":{"name":"Finland"}},
{"type":"Feature","geometry":{"type":"MultiPolygon","coordinates":[[[[179.999219,-16.168555],[180,-16.15293],[179.551758,-16.249902],[178.805078,-16.631445],[179.006836,-16.900195],[179.92793,-16.744434],[179.748145,-16.446289],[179.999219,-16.168555]]],[[[178.280176,-17.371973],[177.617969,-17.461035],[177.321387,-18.077539],[177.84707,-18.254883],[178.667676,-18.080859],[178.591602,-17.651465],[178.280176,-17.371973]]]]},"properties":{"name":"Fiji"}},
{"type":"Feature","geometry":{"type":"Polygon","coordinates":[[[35.268359,5.492285],[35.74502,5.343994],[35.763086,4.808008],[36.081934,4.449707],[36.905566,4.411475],[38.086133,3.648828],[39.494434,3.456104],[39.842188,3.851465],[40.765234,4.273047],[41.220898,3.943555],[41.883984,3.977734],[42.024121,4.137939],[42.791602,4.291992],[43.016016,4.56333],[44.028125,4.950977],[44.940527,4.912012],[45.934961,5.997217],[47.978223,7.99707],[46.978223,7.99707],[44.022852,8.986035],[43.48252,9.379492],[42.841602,10.203076],[42.65957,10.621387],[42.922754,10.999316],[42.557715,11.080762],[41.798242,10.980469],[41.766504,11.589111],[42.378516,12.466406],[41.765039,13.183936],[40.769531,14.144482],[40.221484,14.431152],[39.074219,14.628223],[38.504395,14.424414],[37.88418,14.852295],[37.571191,14.149072],[37.257227,14.45376],[36.524316,14.256836],[36.10752,12.726465],[35.596094,12.537305],[35.112305,11.816553],[34.931445,10.864795],[34.571875,10.880176],[34.275684,10.528125],[34.291504,10.124756],[34.078125,9.461523],[34.094531,8.582227],[33.95332,8.443506],[33.234277,8.396387],[33.012598,7.951514],[33.666113,7.670996],[34.710645,6.660303],[35.081934,5.673145],[35.268359,5.492285]]]},"properties":{"name":"Ethiopia"}},
{"type":"Feature","geometry":{"type":"Polygon","coordinates":[[[27.351953,57.528125],[27.752832,57.841016],[27.464453,58.841309],[28.0125,59.484277],[26.974707,59.450635],[25.509277,59.639014],[23.494434,59.195654],[23.767578,58.36084],[24.529102,58.354248],[24.322559,57.870605],[25.111035,58.063428],[26.532617,57.531006],[27.351953,57.528125]]]},"properties":{"name":"Estonia"}},
{"type":"Feature","geometry":{"type":"Polygon","coordinates":[[[36.524316,14.256836],[37.257227,14.45376],[37.571191,14.149072],[37.88418,14.852295],[38.504395,14.424414],[39.074219,14.628223],[40.221484,14.431152],[40.769531,14.144482],[41.765039,13.183936],[42.378516,12.466406],[42.670117,12.376562],[43.116699,12.708594],[42.796191,12.864258],[42.245117,13.587646],[41.658203,13.983057],[41.176465,14.620312],[40.204102,15.014111],[39.86377,15.470312],[39.506543,15.532129],[39.298926,15.921094],[39.142578,16.72915],[38.609473,18.005078],[38.253516,17.584766],[37.782422,17.458008],[37.411035,17.061719],[37.008984,17.058887],[36.91377,16.296191],[36.426758,15.13208],[36.524316,14.256836]]]},"properties":{"name":"Eritrea"}},
{"type":"Feature","geometry":{"type":"Polygon","coordinates":[[[11.328711,2.167432],[9.979883,2.167773],[9.800781,2.304443],[9.807031,1.92749],[9.385938,1.139258],[9.59082,1.031982],[11.335352,0.999707],[11.328711,2.167432]]]},"properties":{"name":"Equatorial Guinea"}},
{"type":"Feature","geometry":{"type":"Polygon","coordinates":[[[-89.362598,14.416016],[-90.095215,13.736523],[-88.512012,13.183936],[-87.930859,13.180664],[-87.814209,13.39917],[-87.715332,13.812695],[-88.512549,13.978955],[-89.362598,14.416016]]]},"properties":{"name":"El Salvador"}},
{"type":"Feature","geometry":{"type":"Polygon","coordinates":[[[36.871387,21.996729],[36.229688,22.628809],[35.697852,22.946191],[35.522754,23.442529],[35.624707,24.066016],[35.194141,24.475146],[34.565137,25.691162],[33.959082,26.649023],[33.893066,27.049463],[33.549805,27.607373],[33.54707,27.898145],[32.898242,28.565234],[32.631836,28.992236],[33.075781,29.073047],[33.247754,28.567725],[33.760254,28.047656],[34.220117,27.764307],[34.399707,28.016016],[34.736426,29.270605],[34.904297,29.477344],[34.245313,31.208301],[34.198145,31.322607],[33.666504,31.13042],[32.101758,31.092822],[31.193945,31.587598],[30.395117,31.457617],[29.07207,30.830273],[27.967578,31.097412],[27.248047,31.377881],[25.893262,31.620898],[25.150488,31.65498],[24.852734,31.334814],[24.973926,30.776562],[24.726465,30.250586],[24.980273,29.181885],[24.980273,26.037988],[24.980273,23.567822],[24.980273,21.99585],[28.036426,21.995361],[29.564551,21.995117],[32.606055,21.995996],[34.574609,21.996338],[36.871387,21.996729]]]},"properties":{"name":"Egypt"}},
{"type":"Feature","geometry":{"type":"Polygon","coordinates":[[[-75.284473,-0.106543],[-76.311035,0.448486],[-76.494629,0.235449],[-77.422754,0.424854],[-77.467676,0.636523],[-78.312109,1.046094],[-78.859668,1.455371],[-78.899658,1.20625],[-79.741211,0.979785],[-80.088281,0.784766],[-80.133398,-0.006055],[-80.482275,-0.368262],[-80.553906,-0.847949],[-80.902393,-1.078906],[-80.770361,-2.07666],[-80.450098,-2.625977],[-79.729883,-2.579102],[-79.921582,-3.090137],[-80.324658,-3.387891],[-80.179248,-3.877734],[-80.51001,-4.069531],[-79.638525,-4.454883],[-79.330957,-4.927832],[-79.07627,-4.990625],[-78.419775,-3.776855],[-78.347266,-3.43125],[-77.860596,-2.981641],[-76.679102,-2.562598],[-76.089795,-2.133105],[-75.570557,-1.53125],[-75.263232,-0.555371],[-75.284473,-0.106543]]]},"properties":{"name":"Ecuador"}},
{"type":"Feature","geometry":{"type":"Polygon","coordinates":[[[-71.768311,18.03916],[-71.395703,17.646094],[-71.027832,18.273193],[-70.183105,18.251758],[-69.770654,18.443555],[-68.934961,18.408008],[-68.658838,18.222021],[-68.359277,18.538086],[-68.684766,18.904785],[-69.739404,19.299219],[-70.129443,19.636133],[-70.95415,19.913965],[-71.557764,19.895361],[-71.779248,19.718164],[-71.657031,19.130762],[-71.768311,18.03916]]]},"properties":{"name":"Dominican Republic"}},
{"type":"Feature","geometry":{"type":"Polygon","coordinates":[[[-61.281689,15.249023],[-61.32002,15.585059],[-61.481152,15.525146],[-61.281689,15.249023]]]},"properties":{"name":"Dominica"}},
{"type":"Feature","geometry":{"type":"Polygon","coordinates":[[[43.245996,11.499805],[42.799023,11.739404],[43.409766,12.189941],[43.116699,12.708594],[42.670117,12.376562],[42.378516,12.466406],[41.766504,11.589111],[41.798242,10.980469],[42.557715,11.080762],[42.922754,10.999316],[43.245996,11.499805]]]},"properties":{"name":"Djibouti"}},
{"type":"Feature","geometry":{"type":"MultiPolygon","coordinates":[[[[-29.952881,83.564844],[-32.984424,83.599609],[-43.19458,83.255127],[-46.478174,82.951904],[-44.238867,82.368164],[-45.291064,81.828809],[-48.861182,82.40542],[-50.894434,81.895215],[-52.775586,82.321729],[-58.717383,82.093066],[-61.20293,81.746875],[-62.993262,81.206982],[-66.995898,80.412988],[-66.843652,80.076221],[-64.792285,80.000635],[-65.967871,79.132373],[-72.395605,78.504346],[-72.818066,78.194336],[-69.351367,77.467139],[-70.862842,77.175439],[-70.792822,76.869092],[-69.252051,76.686133],[-69.3729,76.331885],[-66.826172,75.968799],[-63.438867,76.339453],[-61.188232,76.157861],[-58.516211,75.689063],[-58.603467,75.385303],[-56.801318,74.67168],[-56.104053,73.558154],[-54.737939,72.87251],[-55.601709,72.453467],[-55.594043,71.553516],[-53.117041,71.312891],[-51.130078,70.971729],[-52.405225,70.686768],[-54.16582,70.820117],[-54.014453,70.42168],[-52.254639,70.058936],[-50.5,69.935791],[-51.249414,68.739941],[-53.039453,68.610889],[-53.884424,67.135547],[-53.038281,66.826807],[-53.634717,66.413672],[-52.259033,65.154932],[-52.093408,64.415918],[-51.468848,63.642285],[-50.33833,62.82876],[-50.319238,62.473193],[-49.553467,62.232715],[-48.92207,61.277441],[-47.79624,60.828857],[-46.046631,60.615723],[-45.379248,60.20293],[-44.065479,59.924805],[-43.320117,59.928125],[-42.717041,60.76748],[-42.110205,61.857227],[-42.152979,62.568457],[-40.550391,63.725244],[-40.781738,64.221777],[-40.182227,64.479932],[-40.655469,64.915332],[-39.57793,65.340771],[-36.379199,65.830811],[-34.632812,66.434766],[-34.10166,66.725928],[-33.156982,67.626709],[-32.274805,67.922852],[-32.137256,68.384912],[-30.978564,68.061328],[-26.341406,68.702148],[-23.088232,69.882959],[-23.173242,70.1146],[-26.747266,70.475537],[-28.015039,70.402246],[-28.540918,70.476904],[-27.68877,70.993457],[-25.742236,71.183594],[-24.377002,71.146387],[-23.327832,70.450977],[-21.522656,70.526221],[-22.293213,72.119531],[-22.185059,73.269873],[-20.509668,73.492871],[-21.129443,74.110889],[-19.225098,74.479492],[-20.484961,75.314258],[-19.508984,75.75752],[-20.103613,76.219092],[-21.569092,76.293701],[-20.94209,76.887012],[-18.510303,76.778174],[-18.339014,77.215283],[-20.231934,77.368408],[-20.955664,78.555029],[-19.074951,79.152344],[-19.429199,80.257715],[-16.868408,80.198242],[-16.760596,80.573389],[-14.503564,80.763281],[-11.528809,81.424023],[-15.555518,81.833594],[-17.226221,81.43042],[-21.146582,81.695166],[-21.520654,82.59541],[-24.470312,82.877393],[-25.947412,83.289648],[-29.952881,83.564844]]],[[[-52.731152,69.944727],[-53.375146,70.221289],[-54.830469,70.161084],[-54.804102,69.630518],[-53.578418,69.256641],[-52.112598,69.489111],[-52.731152,69.944727]]],[[[-25.432324,70.921338],[-27.708936,70.897119],[-27.897998,70.454004],[-25.402246,70.652686],[-25.432324,70.921338]]]]},"properties":{"name":"Greenland"}},
{"type":"Feature","geometry":{"type":"Polygon","coordinates":[[[-6.631055,62.227881],[-7.172168,62.285596],[-7.013574,62.093994],[-6.631055,62.227881]]]},"properties":{"name":"Faroe Islands"}},
{"type":"Feature","geometry":{"type":"MultiPolygon","coordinates":[[[[12.56875,55.785059],[12.218945,56.118652],[10.978906,55.721533],[11.653809,55.186914],[12.56875,55.785059]]],[[[9.739746,54.825537],[9.591113,55.493213],[10.183008,55.865186],[10.537109,57.448535],[9.962305,57.580957],[9.554297,57.232471],[8.618555,57.111279],[8.163965,56.606885],[8.132129,55.599805],[8.615918,55.418213],[8.670313,54.903418],[9.739746,54.825537]]],[[[10.645117,55.609814],[9.860645,55.515479],[9.98877,55.163184],[10.785254,55.133398],[10.645117,55.609814]]]]},"properties":{"name":"Denmark"}},
{"type":"Feature","geometry":{"type":"Polygon","coordinates":[[[18.832227,49.510791],[18.562402,49.879346],[17.874805,49.972266],[17.151953,50.37832],[16.679102,50.097461],[16.007227,50.611621],[14.809375,50.858984],[14.369043,50.89873],[12.452637,50.349805],[12.277344,50.181445],[12.632031,49.46123],[13.814746,48.766943],[14.691309,48.599219],[14.972168,48.983936],[16.953125,48.598828],[17.758496,48.888135],[18.160938,49.257373],[18.832227,49.510791]]]},"properties":{"name":"Czechia"}},
{"type":"Feature","geometry":{"type":"Polygon","coordinates":[[[34.004492,35.065234],[33.941992,35.292041],[32.941602,35.39043],[32.712695,35.171045],[34.004492,35.065234]]]},"properties":{"name":"Northern Cyprus"}},
{"type":"Feature","geometry":{"type":"Polygon","coordinates":[[[32.712695,35.171045],[32.449023,34.729443],[32.941797,34.575879],[34.004492,35.065234],[32.712695,35.171045]]]},"properties":{"name":"Cyprus"}},
{"type":"Feature","geometry":{"type":"Polygon","coordinates":[[[-81.837451,23.163037],[-83.257812,22.967578],[-84.044922,22.666016],[-84.361279,22.378906],[-84.326367,22.074316],[-83.379639,22.222998],[-82.738037,22.689258],[-81.903418,22.679004],[-81.816211,22.200195],[-80.499072,22.063525],[-80.231348,21.872168],[-79.274414,21.562646],[-78.636475,21.515527],[-78.490771,21.053711],[-77.997314,20.715381],[-77.22959,20.64375],[-77.213379,20.300391],[-77.715088,19.855469],[-76.158447,19.989746],[-75.116406,19.901416],[-74.252832,20.079687],[-74.882568,20.650635],[-75.642773,20.733496],[-75.722949,21.111035],[-76.647412,21.284521],[-77.497266,21.871631],[-77.865039,21.900586],[-78.686475,22.366846],[-79.275684,22.407617],[-79.67666,22.743066],[-80.650146,23.103076],[-81.837451,23.163037]]]},"properties":{"name":"Cuba"}},
{"type":"Feature","geometry":{"type":"MultiPolygon","coordinates":[[[[13.57793,45.516895],[13.96582,44.835645],[14.386133,45.342139],[14.85459,45.081006],[15.122949,44.256787],[15.941504,43.656641],[16.903125,43.392432],[17.585156,42.938379],[17.624805,43.042773],[16.214258,44.215137],[15.736621,44.76582],[16.530664,45.216699],[17.812793,45.078125],[18.662598,45.077441],[19.007129,44.869189],[18.905371,45.931738],[17.963867,45.770264],[17.310645,45.996143],[16.516211,46.499902],[15.635938,46.200732],[15.339453,45.467041],[13.878711,45.428369],[13.57793,45.516895]]],[[[18.436328,42.559717],[17.667578,42.897119],[18.51748,42.43291],[18.436328,42.559717]]]]},"properties":{"name":"Croatia"}},
{"type":"Feature","geometry":{"type":"Polygon","coordinates":[[[-7.990625,10.1625],[-8.136963,9.495703],[-7.896191,9.415869],[-7.950977,8.786816],[-7.823584,8.467676],[-8.231885,7.556738],[-8.486426,7.558496],[-8.296631,7.074023],[-8.603564,6.507812],[-7.888623,6.234863],[-7.454395,5.841309],[-7.568896,5.080664],[-7.544971,4.351318],[-6.845166,4.671484],[-5.564746,5.089453],[-4.037207,5.230127],[-3.019141,5.130811],[-2.795215,5.184521],[-3.200586,6.348242],[-3.235791,6.807227],[-2.985791,7.204883],[-2.789746,7.931934],[-2.505859,8.20874],[-2.74668,9.109619],[-2.69585,9.481348],[-3.223535,9.895459],[-3.877637,9.894922],[-4.62583,9.713574],[-5.099854,10.241602],[-5.523535,10.426025],[-6.03457,10.194824],[-6.261133,10.724072],[-6.693262,10.349463],[-7.104883,10.203516],[-7.661133,10.427441],[-7.990625,10.1625]]]},"properties":{"name":"Ivory Coast"}},
{"type":"Feature","geometry":{"type":"Polygon","coordinates":[[[-82.563574,9.57666],[-82.778418,9.669531],[-83.448242,10.465918],[-83.641992,10.917236],[-84.168359,10.780371],[-84.348291,10.979883],[-84.90918,10.945312],[-85.621387,11.184473],[-85.744336,11.062109],[-85.830615,10.398145],[-85.624854,9.902441],[-85.114502,9.581787],[-84.658887,9.64668],[-83.895557,9.276416],[-83.637256,9.035352],[-83.734082,8.614453],[-83.162402,8.588184],[-82.879346,8.070654],[-82.939844,9.44917],[-82.563574,9.57666]]]},"properties":{"name":"Costa Rica"}},
{"type":"Feature","geometry":{"type":"Polygon","coordinates":[[[30.751172,-8.193652],[30.313184,-7.203711],[29.709668,-6.616895],[29.480078,-6.025],[29.594141,-5.650781],[29.342773,-4.983105],[29.403223,-4.449316],[29.223242,-3.91084],[29.224414,-3.053516],[29.014355,-2.720215],[29.129395,-1.860254],[29.576953,-1.387891],[29.717676,0.09834],[29.942871,0.819238],[30.942578,1.682812],[31.252734,2.04458],[30.728613,2.455371],[30.838574,3.490723],[30.194922,3.981934],[29.676855,4.586914],[29.151465,4.388184],[28.727051,4.50498],[28.19209,4.350244],[27.40332,5.10918],[26.82207,5.062402],[25.525098,5.312109],[25.249316,5.024561],[24.319824,4.994141],[23.417188,4.663135],[22.755762,4.64668],[22.422168,4.134961],[21.537598,4.244824],[20.558105,4.462695],[20.226367,4.829639],[19.500977,5.12749],[19.068555,4.891406],[18.56748,4.257568],[18.610352,3.478418],[18.490918,2.924414],[18.072168,2.013281],[17.902441,1.118066],[17.887695,0.234131],[17.752832,-0.549023],[16.879883,-1.225879],[16.540723,-1.840137],[16.215332,-2.177832],[16.146777,-3.46416],[15.872461,-3.934277],[15.600098,-4.030957],[14.70791,-4.881738],[14.410742,-4.83125],[14.358301,-4.299414],[13.414941,-4.837402],[13.072754,-4.634766],[12.522363,-5.148926],[12.503711,-5.695801],[12.213672,-5.758691],[12.411719,-5.986328],[13.068164,-5.864844],[14.398633,-5.892676],[16.315234,-5.865625],[16.717773,-6.241406],[16.984766,-7.257422],[17.536035,-8.075879],[18.653418,-7.936035],[19.34082,-7.966602],[19.527637,-7.144434],[20.482227,-6.91582],[20.607813,-7.277734],[21.751074,-7.305469],[21.905371,-8.693359],[21.813184,-9.46875],[22.302441,-10.39668],[22.278809,-11.194141],[22.561035,-11.055859],[23.833887,-11.013672],[23.966504,-10.871777],[24.319922,-11.071777],[24.518555,-11.438477],[25.184863,-11.242969],[25.349414,-11.623047],[26.025977,-11.890137],[26.949609,-11.898828],[28.357715,-12.482031],[29.014258,-13.368848],[29.554199,-13.248926],[29.795313,-13.392773],[29.795117,-12.155469],[29.427539,-12.43125],[29.064355,-12.348828],[28.48252,-11.812109],[28.357227,-11.483008],[28.638867,-10.669238],[28.630078,-9.83125],[28.400684,-9.224805],[28.917773,-8.700586],[28.972266,-8.464941],[30.751172,-8.193652]]]},"properties":{"name":"Democratic Republic of the Congo"}},
{"type":"Feature","geometry":{"type":"Polygon","coordinates":[[[11.130176,-3.916309],[11.777539,-4.56582],[12.018359,-5.004297],[12.38457,-4.619141],[12.881055,-4.445117],[13.072754,-4.634766],[13.414941,-4.837402],[14.358301,-4.299414],[14.410742,-4.83125],[14.70791,-4.881738],[15.600098,-4.030957],[15.872461,-3.934277],[16.146777,-3.46416],[16.215332,-2.177832],[16.540723,-1.840137],[16.879883,-1.225879],[17.752832,-0.549023],[17.887695,0.234131],[17.902441,1.118066],[18.072168,2.013281],[18.490918,2.924414],[18.610352,3.478418],[17.437988,3.684619],[16.67334,3.535205],[16.468555,2.831738],[16.183398,2.270068],[16.059375,1.676221],[15.741602,1.91499],[14.484082,2.154736],[13.293555,2.161572],[13.162695,1.648096],[13.274121,1.241016],[13.851367,1.41875],[14.180859,1.370215],[14.434473,0.811475],[13.88457,0.19082],[13.860059,-0.20332],[14.480566,-0.618359],[14.383984,-1.890039],[14.087402,-2.466895],[13.784375,-2.16377],[13.464941,-2.39541],[12.991992,-2.313379],[12.793555,-1.931836],[12.432129,-1.928906],[12.446387,-2.32998],[11.575195,-2.39707],[11.537793,-2.836719],[11.93418,-3.318555],[11.504297,-3.520313],[11.130176,-3.916309]]]},"properties":{"name":"Republic of the Congo"}},
{"type":"Feature","geometry":{"type":"Polygon","coordinates":[[[43.46582,-11.90127],[43.379395,-11.61416],[43.22666,-11.751855],[43.46582,-11.90127]]]},"properties":{"name":"Comoros"}},
{"type":"Feature","geometry":{"type":"Polygon","coordinates":[[[-71.319727,11.861914],[-71.262109,12.335303],[-71.714551,12.419971],[-72.135742,12.188574],[-72.275,11.889258],[-73.313379,11.295752],[-74.059131,11.340625],[-74.454248,10.989062],[-74.84458,11.109717],[-75.445996,10.610889],[-75.670898,10.196338],[-75.639355,9.450439],[-76.135498,9.265625],[-76.276855,8.989111],[-76.887988,8.619873],[-77.374219,8.658301],[-77.212305,8.033887],[-77.350781,7.705859],[-77.743896,7.536963],[-77.901172,7.229346],[-77.359863,6.504492],[-77.469434,6.176758],[-77.249268,5.780176],[-77.401758,5.416162],[-77.286328,4.721729],[-77.427295,4.060449],[-77.166602,3.862256],[-77.67002,2.878857],[-78.12002,2.488184],[-78.617041,2.306787],[-78.576904,1.773779],[-78.859668,1.455371],[-78.312109,1.046094],[-77.467676,0.636523],[-77.422754,0.424854],[-76.494629,0.235449],[-76.311035,0.448486],[-75.284473,-0.106543],[-74.801758,-0.200098],[-74.417871,-0.580664],[-74.246387,-0.970605],[-73.664307,-1.248828],[-73.496289,-1.693066],[-73.196973,-1.830273],[-73.154492,-2.278223],[-72.395605,-2.428906],[-71.752539,-2.152734],[-71.396973,-2.334082],[-70.914551,-2.218555],[-70.074023,-2.750195],[-70.735107,-3.781543],[-70.339502,-3.814355],[-69.965918,-4.235938],[-69.400244,-1.194922],[-69.66748,-0.482422],[-70.070508,-0.138867],[-70.053906,0.578613],[-69.163232,0.864062],[-69.361377,1.064014],[-69.852148,1.059521],[-69.848584,1.70874],[-68.176562,1.719824],[-67.351953,2.08584],[-66.876025,1.223047],[-67.21084,2.390137],[-67.834766,2.892822],[-67.311133,3.415869],[-67.661621,3.864258],[-67.855273,4.506885],[-67.824902,5.270459],[-67.439355,6.025537],[-67.85918,6.289893],[-68.471777,6.156543],[-69.439258,6.134912],[-70.09502,6.937939],[-70.655078,7.082764],[-71.013281,6.994434],[-72.084277,7.096875],[-72.442969,7.454883],[-72.416553,8.381982],[-72.66543,8.627588],[-72.796387,9.108984],[-73.356348,9.226855],[-73.006543,9.78916],[-72.690088,10.83584],[-72.248486,11.196436],[-71.958105,11.666406],[-71.319727,11.861914]]]},"properties":{"name":"Colombia"}},
{"type":"Feature","geometry":{"type":"MultiPolygon","coordinates":[[[[107.972656,21.507959],[108.324805,21.693506],[109.930762,21.480566],[109.662598,20.916895],[110.123145,20.263721],[110.511523,20.518262],[110.193555,21.037646],[110.771094,21.386523],[111.602734,21.559082],[111.943945,21.849658],[112.586328,21.776855],[113.008203,22.119336],[113.478906,22.195557],[113.494141,22.241553],[113.527051,22.245947],[113.619629,22.861426],[114.01543,22.511914],[114.266016,22.540967],[115.49834,22.718848],[116.470703,22.945898],[116.538281,23.179688],[118.056055,24.246094],[118.087109,24.627002],[118.560352,24.580371],[119.024609,25.223438],[119.539453,25.59126],[120.278711,27.09707],[121.098437,28.290527],[121.602051,28.366602],[121.71748,29.256348],[121.944336,29.894092],[121.159375,30.301758],[120.997656,30.558252],[121.87793,30.916992],[121.351953,31.858789],[121.400977,32.371924],[120.853223,32.661377],[120.871094,33.016504],[120.201465,34.325684],[119.58291,34.582227],[119.21582,35.011768],[120.054688,35.861133],[120.989941,36.597949],[121.932715,36.959473],[122.519727,36.946826],[122.602344,37.426416],[121.640234,37.460352],[120.75,37.833936],[119.449902,37.124756],[118.952637,37.331152],[118.940039,38.042773],[118.014941,38.183398],[117.557813,38.625146],[117.784668,39.134473],[118.912305,39.166406],[119.591113,39.902637],[120.479102,40.230957],[121.174512,40.90127],[121.858789,40.84209],[122.275,40.541846],[121.517578,39.638965],[121.785449,39.40083],[122.334863,39.366113],[123.348145,39.762939],[124.362109,40.004053],[124.889355,40.459814],[125.989062,40.904639],[126.903516,41.781055],[127.179688,41.531348],[128.11123,41.389258],[128.045215,41.9875],[128.923438,42.038232],[129.313672,42.413574],[129.719727,42.475],[129.898242,42.998145],[130.526953,42.5354],[131.068555,42.902246],[131.261816,43.433057],[131.082324,44.91001],[131.977539,45.243994],[132.936035,45.029932],[133.186035,45.494824],[133.861328,46.247754],[134.167676,47.302197],[134.752344,47.71543],[134.293359,48.373437],[133.144043,48.105664],[132.561914,47.768506],[131.002734,47.691455],[130.804297,48.341504],[129.498145,49.388818],[128.704004,49.600146],[127.999609,49.568604],[127.502441,49.873437],[127.590234,50.208984],[126.924805,51.100146],[126.312891,52.399756],[125.649023,53.042285],[124.812305,53.133838],[123.607813,53.546533],[122.337793,53.48501],[120.704102,53.171826],[120.094531,52.787207],[120.656152,52.56665],[120.749805,52.096533],[120.066895,51.600684],[119.191895,50.379834],[119.259863,50.066406],[118.451563,49.844482],[117.873438,49.513477],[116.683301,49.823779],[115.557617,47.94502],[115.898242,47.686914],[116.760547,47.869775],[117.350781,47.652197],[117.768359,47.987891],[118.498438,47.983984],[119.711133,47.15],[119.706641,46.606006],[118.308691,46.717041],[117.333398,46.362012],[116.562598,46.289795],[116.240625,45.795996],[115.681055,45.458252],[114.517188,45.3646],[113.587012,44.745703],[111.898047,45.064062],[111.402246,44.367285],[111.933203,43.711426],[111.007227,43.341406],[110.400391,42.773682],[109.443164,42.455957],[108.171191,42.447314],[106.77002,42.288721],[105.19707,41.738037],[104.498242,41.877002],[103.711133,41.751318],[103.072852,42.005957],[101.972949,42.215869],[101.713867,42.46582],[99.983789,42.677344],[99.467871,42.568213],[97.205664,42.789795],[96.385449,42.720361],[95.9125,43.206494],[95.350293,44.278076],[94.712012,44.35083],[93.656445,44.900977],[92.787891,45.035742],[91.584375,45.076514],[90.877246,45.196094],[90.661816,45.525244],[91.001758,46.035791],[90.869922,46.954492],[90.313281,47.676172],[89.560938,48.003955],[89.047656,48.002539],[87.979688,48.555127],[87.814258,49.162305],[87.322852,49.085791],[86.753125,49.008838],[86.549414,48.528613],[85.749414,48.385059],[85.525977,47.915625],[85.656641,47.254639],[84.786133,46.830713],[83.193066,47.186572],[83.004102,47.033496],[82.32666,45.519922],[82.478711,45.123584],[81.602051,45.31084],[80.05918,45.006445],[80.455469,44.746094],[80.355273,44.097266],[80.785742,43.161572],[80.165039,42.665527],[80.209375,42.190039],[78.362402,41.371631],[78.123438,41.075635],[76.824023,40.982324],[76.480176,40.449512],[75.871973,40.303223],[75.583496,40.605322],[73.991602,40.043115],[73.631641,39.448877],[73.80166,38.606885],[74.74502,38.51001],[74.891309,37.231641],[74.541406,37.022168],[75.34668,36.913477],[75.840234,36.649707],[75.945117,36.017578],[76.766895,35.661719],[77.799414,35.495898],[78.282031,34.653906],[78.936426,34.351953],[78.753027,34.087695],[78.801855,33.499707],[79.1125,33.22627],[79.219336,32.501074],[78.389648,32.519873],[78.735449,31.957959],[78.791602,31.293652],[79.107129,31.402637],[79.56543,30.949072],[80.194336,30.759229],[81.010254,30.164502],[81.417188,30.337598],[82.043359,30.326758],[82.158984,30.115186],[83.155469,29.612646],[83.583496,29.183594],[84.101367,29.219971],[84.228711,28.911768],[85.122461,28.315967],[85.67832,28.277441],[86.408691,27.928662],[87.141406,27.83833],[88.109766,27.870605],[88.621094,28.091846],[88.848828,27.868652],[88.891406,27.316064],[89.536914,28.107422],[89.981055,28.311182],[90.352734,28.080225],[91.605566,27.951709],[91.631934,27.759961],[91.977637,27.730371],[92.664355,27.948926],[93.206543,28.59082],[93.902246,28.803223],[94.623047,29.312402],[95.420215,29.054297],[96.035352,29.447168],[96.435742,29.050684],[96.602637,28.459912],[97.322461,28.217969],[97.537891,28.510205],[98.098926,28.142285],[98.298828,27.550098],[98.651172,27.572461],[98.731836,26.583398],[98.654688,25.917773],[97.819531,25.251855],[97.531445,24.491699],[97.686035,23.898096],[98.2125,24.110645],[98.764355,24.116064],[98.86377,23.19126],[99.34082,23.095898],[99.192969,22.125977],[99.917676,22.028027],[100.214746,21.462988],[100.835156,21.655176],[101.138867,21.56748],[101.224414,21.22373],[101.704785,21.150146],[101.736523,21.826514],[101.524512,22.253662],[102.127441,22.379199],[102.517188,22.741016],[103.005371,22.452979],[103.356055,22.754688],[104.371777,22.704053],[105.275391,23.345215],[105.842969,22.922803],[106.780273,22.778906],[106.536328,22.39541],[106.729492,22.000342],[107.351172,21.608887],[107.972656,21.507959]]],[[[110.88877,19.991943],[110.171582,20.053711],[109.218945,19.842822],[108.693555,19.338281],[108.701563,18.535254],[109.519336,18.218262],[110.45127,18.747949],[110.572168,19.171875],[111.013672,19.655469],[110.88877,19.991943]]]]},"properties":{"name":"China"}},
{"type":"Feature","geometry":{"type":"Polygon","coordinates":[[[113.478906,22.195557],[113.527051,22.245947],[113.494141,22.241553],[113.478906,22.195557]]]},"properties":{"name":"Macao S.A.R"}},
{"type":"Feature","geometry":{"type":"Polygon","coordinates":[[[114.01543,22.511914],[114.267969,22.295557],[114.266016,22.540967],[114.01543,22.511914]]]},"properties":{"name":"Hong Kong S.A.R."}},
{"type":"Feature","geometry":{"type":"MultiPolygon","coordinates":[[[[-70.418262,-18.345605],[-70.148145,-19.805078],[-70.197021,-20.725391],[-70.087549,-21.493066],[-70.331689,-22.848633],[-70.563184,-23.057031],[-70.487793,-23.781738],[-70.574121,-24.644336],[-70.445361,-25.172656],[-70.713721,-25.78418],[-70.646582,-26.329395],[-71.186426,-28.377832],[-71.519238,-28.926465],[-71.315723,-29.649707],[-71.400391,-30.142969],[-71.669482,-30.330371],[-71.661963,-31.169531],[-71.452246,-32.65957],[-71.742969,-33.095117],[-71.664355,-33.652637],[-72.002832,-34.165332],[-72.223779,-35.096191],[-72.623926,-35.585742],[-73.215967,-37.166895],[-73.60166,-37.188477],[-73.661816,-37.698535],[-73.226465,-39.224414],[-73.669434,-40.082324],[-73.965869,-41.118262],[-73.521289,-41.79707],[-73.01499,-41.543848],[-72.499414,-41.980859],[-72.785156,-42.30127],[-72.996582,-43.631543],[-73.265088,-44.168652],[-72.663867,-44.436426],[-72.738965,-44.73418],[-73.362451,-44.978223],[-73.549902,-45.483789],[-74.157861,-45.767188],[-75.066699,-45.874902],[-74.924463,-46.159668],[-75.656787,-46.610352],[-74.151904,-46.974414],[-74.654932,-47.702246],[-74.341016,-48.595703],[-74.33374,-49.974609],[-75.094678,-50.68125],[-74.814746,-51.062891],[-73.895898,-51.331445],[-73.973242,-51.784473],[-73.518164,-52.041016],[-74.014453,-52.639355],[-73.052734,-53.243457],[-71.400342,-53.107031],[-72.174414,-53.632324],[-70.99585,-53.779297],[-70.795117,-52.76875],[-69.560596,-52.421582],[-69.241016,-52.205469],[-68.443359,-52.356641],[-69.960254,-52.008203],[-71.918652,-51.989551],[-72.407666,-51.54082],[-72.276318,-50.910254],[-72.509814,-50.60752],[-73.15293,-50.738281],[-73.50127,-50.125293],[-73.57627,-49.58291],[-72.614404,-48.792871],[-72.354736,-48.36582],[-72.51792,-47.876367],[-71.90498,-47.20166],[-71.695215,-46.578418],[-71.772656,-45.724414],[-71.35376,-45.230469],[-71.596289,-44.979199],[-71.212598,-44.441211],[-71.82002,-44.383105],[-71.680078,-43.92959],[-72.146436,-42.990039],[-72.124609,-42.29834],[-71.760937,-42.101465],[-71.911279,-41.650391],[-71.932129,-40.691699],[-71.695312,-40.335254],[-71.719922,-39.635254],[-71.425586,-38.985645],[-70.951611,-38.738477],[-71.167578,-37.762305],[-71.055518,-36.52373],[-70.404785,-36.061719],[-70.47041,-35.326172],[-70.289941,-34.732813],[-69.852441,-34.224316],[-69.797754,-33.398633],[-70.019824,-33.271484],[-70.169629,-32.47168],[-70.585205,-31.569434],[-70.51958,-31.148438],[-70.161426,-30.440234],[-69.956348,-30.358203],[-70.026807,-29.324023],[-69.827881,-29.103223],[-69.656934,-28.413574],[-69.174414,-27.924707],[-68.846338,-27.153711],[-68.345996,-27.02793],[-68.581152,-26.518359],[-68.414502,-26.153711],[-68.600293,-25.485645],[-68.384229,-25.091895],[-68.562012,-24.837695],[-68.250293,-24.391992],[-67.356201,-24.033789],[-67.008789,-23.001367],[-67.194873,-22.82168],[-67.879443,-22.822949],[-68.197021,-21.300293],[-68.745166,-20.458594],[-68.698291,-19.721094],[-68.462891,-19.432813],[-68.968311,-18.967969],[-69.093945,-18.050488],[-69.510937,-17.506055],[-69.8521,-17.703809],[-69.926367,-18.206055],[-70.418262,-18.345605]]],[[[-68.629932,-52.652637],[-69.763574,-52.731348],[-70.390674,-53.026465],[-70.090381,-53.418164],[-70.867725,-53.88418],[-70.898242,-54.337891],[-71.440918,-54.619629],[-70.497168,-54.80957],[-69.723437,-54.712109],[-68.653223,-54.853613],[-68.629932,-52.652637]]],[[[-73.773389,-43.345898],[-73.436328,-42.936523],[-73.527832,-41.896289],[-74.03667,-41.795508],[-74.354932,-43.263574],[-73.773389,-43.345898]]],[[[-74.476172,-49.147852],[-75.184229,-49.083594],[-75.300098,-49.847461],[-74.594727,-50.006641],[-74.476172,-49.147852]]],[[[-72.923242,-53.481641],[-73.686523,-53.426855],[-73.304736,-53.943945],[-72.20542,-53.807422],[-72.923242,-53.481641]]],[[[-69.702979,-54.919043],[-69.411816,-55.444238],[-68.293359,-55.521387],[-68.282666,-55.255176],[-69.702979,-54.919043]]],[[[-73.735352,-44.394531],[-74.617773,-44.647949],[-74.099072,-45.325391],[-73.727148,-45.119043],[-73.983301,-44.494824],[-73.735352,-44.394531]]]]},"properties":{"name":"Chile"}},
{"type":"Feature","geometry":{"type":"Polygon","coordinates":[[[23.980273,19.496631],[21.584961,20.679492],[19.668555,21.62583],[18.231348,22.335547],[15.984082,23.445215],[14.979004,22.996191],[15.181836,21.523389],[15.948828,20.303174],[15.735059,19.904053],[15.474316,16.908398],[14.367969,15.750146],[13.448242,14.380664],[13.606348,13.70459],[14.063965,13.078516],[14.516211,12.979736],[14.76123,12.655615],[15.08125,11.845508],[15.029883,11.113672],[15.276074,10.357373],[15.540918,9.960303],[14.243262,9.979736],[13.977246,9.691553],[14.332324,9.203516],[15.116211,8.557324],[15.480078,7.523779],[15.84502,7.475293],[16.378906,7.683545],[16.784766,7.550977],[17.649414,7.983594],[18.455078,8.032031],[19.108691,8.656152],[19.145508,9.015967],[20.34209,9.1271],[20.773242,9.405664],[21.725781,10.366553],[21.706543,10.574805],[22.493848,10.99624],[22.860059,10.919678],[22.922656,11.344873],[22.556348,11.669531],[22.352344,12.660449],[21.825293,12.790527],[22.228125,13.32959],[22.107617,13.730322],[22.509961,14.127441],[22.381543,14.550488],[22.670898,14.722461],[23.105176,15.702539],[23.983398,15.780176],[23.982227,17.266357],[23.980273,19.496631]]]},"properties":{"name":"Chad"}},
{"type":"Feature","geometry":{"type":"Polygon","coordinates":[[[24.147363,8.665625],[23.537305,8.81582],[23.646289,9.8229],[22.860059,10.919678],[22.493848,10.99624],[21.706543,10.574805],[21.725781,10.366553],[20.773242,9.405664],[20.34209,9.1271],[19.145508,9.015967],[19.108691,8.656152],[18.455078,8.032031],[17.649414,7.983594],[16.784766,7.550977],[16.378906,7.683545],[15.84502,7.475293],[15.480078,7.523779],[15.245898,7.263574],[14.739258,6.279785],[14.616895,5.865137],[14.708984,4.665576],[15.022754,4.358545],[15.128711,3.826904],[16.063477,2.908594],[16.183398,2.270068],[16.468555,2.831738],[16.67334,3.535205],[17.437988,3.684619],[18.610352,3.478418],[18.56748,4.257568],[19.068555,4.891406],[19.500977,5.12749],[20.226367,4.829639],[20.558105,4.462695],[21.537598,4.244824],[22.422168,4.134961],[22.755762,4.64668],[23.417188,4.663135],[24.319824,4.994141],[25.249316,5.024561],[25.525098,5.312109],[26.82207,5.062402],[27.40332,5.10918],[27.083398,5.776855],[26.514258,6.069238],[26.361816,6.635303],[25.888965,7.064941],[25.380664,7.333398],[25.247363,7.724561],[24.85332,8.137549],[24.291406,8.291406],[24.147363,8.665625]]]},"properties":{"name":"Central African Republic"}},
{"type":"Feature","geometry":{"type":"Polygon","coordinates":[[[-23.444238,15.007959],[-23.700635,15.271631],[-23.705371,14.961328],[-23.444238,15.007959]]]},"properties":{"name":"Cabo Verde"}},
{"type":"Feature","geometry":{"type":"MultiPolygon","coordinates":[[[[-132.655518,54.12749],[-133.052246,53.778125],[-132.74751,53.310498],[-132.011328,53.265186],[-131.702539,53.986377],[-132.655518,54.12749]]],[[[-127.197314,50.640381],[-127.918066,50.860547],[-128.267432,50.609277],[-127.114307,49.879736],[-126.683105,49.876465],[-126.548535,49.418945],[-124.689404,48.597314],[-123.594629,48.333545],[-123.497021,48.58208],[-123.995801,49.224023],[-124.642871,49.428662],[-125.48208,50.316797],[-127.197314,50.640381]]],[[[-130.025098,55.888232],[-129.890137,55.164648],[-130.430273,54.420996],[-130.043311,54.133545],[-130.335254,53.723926],[-129.563721,53.251465],[-128.652344,53.243848],[-128.108789,52.858057],[-128.357617,52.158887],[-127.644873,51.478467],[-127.708105,51.151172],[-126.404492,50.529883],[-125.056689,50.418652],[-124.782373,50.020117],[-123.858936,49.482861],[-123.335645,49.45918],[-122.78877,48.993018],[-120.980859,48.993018],[-117.996191,48.993066],[-115.437891,48.993066],[-112.026807,48.993066],[-109.468555,48.993066],[-105.631104,48.993115],[-103.49917,48.993115],[-99.235352,48.993115],[-95.162061,48.991748],[-93.707715,48.525439],[-92.99624,48.611816],[-91.518311,48.058301],[-90.840332,48.200537],[-89.455664,47.99624],[-88.378174,48.303076],[-84.875977,46.899902],[-84.561768,46.457373],[-83.977783,46.084912],[-82.551074,45.347363],[-82.137842,43.570898],[-82.545312,42.624707],[-83.073145,42.300293],[-83.141943,41.975879],[-82.439062,41.674854],[-81.277637,42.20918],[-80.247559,42.366016],[-79.036719,42.802344],[-79.171875,43.466553],[-78.72041,43.624951],[-76.819971,43.628809],[-76.4646,44.057617],[-75.179395,44.899365],[-74.708887,45.003857],[-73.973828,45.345117],[-72.981006,46.209717],[-71.87959,46.686816],[-71.267773,46.795947],[-70.705859,47.139795],[-69.905566,47.832227],[-69.775,48.098096],[-68.929053,48.828955],[-68.281934,49.197168],[-67.372021,49.348438],[-66.941162,49.993701],[-66.495508,50.211865],[-62.71543,50.30166],[-61.289746,50.201953],[-60.080176,50.25459],[-59.165381,50.779883],[-58.510352,51.295068],[-56.975977,51.457666],[-55.695215,52.137793],[-55.797949,53.211963],[-56.46499,53.765039],[-57.148975,53.847705],[-57.404443,54.57041],[-58.997119,55.149463],[-59.930322,55.259424],[-61.5146,56.390332],[-61.33374,57.010596],[-61.851074,57.381299],[-62.593848,58.474023],[-63.185352,58.857764],[-64.499414,60.268262],[-65.433398,59.776514],[-65.60625,59.110742],[-66.60791,58.548926],[-67.569629,58.213477],[-68.698193,58.904541],[-69.173486,58.896631],[-69.681885,59.341748],[-69.640479,60.689795],[-70.279297,61.068652],[-71.422705,61.158936],[-72.081445,61.728271],[-73.62998,62.454199],[-74.689893,62.183447],[-77.372412,62.57251],[-78.137158,62.107373],[-77.736182,61.437354],[-77.871533,60.78584],[-77.311816,60.042383],[-77.760693,59.380029],[-78.515088,58.682373],[-77.156787,58.018896],[-76.572852,57.181201],[-76.650488,56.107227],[-77.891113,55.236426],[-79.665527,54.697461],[-79.241797,54.098877],[-78.723779,52.627734],[-78.49165,52.2521],[-78.977734,51.733789],[-79.497559,51.569922],[-79.83623,51.17334],[-80.367969,51.329883],[-80.657959,51.75835],[-81.66123,52.293896],[-82.260449,52.961133],[-82.141455,53.817627],[-82.418066,54.355811],[-82.219385,54.813477],[-82.577441,55.14873],[-83.910596,55.314648],[-85.060938,55.285645],[-85.67666,55.601074],[-87.560889,56.056348],[-88.075098,56.467285],[-88.948486,56.851318],[-90.592187,57.224463],[-92.249023,57.008984],[-93.278125,58.756396],[-94.287061,58.716016],[-94.713379,58.90332],[-94.785791,59.95332],[-94.060742,61.317822],[-93.420605,61.705811],[-92.361279,62.819385],[-90.871191,62.945947],[-90.746582,63.351563],[-91.330078,63.506836],[-88.653027,64.009375],[-88.105615,64.183301],[-87.280518,64.826172],[-87.291455,65.354834],[-86.042871,66.022559],[-86.633203,66.531348],[-85.442236,66.537354],[-84.478418,66.179297],[-82.641504,66.5875],[-81.467578,67.069873],[-81.270117,67.459912],[-82.552686,68.446484],[-81.281543,68.657227],[-81.328662,69.119922],[-82.642041,69.458398],[-82.618359,69.691064],[-85.507373,69.845264],[-85.386768,69.231885],[-84.862207,69.073975],[-85.733838,68.630127],[-86.536426,67.516162],[-87.26626,67.183838],[-88.195898,67.76582],[-88.346973,68.288281],[-88.041357,68.811719],[-89.056738,69.266113],[-90.468359,68.86377],[-90.822119,69.290479],[-92.750928,69.713916],[-91.564062,70.178271],[-92.981445,70.852246],[-92.948682,71.262109],[-95.201221,71.903711],[-96.405664,71.273633],[-96.545605,70.327246],[-96.119092,69.871875],[-94.270801,69.455127],[-93.651709,68.543115],[-95.650488,67.737451],[-96.036035,68.157764],[-97.265918,68.45293],[-98.218555,68.317432],[-98.417139,67.826465],[-100.456104,67.839453],[-101.55498,67.693164],[-102.691992,67.811572],[-103.474121,68.115039],[-104.193555,68.031201],[-105.428613,68.458252],[-106.164453,68.919873],[-108.313477,68.610791],[-108.59292,67.590869],[-110.04248,67.977197],[-112.435156,67.684766],[-113.893213,67.706885],[-115.426855,67.923535],[-114.413867,68.65957],[-118.095215,69.04292],[-120.292529,69.420557],[-120.962451,69.6604],[-123.025781,69.81001],[-123.609131,69.377441],[-124.76792,69.990039],[-126.063818,69.46709],[-127.138477,70.239355],[-127.764941,70.221875],[-128.971436,69.712402],[-130.498437,70.143164],[-133.163135,69.433887],[-135.14082,69.467822],[-135.876318,68.916992],[-136.717334,68.88916],[-138.128369,69.151953],[-139.181543,69.515527],[-141.002148,69.650781],[-141.002148,66.72876],[-141.002148,64.975537],[-141.002148,62.345703],[-141.002148,60.300244],[-139.185156,60.083594],[-137.593311,59.22627],[-136.57876,59.152246],[-136.321826,59.604834],[-135.475928,59.793262],[-134.94375,59.288281],[-133.820752,58.705029],[-131.866162,56.792822],[-130.741699,56.34082],[-130.025098,55.888232]]],[[[-110.458057,78.103223],[-113.215186,77.903516],[-111.951953,77.344189],[-110.198486,77.524512],[-110.458057,78.103223]]],[[[-115.55127,77.363281],[-119.090186,77.305078],[-121.61377,76.441455],[-121.908203,76.034766],[-119.912891,75.858838],[-119.36792,76.221777],[-116.220459,76.611084],[-115.55127,77.363281]]],[[[-108.292383,76.057129],[-109.486816,76.144678],[-111.052686,75.548535],[-112.697607,76.201709],[-115.580664,76.4375],[-116.609766,76.07373],[-117.600098,75.27168],[-115.728857,74.968115],[-114.451758,75.087891],[-113.514062,74.430078],[-110.940869,74.638721],[-108.831299,75.064893],[-107.153418,74.927148],[-105.862598,75.191553],[-105.480908,75.745654],[-108.292383,76.057129]]],[[[-114.521533,72.59292],[-114.051709,73.070996],[-114.638232,73.372656],[-116.573242,73.054932],[-118.374512,72.533887],[-118.868408,71.686768],[-117.814063,71.158447],[-117.587061,70.629541],[-115.990918,70.586279],[-114.592334,70.312451],[-117.135449,70.100146],[-116.513477,69.424609],[-113.694141,69.19502],[-113.127734,68.494141],[-111.310937,68.542041],[-108.945898,68.759814],[-106.140869,69.162012],[-103.468213,68.808545],[-101.857129,69.023975],[-102.182129,69.845947],[-101.148535,70.147607],[-103.10498,70.510254],[-104.56958,71.104053],[-104.349561,71.433984],[-105.415137,72.78833],[-106.482129,73.196191],[-107.72002,73.329053],[-108.698291,72.499268],[-111.269727,72.713721],[-112.753613,72.986035],[-114.521533,72.59292]]],[[[-119.736328,74.112646],[-121.315234,74.52998],[-124.69624,74.348193],[-123.797266,73.768164],[-124.836426,73.07627],[-124.987109,72.587988],[-125.762598,72.1375],[-124.007764,71.677441],[-123.210596,71.123437],[-120.619336,71.505762],[-120.179883,72.212646],[-118.961572,72.684131],[-115.446875,73.438867],[-115.510693,73.61875],[-117.965869,74.266064],[-119.736328,74.112646]]],[[[-69.488867,83.016797],[-69.969922,83.116113],[-79.886328,82.938525],[-82.12251,82.601758],[-90.490186,81.877246],[-88.978369,81.541504],[-89.947314,81.172656],[-88.921436,80.805615],[-85.307422,80.525977],[-86.420752,79.845215],[-85.089795,79.612158],[-84.316113,78.975293],[-86.80791,78.774365],[-88.094678,77.719189],[-86.873779,77.200293],[-89.499756,76.826807],[-89.570068,76.491943],[-85.14126,76.30459],[-81.170703,76.512744],[-80.690283,76.176465],[-78.284326,76.57124],[-78.012598,77.946045],[-75.865967,78.009814],[-74.433105,78.724121],[-76.255859,79.006836],[-75.259473,79.421045],[-71.387842,79.761768],[-70.143506,80.397656],[-65.483984,81.284766],[-64.574023,81.73374],[-62.176709,82.043408],[-61.39248,82.441895],[-64.776758,82.876465],[-69.488867,83.016797]]],[[[-93.542578,75.02793],[-94.427246,75.593359],[-95.670801,75.528662],[-96.565771,75.09873],[-94.697266,74.642188],[-93.542578,75.02793]]],[[[-100.001904,73.945898],[-101.450879,73.430957],[-100.282666,73.120312],[-100.484766,72.772949],[-102.713672,72.78291],[-101.723926,72.314893],[-100.594482,72.152344],[-99.167139,71.367188],[-98.662891,71.3021],[-96.613428,71.833838],[-97.051807,72.636816],[-97.795898,73.285303],[-97.001709,73.666504],[-97.581836,73.887549],[-99.157959,73.731592],[-100.001904,73.945898]]],[[[-84.919629,65.261084],[-85.241113,65.795508],[-85.96167,65.704248],[-86.374268,64.56582],[-86.2521,64.136865],[-87.188916,63.672266],[-85.71416,63.657959],[-85.495508,63.139111],[-84.63291,63.309229],[-83.494336,64.099219],[-82.378125,63.706787],[-81.046387,63.461572],[-80.302051,63.762207],[-80.828955,64.089941],[-81.716113,64.021875],[-82.05,64.644287],[-83.407129,65.103906],[-84.919629,65.261084]]],[[[-97.700928,76.466504],[-100.387939,76.613574],[-102.137744,76.284863],[-101.431348,75.991992],[-102.541406,75.513623],[-100.711914,75.406348],[-100.234375,75.007715],[-97.799365,75.11665],[-97.409619,75.5521],[-97.700928,76.466504]]],[[[-103.426025,79.315625],[-105.535645,79.03252],[-103.518359,78.769141],[-102.731348,78.371045],[-99.166406,77.856934],[-99.609424,78.583057],[-103.426025,79.315625]]],[[[-91.885547,81.132861],[-95.269775,81.000781],[-95.614453,80.39624],[-96.773242,80.135791],[-95.103174,79.289893],[-92.678271,78.389111],[-90.614404,78.149854],[-88.791016,78.192432],[-87.016455,78.898682],[-85.289844,79.20835],[-87.144238,79.662646],[-87.675,80.372119],[-90.643018,80.593701],[-91.885547,81.132861]]],[[[-94.294971,76.912451],[-95.638232,77.06377],[-96.639697,76.70293],[-95.273877,76.264404],[-93.091748,76.354004],[-92.185107,75.846533],[-92.4271,75.346387],[-91.961572,74.793213],[-88.423047,74.494141],[-81.808838,74.476611],[-80.277734,74.581592],[-79.507959,74.880127],[-79.660205,75.449512],[-82.153662,75.831055],[-83.931982,75.818945],[-86.06875,75.502246],[-88.201318,75.512012],[-90.251367,76.053467],[-91.305029,76.680762],[-92.71626,76.602979],[-94.294971,76.912451]]],[[[-96.204492,78.531299],[-98.254932,78.429248],[-96.989648,77.806006],[-95.087012,77.992627],[-96.204492,78.531299]]],[[[-93.17085,74.160986],[-95.039844,74.023877],[-95.63291,73.695459],[-95.547607,72.781543],[-95.192969,72.027441],[-94.037549,72.02876],[-93.340625,72.801855],[-92.11792,72.753809],[-90.35459,73.868652],[-93.17085,74.160986]]],[[[-97.439453,69.642676],[-99.564062,69.034131],[-97.472021,68.543701],[-96.401562,68.470703],[-95.685645,68.73584],[-96.299951,69.344385],[-97.439453,69.642676]]],[[[-61.105176,45.944727],[-60.576855,46.172168],[-60.331738,46.767822],[-60.870166,46.796777],[-61.495312,45.941455],[-61.283691,45.573877],[-60.386084,45.654639],[-59.865039,46.159521],[-60.504932,46.203857],[-60.806104,45.738086],[-61.105176,45.944727]]],[[[-67.124854,45.169434],[-66.872461,45.067285],[-65.884473,45.2229],[-64.8979,45.625977],[-64.448828,45.256055],[-65.656738,44.760303],[-66.099561,44.36748],[-66.125732,43.813818],[-65.738135,43.560742],[-64.862354,43.867871],[-64.286084,44.550342],[-63.761133,44.486426],[-61.283789,45.235498],[-61.492285,45.687012],[-61.955518,45.868164],[-62.483057,45.621826],[-63.292773,45.751953],[-64.541504,46.240332],[-64.905762,46.887939],[-65.318896,47.101221],[-64.703223,47.724854],[-65.259424,48.02124],[-64.25376,48.550391],[-64.261816,48.921875],[-64.836328,49.191748],[-66.178174,49.213135],[-67.560889,48.855957],[-68.987061,48.275],[-70.519482,47.03252],[-71.261182,46.75625],[-71.900928,46.631934],[-73.15957,46.010059],[-73.558105,45.425098],[-74.708887,45.003857],[-71.517529,45.007568],[-70.897998,45.262451],[-70.29624,45.906104],[-70.007715,46.708936],[-69.242871,47.462988],[-68.828711,47.20332],[-68.310889,47.354492],[-67.806787,47.082812],[-67.784668,45.701709],[-67.124854,45.169434]]],[[[-55.45874,51.536523],[-56.025586,51.568359],[-56.750195,51.274902],[-57.297998,50.69873],[-58.01582,49.54248],[-58.716455,48.598047],[-58.710596,48.325049],[-59.362402,47.865674],[-59.116943,47.570703],[-58.333203,47.676855],[-56.95249,47.574463],[-56.221289,47.671387],[-54.856641,47.38501],[-53.869092,47.387012],[-54.17373,46.880371],[-53.069775,46.68125],[-52.653662,47.549414],[-52.95498,48.029297],[-53.531201,48.231885],[-53.852881,48.811328],[-53.573437,49.141211],[-53.957715,49.441846],[-55.026172,49.305371],[-55.892041,49.580273],[-55.764746,49.960449],[-56.693994,50.059668],[-55.871387,50.907373],[-55.45874,51.536523]]],[[[-86.589355,71.010791],[-85.023389,71.353223],[-86.036133,71.770947],[-86.629346,72.870801],[-84.974512,73.694775],[-86.76875,73.833984],[-87.719775,73.7229],[-89.263232,73.068994],[-90.025195,71.948779],[-89.845752,71.492285],[-88.848437,70.5229],[-87.900684,70.251904],[-82.138721,69.841211],[-81.098291,70.091162],[-79.615918,69.894727],[-78.809814,70.178564],[-75.787158,69.318652],[-74.647949,68.70752],[-73.328223,68.266748],[-72.22002,67.254297],[-74.433936,66.139014],[-73.560742,65.54292],[-75.82832,65.227051],[-77.326709,65.453125],[-78.095605,64.939258],[-77.791162,64.36709],[-76.723828,64.242041],[-75.067383,64.456689],[-74.512451,64.670166],[-73.443652,64.423486],[-71.253711,63.042529],[-69.545166,62.74458],[-69.082324,62.405176],[-66.256689,61.868262],[-66.28125,62.302686],[-67.675977,63.093555],[-65.978857,63.000684],[-64.514355,63.263965],[-64.678467,64.027979],[-65.274805,64.631543],[-66.860645,65.091602],[-68.256836,65.938623],[-66.476953,66.279736],[-65.305371,66.008447],[-65.401611,65.764014],[-64.665332,65.168945],[-63.401807,65.118457],[-63.364258,65.543213],[-62.658887,65.639941],[-61.299707,66.64873],[-61.968555,67.019043],[-64.007959,67.347314],[-64.527539,67.812695],[-66.225195,67.95874],[-68.037939,68.550732],[-67.751709,69.038672],[-66.77085,69.33667],[-68.513037,69.577295],[-67.363672,70.034424],[-69.168701,70.76416],[-70.560937,70.738281],[-71.459912,71.463721],[-74.315723,71.842676],[-75.185791,72.434229],[-76.893506,72.720654],[-78.001025,72.687598],[-79.000244,72.272021],[-80.941211,72.210156],[-80.274707,72.745557],[-81.406152,73.634521],[-82.659619,73.72959],[-85.018408,73.335498],[-85.644531,72.774463],[-85.341113,72.421533],[-85.911621,71.986523],[-84.659961,71.586133],[-84.7896,71.093262],[-86.589355,71.010791]]],[[[-61.801123,49.093896],[-61.817139,49.283545],[-62.858545,49.705469],[-64.131445,49.94165],[-63.565869,49.399316],[-62.219531,49.079102],[-61.801123,49.093896]]],[[[-63.811279,46.468701],[-63.641016,46.230469],[-62.878369,46.001367],[-62.163574,46.487207],[-63.811279,46.468701]]],[[[-82.000488,62.954199],[-83.376416,62.904932],[-83.899268,62.476465],[-83.01582,62.209912],[-82.113721,62.652246],[-82.000488,62.954199]]],[[[-75.675879,68.32251],[-76.740234,68.23125],[-77.305908,67.706104],[-77.004883,67.266943],[-75.780078,67.283545],[-75.127295,67.537305],[-75.153809,68.234033],[-75.675879,68.32251]]],[[[-79.537305,73.654492],[-80.82417,73.380664],[-79.500537,72.755957],[-76.289551,73.081006],[-77.206543,73.499561],[-79.537305,73.654492]]],[[[-105.288916,72.919922],[-104.582861,73.353906],[-105.512305,73.765771],[-106.921533,73.479834],[-105.288916,72.919922]]]]},"properties":{"name":"Canada"}},
{"type":"Feature","geometry":{"type":"Polygon","coordinates":[[[8.555859,4.755225],[8.902832,4.435156],[9.000098,4.091602],[9.425293,3.922314],[9.876172,3.309766],[9.800781,2.304443],[9.979883,2.167773],[11.328711,2.167432],[11.348438,2.299707],[13.220313,2.256445],[13.293555,2.161572],[14.484082,2.154736],[15.741602,1.91499],[16.059375,1.676221],[16.183398,2.270068],[16.063477,2.908594],[15.128711,3.826904],[15.022754,4.358545],[14.708984,4.665576],[14.616895,5.865137],[14.739258,6.279785],[15.245898,7.263574],[15.480078,7.523779],[15.116211,8.557324],[14.332324,9.203516],[13.977246,9.691553],[14.243262,9.979736],[15.540918,9.960303],[15.276074,10.357373],[15.029883,11.113672],[15.08125,11.845508],[14.76123,12.655615],[14.516211,12.979736],[14.063965,13.078516],[14.197461,12.383789],[14.627148,12.108691],[14.559766,11.492285],[13.89209,11.140088],[13.269922,10.036182],[13.175488,9.539648],[12.929492,9.42627],[12.806543,8.886621],[12.403516,8.595557],[12.016016,7.589746],[11.55166,6.697266],[11.15332,6.437939],[10.60625,7.063086],[10.143555,6.996436],[9.060156,6.009082],[8.800977,5.197461],[8.555859,4.755225]]]},"properties":{"name":"Cameroon"}},
{"type":"Feature","geometry":{"type":"Polygon","coordinates":[[[107.519434,14.705078],[106.819922,14.314697],[106.501465,14.578223],[105.978906,14.343018],[105.904492,13.924512],[105.183301,14.34624],[104.779004,14.427832],[103.199414,14.332617],[102.319727,13.53999],[102.499609,12.669971],[102.755664,12.42627],[102.933887,11.706689],[103.125488,11.460645],[103.152832,10.913721],[103.532227,10.604639],[104.426367,10.41123],[104.850586,10.534473],[105.856055,11.294287],[105.851465,11.63501],[106.339844,11.681836],[106.413867,11.948437],[107.506445,12.364551],[107.475391,13.030371],[107.605469,13.437793],[107.331445,14.126611],[107.519434,14.705078]]]},"properties":{"name":"Cambodia"}},
{"type":"Feature","geometry":{"type":"Polygon","coordinates":[[[100.122461,20.31665],[100.249316,20.730273],[100.756641,21.312646],[101.138867,21.56748],[100.835156,21.655176],[100.214746,21.462988],[99.917676,22.028027],[99.192969,22.125977],[99.34082,23.095898],[98.86377,23.19126],[98.764355,24.116064],[98.2125,24.110645],[97.686035,23.898096],[97.531445,24.491699],[97.819531,25.251855],[98.654688,25.917773],[98.731836,26.583398],[98.651172,27.572461],[98.298828,27.550098],[98.098926,28.142285],[97.537891,28.510205],[97.322461,28.217969],[97.335156,27.937744],[96.665723,27.339258],[96.061426,27.21709],[95.128711,26.597266],[95.132422,26.04126],[94.622852,25.41001],[94.707617,25.04873],[94.127637,23.876465],[93.307324,24.021875],[93.366016,23.13252],[93.078711,22.718213],[93.162012,22.360205],[92.964551,22.00376],[92.574902,21.978076],[92.593457,21.467334],[92.17959,21.293115],[92.324121,20.791846],[92.735645,20.562695],[93.001953,20.074854],[93.362305,20.058301],[93.998145,19.440869],[93.705469,19.026904],[94.07002,18.893408],[94.430762,18.20166],[94.588965,17.569336],[94.214258,16.126611],[94.5875,16.288818],[94.942578,15.818262],[95.389551,15.722754],[95.763281,16.169043],[96.622461,16.563916],[97.17832,17.062012],[97.375879,16.522949],[97.619629,16.537207],[97.812305,14.858936],[98.24541,13.733496],[98.575977,13.161914],[98.741406,11.591699],[98.675586,10.986914],[98.464941,10.67583],[98.702539,10.190381],[98.757227,10.660937],[99.190137,11.105273],[99.614746,11.781201],[99.405078,12.5479],[99.219824,12.739746],[99.136816,13.716699],[98.245996,14.814746],[98.191016,15.204102],[98.565234,15.403564],[98.689258,16.30542],[98.438867,16.975684],[97.792969,17.68125],[97.484961,18.494238],[97.754004,18.620801],[97.816797,19.459961],[98.239062,19.690674],[98.916699,19.7729],[99.890332,20.424414],[100.122461,20.31665]]]},"properties":{"name":"Myanmar"}},
{"type":"Feature","geometry":{"type":"Polygon","coordinates":[[[30.553613,-2.400098],[29.930176,-2.339551],[29.868164,-2.716406],[29.014355,-2.720215],[29.224414,-3.053516],[29.223242,-3.91084],[29.403223,-4.449316],[29.717773,-4.455859],[30.147168,-4.085352],[30.425,-3.588867],[30.790234,-3.274609],[30.515039,-2.917578],[30.553613,-2.400098]]]},"properties":{"name":"Burundi"}},
{"type":"Feature","geometry":{"type":"Polygon","coordinates":[[[0.900488,10.993262],[1.426758,11.447119],[1.980371,11.418408],[2.38916,11.89707],[2.091406,12.277979],[2.073828,12.713965],[1.564941,12.6354],[0.987305,13.041895],[0.977734,13.551953],[0.618164,13.703418],[0.163867,14.497217],[0.21748,14.911475],[-0.760449,15.047754],[-1.767773,14.486035],[-2.113232,14.168457],[-2.457227,14.274121],[-3.198437,13.672852],[-3.575781,13.194189],[-4.051172,13.382422],[-4.328711,13.119043],[-4.428711,12.337598],[-5.288135,11.82793],[-5.299854,11.205957],[-5.490479,11.042383],[-5.523535,10.426025],[-5.099854,10.241602],[-4.62583,9.713574],[-3.877637,9.894922],[-3.223535,9.895459],[-2.69585,9.481348],[-2.829932,10.998389],[-0.701416,10.988965],[-0.068604,11.115625],[0.900488,10.993262]]]},"properties":{"name":"Burkina Faso"}},
{"type":"Feature","geometry":{"type":"Polygon","coordinates":[[[28.014453,41.969043],[27.484766,42.468066],[27.888867,42.749707],[27.928906,43.186133],[28.46543,43.389307],[28.585352,43.742236],[27.086914,44.167383],[26.21582,44.007275],[25.49707,43.670801],[23.224609,43.873877],[22.705078,44.237793],[22.420801,44.007422],[22.55459,43.454492],[22.976855,43.187988],[22.466797,42.84248],[22.344043,42.313965],[23.005664,41.716943],[22.916016,41.336279],[24.056055,41.527246],[25.251172,41.243555],[26.155176,41.434863],[26.320898,41.716553],[26.615332,41.964893],[27.294922,42.079541],[28.014453,41.969043]]]},"properties":{"name":"Bulgaria"}},
{"type":"Feature","geometry":{"type":"Polygon","coordinates":[[[115.026758,4.899707],[114.063867,4.592676],[114.608301,4.023975],[115.026758,4.899707]]]},"properties":{"name":"Brunei"}},
{"type":"Feature","geometry":{"type":"MultiPolygon","coordinates":[[[[-66.876025,1.223047],[-67.351953,2.08584],[-68.176562,1.719824],[-69.848584,1.70874],[-69.852148,1.059521],[-69.361377,1.064014],[-69.163232,0.864062],[-70.053906,0.578613],[-70.070508,-0.138867],[-69.66748,-0.482422],[-69.400244,-1.194922],[-69.965918,-4.235938],[-70.799512,-4.17334],[-70.973682,-4.350488],[-71.844727,-4.504395],[-72.887061,-5.122754],[-72.979883,-5.634863],[-73.235547,-6.098438],[-73.137354,-6.46582],[-73.758105,-6.905762],[-73.749463,-7.335352],[-74.002051,-7.556055],[-73.549121,-8.345801],[-72.974023,-8.993164],[-73.209424,-9.411426],[-72.379053,-9.510156],[-72.181592,-10.003711],[-71.237939,-9.966016],[-70.636914,-9.478223],[-70.642334,-11.010254],[-69.578613,-10.951758],[-68.397998,-11.01875],[-68.07168,-10.703125],[-67.582422,-10.505957],[-66.72998,-9.975488],[-65.396143,-9.712402],[-65.389893,-11.246289],[-64.992529,-11.975195],[-64.420508,-12.439746],[-63.585645,-12.518945],[-63.06748,-12.669141],[-62.765479,-12.997266],[-62.176074,-13.133691],[-61.789941,-13.525586],[-61.077002,-13.489746],[-60.506592,-13.789844],[-60.298877,-14.618555],[-60.175586,-16.269336],[-58.537939,-16.328223],[-58.395996,-17.234277],[-57.832471,-17.512109],[-57.574023,-18.279297],[-57.800391,-19.080957],[-58.131494,-19.744531],[-58.159766,-20.164648],[-57.830225,-20.997949],[-57.985693,-22.046387],[-56.937256,-22.271289],[-56.523828,-22.102539],[-55.84917,-22.307617],[-55.366309,-23.991016],[-54.625488,-23.8125],[-54.241797,-24.047266],[-54.615869,-25.576074],[-53.891162,-25.668848],[-53.671289,-26.225098],[-53.838184,-27.121094],[-54.829102,-27.550586],[-55.101514,-27.866797],[-55.725488,-28.204102],[-56.938623,-29.594824],[-57.608887,-30.187793],[-56.832715,-30.107227],[-56.176172,-30.628418],[-55.873682,-31.069629],[-55.557324,-30.875977],[-55.254639,-31.225586],[-54.587646,-31.485156],[-53.761719,-32.056836],[-53.601709,-32.403027],[-53.125586,-32.736719],[-53.531348,-33.170898],[-53.370605,-33.742188],[-52.652246,-33.137793],[-52.127393,-32.167773],[-51.972461,-31.383789],[-51.463672,-31.052637],[-51.157275,-30.364258],[-50.299512,-30.425781],[-49.745996,-29.363184],[-48.799658,-28.575293],[-48.620801,-28.075586],[-48.55415,-27.195996],[-48.677734,-26.70293],[-48.545166,-25.815918],[-47.876563,-24.997461],[-46.867285,-24.236328],[-45.97207,-23.795508],[-45.423291,-23.685352],[-44.637256,-23.055469],[-43.866162,-22.910547],[-43.532813,-23.046387],[-42.042383,-22.94707],[-41.705518,-22.309668],[-41.12251,-22.084375],[-41.047266,-21.505664],[-40.789258,-20.906055],[-40.395947,-20.569434],[-39.699854,-19.277832],[-39.739795,-18.639844],[-39.486768,-17.990137],[-39.154004,-17.703906],[-39.215234,-17.31582],[-38.880615,-15.864258],[-39.05957,-14.654785],[-38.942334,-14.030664],[-39.089355,-13.588184],[-38.787988,-12.782715],[-38.239746,-12.844238],[-37.688721,-12.1],[-37.411816,-11.497266],[-36.937793,-10.82041],[-36.39834,-10.484082],[-35.340869,-9.230664],[-34.834668,-7.971484],[-34.805469,-7.288379],[-35.235449,-5.566699],[-35.549414,-5.129395],[-36.590723,-5.097559],[-37.174658,-4.912402],[-38.048828,-4.216406],[-38.475781,-3.71748],[-39.964697,-2.861523],[-40.474561,-2.795605],[-41.318213,-2.93623],[-41.876172,-2.746582],[-42.249609,-2.791992],[-42.936719,-2.465039],[-43.93291,-2.583496],[-44.308154,-2.535156],[-44.65127,-1.745801],[-45.076367,-1.466406],[-45.644775,-1.347852],[-46.81123,-0.779688],[-47.398096,-0.62666],[-48.115088,-0.7375],[-48.991309,-1.829785],[-49.313672,-1.731738],[-49.719531,-1.926367],[-50.403223,-2.015527],[-50.690039,-1.761719],[-50.917871,-1.115234],[-51.947559,-1.586719],[-51.702637,-0.762305],[-51.28291,-0.085205],[-50.816357,0.172559],[-50.294434,0.835742],[-49.898877,1.162988],[-49.957129,1.659863],[-50.458887,1.82959],[-50.658936,2.130957],[-51.052393,3.281836],[-51.219922,4.093604],[-51.652539,4.061279],[-51.990625,3.702002],[-52.700635,2.363672],[-52.964844,2.183545],[-53.767773,2.354834],[-54.130078,2.121045],[-54.61626,2.326758],[-55.005811,2.592969],[-56.129395,2.299512],[-56.019922,1.842236],[-56.482812,1.942139],[-57.118896,2.013965],[-57.594434,1.704102],[-58.340674,1.587549],[-58.8625,1.203613],[-59.231201,1.376025],[-59.756201,1.900635],[-59.755225,2.274121],[-59.994336,2.68999],[-59.854395,3.5875],[-59.551123,3.933545],[-59.83335,4.475928],[-60.111133,4.511182],[-59.990674,5.082861],[-60.142041,5.238818],[-60.742139,5.202051],[-60.604492,4.99458],[-61.002832,4.535254],[-62.153125,4.098389],[-62.712109,4.01792],[-62.968652,3.593945],[-63.294727,3.922266],[-64.56792,3.899805],[-64.221094,3.587402],[-64.218848,3.204687],[-63.92417,2.452441],[-63.393945,2.22251],[-64.035449,1.904443],[-64.114844,1.619287],[-65.10376,1.108105],[-65.36084,0.868652],[-65.681445,0.983447],[-66.429248,0.82168],[-66.876025,1.223047]]],[[[-49.628662,-0.229199],[-50.248242,-0.116406],[-50.645508,-0.272852],[-50.759766,-1.240234],[-50.507617,-1.787988],[-49.587891,-1.712402],[-48.928906,-1.482324],[-48.379687,-0.352832],[-49.116992,-0.163574],[-49.628662,-0.229199]]],[[[-51.83252,-1.433789],[-51.276318,-1.021777],[-51.546045,-0.649609],[-51.83252,-1.433789]]]]},"properties":{"name":"Brazil"}},
{"type":"Feature","geometry":{"type":"Polygon","coordinates":[[[25.258789,-17.793555],[24.358984,-17.978223],[23.580566,-18.45293],[23.298633,-18.027344],[20.974121,-18.318848],[20.976172,-19.744336],[20.970996,-22.000195],[19.977344,-22.000195],[19.980469,-24.776758],[20.345215,-25.029883],[20.793164,-25.915625],[20.626758,-26.443848],[20.739844,-26.848828],[21.646289,-26.854199],[22.640234,-26.071191],[22.878809,-25.45791],[23.266016,-25.266602],[23.89375,-25.600879],[24.748145,-25.817383],[25.583789,-25.60625],[25.912109,-24.747461],[26.397168,-24.613574],[26.835059,-24.24082],[27.146387,-23.524414],[27.890527,-23.073926],[28.210156,-22.693652],[29.364844,-22.193945],[29.037305,-21.811328],[28.045605,-21.573047],[27.669434,-21.064258],[27.699609,-20.530664],[27.280762,-20.478711],[27.221484,-20.145801],[26.168066,-19.538281],[25.76123,-18.649219],[25.258789,-17.793555]]]},"properties":{"name":"Botswana"}},
{"type":"Feature","geometry":{"type":"Polygon","coordinates":[[[19.194336,43.533301],[19.583789,44.043457],[19.151855,44.302539],[19.007129,44.869189],[18.662598,45.077441],[17.812793,45.078125],[16.530664,45.216699],[15.736621,44.76582],[16.214258,44.215137],[17.624805,43.042773],[17.585156,42.938379],[17.667578,42.897119],[18.436328,42.559717],[18.443848,42.968457],[19.194336,43.533301]]]},"properties":{"name":"Bosnia and Herzegovina"}},
{"type":"Feature","geometry":{"type":"Polygon","coordinates":[[[-69.510937,-17.506055],[-69.093945,-18.050488],[-68.968311,-18.967969],[-68.462891,-19.432813],[-68.698291,-19.721094],[-68.745166,-20.458594],[-68.197021,-21.300293],[-67.879443,-22.822949],[-67.194873,-22.82168],[-66.711719,-22.216309],[-66.098584,-21.835059],[-65.771045,-22.099609],[-64.605518,-22.228809],[-64.373975,-22.761035],[-63.976123,-22.072559],[-62.843359,-21.997266],[-62.650977,-22.233691],[-62.27666,-21.066016],[-62.276318,-20.5625],[-61.756836,-19.645313],[-60.007373,-19.297559],[-59.090527,-19.28623],[-58.180176,-19.817871],[-58.159766,-20.164648],[-58.131494,-19.744531],[-57.800391,-19.080957],[-57.574023,-18.279297],[-57.832471,-17.512109],[-58.395996,-17.234277],[-58.537939,-16.328223],[-60.175586,-16.269336],[-60.298877,-14.618555],[-60.506592,-13.789844],[-61.077002,-13.489746],[-61.789941,-13.525586],[-62.176074,-13.133691],[-62.765479,-12.997266],[-63.06748,-12.669141],[-63.585645,-12.518945],[-64.420508,-12.439746],[-64.992529,-11.975195],[-65.389893,-11.246289],[-65.396143,-9.712402],[-66.72998,-9.975488],[-67.582422,-10.505957],[-68.07168,-10.703125],[-68.397998,-11.01875],[-69.578613,-10.951758],[-68.685254,-12.501953],[-68.978613,-12.880078],[-69.074121,-13.682813],[-68.880322,-14.198828],[-69.374707,-14.962988],[-69.172461,-15.236621],[-69.418506,-15.603418],[-69.020703,-16.642188],[-69.624854,-17.200195],[-69.510937,-17.506055]]]},"properties":{"name":"Bolivia"}},
{"type":"Feature","geometry":{"type":"Polygon","coordinates":[[[91.631934,27.759961],[91.605566,27.951709],[90.352734,28.080225],[89.981055,28.311182],[89.536914,28.107422],[88.891406,27.316064],[88.857617,26.961475],[89.763867,26.701563],[90.345898,26.890332],[90.739648,26.77168],[91.99834,26.85498],[92.083398,27.290625],[91.631934,27.759961]]]},"properties":{"name":"Bhutan"}},
{"type":"Feature","geometry":{"type":"Polygon","coordinates":[[[1.622656,6.216797],[2.706445,6.369238],[2.774609,6.711719],[2.686035,7.87373],[2.774805,9.048535],[3.044922,9.083838],[3.576563,10.268359],[3.834473,10.607422],[3.487793,11.39541],[3.59541,11.696289],[2.878125,12.367725],[2.366016,12.221924],[2.38916,11.89707],[1.980371,11.418408],[1.426758,11.447119],[0.900488,10.993262],[0.77998,10.35957],[1.330078,9.996973],[1.424316,9.28501],[1.600195,9.050049],[1.622656,6.216797]]]},"properties":{"name":"Benin"}},
{"type":"Feature","geometry":{"type":"Polygon","coordinates":[[[-89.161475,17.814844],[-89.2375,15.894434],[-88.894043,15.890625],[-88.313428,16.632764],[-88.271729,17.609863],[-88.097217,18.121631],[-88.295654,18.472412],[-88.806348,17.965527],[-89.161475,17.814844]]]},"properties":{"name":"Belize"}},
{"type":"Feature","geometry":{"type":"Polygon","coordinates":[[[4.226172,51.386475],[3.350098,51.377686],[2.524902,51.097119],[2.839746,50.711768],[4.174609,50.246484],[4.867578,49.788135],[5.789746,49.538281],[6.116504,50.120996],[6.364453,50.316162],[5.993945,50.750439],[5.827148,51.125635],[4.503418,51.474707],[4.226172,51.386475]]]},"properties":{"name":"Belgium"}},
{"type":"Feature","geometry":{"type":"Polygon","coordinates":[[[31.763379,52.101074],[31.417871,53.196045],[32.141992,53.091162],[32.704297,53.336328],[31.121289,54.648486],[30.906836,55.57002],[30.233594,55.845215],[29.482227,55.68457],[28.147949,56.14292],[27.576758,55.798779],[26.593555,55.667529],[26.175195,55.003271],[25.547363,54.331836],[24.768164,53.974658],[23.484668,53.939795],[23.887109,53.027539],[23.844727,52.664209],[23.196973,52.256934],[23.652441,52.040381],[23.605273,51.51792],[24.361914,51.867529],[25.925293,51.913525],[27.270117,51.613574],[28.599023,51.542627],[29.346484,51.382568],[30.533008,51.596338],[30.980664,52.046191],[31.763379,52.101074]]]},"properties":{"name":"Belarus"}},
{"type":"Feature","geometry":{"type":"Polygon","coordinates":[[[-59.493311,13.081982],[-59.427637,13.152783],[-59.591602,13.317676],[-59.611328,13.1021],[-59.493311,13.081982]]]},"properties":{"name":"Barbados"}},
{"type":"Feature","geometry":{"type":"Polygon","coordinates":[[[92.574902,21.978076],[92.491406,22.6854],[92.246094,23.683594],[91.937891,23.504688],[91.619531,22.979688],[91.315234,23.104395],[91.160449,23.660645],[91.36709,24.093506],[91.876953,24.195312],[92.25127,24.895068],[92.049707,25.169482],[90.439355,25.157715],[89.814063,25.305371],[89.822949,25.941406],[88.44043,26.369482],[88.08457,25.888232],[88.452344,25.574414],[88.45625,25.188428],[88.145508,24.485791],[88.733594,24.230908],[88.567383,23.674414],[88.74082,23.436621],[89.093945,21.872754],[90.158789,21.816846],[90.945605,22.597021],[91.482129,22.797412],[92.008008,21.684766],[92.056055,21.174805],[92.324121,20.791846],[92.17959,21.293115],[92.593457,21.467334],[92.574902,21.978076]]]},"properties":{"name":"Bangladesh"}},
{"type":"Feature","geometry":{"type":"Polygon","coordinates":[[[50.607227,25.883105],[50.609766,26.124463],[50.452441,26.19082],[50.465918,25.965527],[50.607227,25.883105]]]},"properties":{"name":"Bahrain"}},
{"type":"Feature","geometry":{"type":"MultiPolygon","coordinates":[[[[-77.225635,25.904199],[-77.167285,26.240332],[-77.038281,26.333447],[-77.206055,26.488965],[-77.225635,25.904199]]],[[[-77.743848,24.707422],[-78.033301,25.143115],[-78.298828,24.753906],[-78.044922,24.287451],[-77.743848,24.707422]]]]},"properties":{"name":"The Bahamas"}},
{"type":"Feature","geometry":{"type":"MultiPolygon","coordinates":[[[[44.817188,39.650439],[45.479688,39.00625],[46.114453,38.877783],[45.766309,39.378467],[45.031641,39.765137],[44.768262,39.703516],[44.817188,39.650439]]],[[[48.86875,38.435498],[49.013477,39.133984],[49.775977,40.583984],[49.226465,41.026221],[48.572852,41.844482],[47.861133,41.212744],[47.261133,41.315088],[46.429883,41.890967],[46.182129,41.65708],[46.618945,41.34375],[46.45791,41.070215],[45.280957,41.449561],[45.001367,41.290967],[45.5875,40.846924],[45.376172,40.638086],[45.964648,40.233789],[45.789648,39.881104],[46.55,39.201416],[46.490625,38.906689],[47.772852,39.648584],[48.592676,38.411084],[48.86875,38.435498]]]]},"properties":{"name":"Azerbaijan"}},
{"type":"Feature","geometry":{"type":"Polygon","coordinates":[[[9.527539,47.270752],[9.580273,47.057373],[10.452832,46.864941],[11.244434,46.975684],[12.154102,46.935254],[12.388281,46.702637],[13.7,46.520264],[14.503516,46.417041],[15.000684,46.625977],[15.957617,46.677637],[16.093066,46.863281],[16.434375,47.367432],[17.147363,48.005957],[16.953125,48.598828],[14.972168,48.983936],[14.691309,48.599219],[13.814746,48.766943],[13.409375,48.394141],[12.814258,48.16084],[12.68584,47.669336],[11.297949,47.424902],[9.524023,47.524219],[9.527539,47.270752]]]},"properties":{"name":"Austria"}},
{"type":"Feature","geometry":{"type":"MultiPolygon","coordinates":[[[[143.178906,-11.954492],[142.872559,-11.821387],[142.836816,-11.306934],[142.456445,-10.707324],[142.168359,-10.946582],[141.951563,-11.896191],[141.677734,-12.491406],[141.64541,-13.259082],[141.472559,-13.797559],[141.625488,-15.056641],[141.219141,-16.646191],[140.830469,-17.414453],[140.03584,-17.702637],[139.248438,-17.328613],[139.009863,-16.899316],[138.24502,-16.718359],[137.703711,-16.233008],[136.784668,-15.894238],[136.205371,-15.403418],[135.530762,-15.000391],[135.405176,-14.758203],[135.883398,-14.153125],[135.927344,-13.304297],[136.594336,-13.003809],[136.537012,-12.784277],[136.947461,-12.349902],[136.540234,-11.957617],[136.081836,-12.422461],[135.788477,-11.907031],[135.217969,-12.22168],[134.730273,-11.984375],[134.237109,-12.007715],[133.904199,-11.832031],[132.682813,-11.505566],[132.583789,-12.110254],[132.37207,-12.23916],[131.438281,-12.276953],[130.672363,-12.406934],[130.168164,-12.957422],[130.259766,-13.302246],[129.838867,-13.572949],[129.378711,-14.39248],[129.458984,-14.933203],[128.199414,-14.751758],[127.672852,-14.195117],[126.903223,-13.744141],[126.569727,-14.160938],[126.111328,-14.114063],[125.178711,-14.714746],[124.381641,-15.758203],[124.576855,-16.113672],[123.49043,-16.490723],[123.778125,-16.867773],[123.525195,-17.485742],[122.970703,-16.436816],[122.160254,-17.313672],[122.237402,-17.968555],[121.493555,-19.106445],[120.878418,-19.665039],[119.585938,-20.038281],[119.104492,-19.995313],[118.751465,-20.261914],[118.199219,-20.375195],[117.40625,-20.721191],[116.706738,-20.653809],[116.010938,-21.030371],[115.456152,-21.491699],[114.859082,-21.735938],[114.377734,-22.341504],[113.958398,-21.93916],[113.682813,-22.637793],[113.757031,-23.418164],[113.55293,-23.732813],[113.417676,-24.435645],[114.214258,-25.851562],[113.539453,-25.625195],[113.581641,-26.558105],[114.028125,-27.347266],[114.165137,-28.080664],[114.537402,-28.542871],[114.958984,-29.433594],[114.994531,-30.216211],[115.176855,-30.808008],[115.698438,-31.694531],[115.683008,-33.192871],[115.181641,-33.643457],[115.008789,-34.255859],[115.72627,-34.526074],[116.517188,-34.987891],[117.581934,-35.097754],[118.135547,-34.986621],[118.895312,-34.479883],[119.450586,-34.368262],[119.854102,-33.974707],[121.405078,-33.826758],[122.777539,-33.89082],[123.207617,-33.988281],[123.650391,-33.836328],[124.126074,-33.129395],[125.917188,-32.296973],[127.319824,-32.264063],[128.946191,-31.702637],[131.143652,-31.495703],[132.214648,-32.007129],[132.757422,-31.95625],[133.551367,-32.18291],[134.23418,-32.548535],[134.30127,-33.165039],[134.791016,-33.32832],[135.185449,-33.906738],[135.647559,-34.939648],[136.430664,-34.02998],[137.237305,-33.629492],[137.442285,-33.193555],[137.852344,-33.200781],[137.931836,-33.579102],[137.493848,-34.161133],[137.391016,-34.913281],[137.691699,-35.142969],[138.089258,-34.169824],[138.511133,-35.024414],[138.184375,-35.612695],[139.037695,-35.689258],[139.54873,-36.09668],[139.857324,-36.662109],[139.784277,-37.245801],[140.627246,-38.028418],[141.424219,-38.363477],[141.725,-38.271387],[142.612109,-38.45166],[143.538965,-38.820898],[144.665234,-38.209961],[145.79082,-38.666992],[145.935352,-38.901758],[146.856836,-38.663477],[147.395605,-38.219141],[148.2625,-37.830664],[149.298438,-37.802148],[149.932715,-37.528516],[149.960254,-36.845508],[150.195312,-35.833594],[150.690332,-35.177734],[150.960352,-34.29707],[151.231543,-34.029688],[151.483789,-33.347461],[151.812891,-32.901074],[152.47041,-32.439063],[152.559277,-32.045703],[152.943945,-31.434863],[153.030566,-30.563379],[153.348047,-29.29043],[153.60459,-28.854492],[153.575684,-28.240527],[153.116797,-27.194434],[153.164941,-25.96416],[152.913477,-25.432129],[151.902734,-24.200977],[151.500781,-24.012402],[150.843164,-23.458008],[150.763867,-22.576172],[150.076172,-22.164453],[149.703906,-22.440527],[149.204883,-21.125098],[148.683691,-20.580176],[148.759375,-20.289551],[147.915625,-19.869238],[147.418555,-19.378125],[147.13877,-19.393164],[146.481152,-19.078711],[146.333203,-18.553711],[146.032227,-18.272852],[146.125879,-17.635254],[145.901953,-17.070215],[145.426074,-16.406152],[145.271582,-15.47666],[145.287695,-14.943164],[144.648047,-14.49248],[144.473047,-14.231836],[143.961816,-14.462891],[143.756348,-14.348828],[143.401563,-12.639941],[143.110254,-12.303516],[143.178906,-11.954492]]],[[[136.714648,-13.803906],[136.363281,-14.228906],[136.894336,-14.293066],[136.714648,-13.803906]]],[[[130.618848,-11.376074],[130.644922,-11.742383],[130.950977,-11.926465],[131.538574,-11.436914],[131.268262,-11.189844],[130.618848,-11.376074]]],[[[137.596484,-35.738672],[137.334082,-35.59248],[136.638672,-35.748828],[136.755078,-36.033105],[137.448438,-36.074805],[137.596484,-35.738672]]],[[[145.042969,-40.786719],[144.646094,-40.980859],[144.77793,-41.418848],[145.238184,-42.019629],[145.268164,-42.544336],[146.043164,-43.547168],[146.873926,-43.6125],[147.408008,-42.893848],[147.924414,-42.572461],[148.301465,-42.039941],[148.292871,-40.94707],[147.96875,-40.77959],[147.454785,-41.00166],[146.31748,-41.163477],[145.042969,-40.786719]]]]},"properties":{"name":"Australia"}},
{"type":"Feature","geometry":{"type":"Polygon","coordinates":[[[105.725391,-10.492969],[105.705469,-10.430664],[105.584082,-10.5125],[105.696875,-10.56416],[105.725391,-10.492969]]]},"properties":{"name":"Indian Ocean Territories"}},
{"type":"Feature","geometry":{"type":"Polygon","coordinates":[[[73.707422,-53.137109],[73.585742,-53.027148],[73.336328,-53.029883],[73.465137,-53.18418],[73.707422,-53.137109]]]},"properties":{"name":"Heard Island and McDonald Islands"}},
{"type":"Feature","geometry":{"type":"Polygon","coordinates":[[[167.939453,-29.017676],[167.92041,-29.082813],[167.979004,-29.075684],[167.939453,-29.017676]]]},"properties":{"name":"Norfolk Island"}},
{"type":"Feature","geometry":{"type":"Polygon","coordinates":[[[123.594531,-12.425684],[123.572461,-12.423926],[123.573145,-12.43418],[123.595215,-12.435938],[123.594531,-12.425684]]]},"properties":{"name":"Ashmore and Cartier Islands"}},
{"type":"Feature","geometry":{"type":"Polygon","coordinates":[[[44.768262,39.703516],[45.031641,39.765137],[45.766309,39.378467],[46.114453,38.877783],[46.490625,38.906689],[46.55,39.201416],[45.789648,39.881104],[45.964648,40.233789],[45.376172,40.638086],[45.5875,40.846924],[45.001367,41.290967],[43.439453,41.107129],[43.722656,40.719531],[43.791699,40.070264],[44.289258,40.040381],[44.768262,39.703516]]]},"properties":{"name":"Armenia"}},
{"type":"Feature","geometry":{"type":"MultiPolygon","coordinates":[[[[-57.608887,-30.187793],[-56.938623,-29.594824],[-55.725488,-28.204102],[-55.101514,-27.866797],[-54.829102,-27.550586],[-53.838184,-27.121094],[-53.671289,-26.225098],[-53.891162,-25.668848],[-54.615869,-25.576074],[-54.825488,-26.652246],[-55.42666,-27.009277],[-55.78999,-27.416406],[-56.437158,-27.553809],[-58.641748,-27.196094],[-58.191309,-26.62998],[-58.203027,-26.381445],[-57.587158,-25.405078],[-57.82168,-25.136426],[-58.365381,-24.959277],[-59.372949,-24.453906],[-59.89248,-24.093555],[-60.839844,-23.858105],[-61.798535,-23.182031],[-62.37251,-22.43916],[-62.650977,-22.233691],[-62.843359,-21.997266],[-63.976123,-22.072559],[-64.373975,-22.761035],[-64.605518,-22.228809],[-65.771045,-22.099609],[-66.098584,-21.835059],[-66.711719,-22.216309],[-67.194873,-22.82168],[-67.008789,-23.001367],[-67.356201,-24.033789],[-68.250293,-24.391992],[-68.562012,-24.837695],[-68.384229,-25.091895],[-68.600293,-25.485645],[-68.414502,-26.153711],[-68.581152,-26.518359],[-68.345996,-27.02793],[-68.846338,-27.153711],[-69.174414,-27.924707],[-69.656934,-28.413574],[-69.827881,-29.103223],[-70.026807,-29.324023],[-69.956348,-30.358203],[-70.161426,-30.440234],[-70.51958,-31.148438],[-70.585205,-31.569434],[-70.169629,-32.47168],[-70.019824,-33.271484],[-69.797754,-33.398633],[-69.852441,-34.224316],[-70.289941,-34.732813],[-70.47041,-35.326172],[-70.404785,-36.061719],[-71.055518,-36.52373],[-71.167578,-37.762305],[-70.951611,-38.738477],[-71.425586,-38.985645],[-71.719922,-39.635254],[-71.695312,-40.335254],[-71.932129,-40.691699],[-71.911279,-41.650391],[-71.760937,-42.101465],[-72.124609,-42.29834],[-72.146436,-42.990039],[-71.680078,-43.92959],[-71.82002,-44.383105],[-71.212598,-44.441211],[-71.596289,-44.979199],[-71.35376,-45.230469],[-71.772656,-45.724414],[-71.695215,-46.578418],[-71.90498,-47.20166],[-72.51792,-47.876367],[-72.354736,-48.36582],[-72.614404,-48.792871],[-73.57627,-49.58291],[-73.50127,-50.125293],[-73.15293,-50.738281],[-72.509814,-50.60752],[-72.276318,-50.910254],[-72.407666,-51.54082],[-71.918652,-51.989551],[-69.960254,-52.008203],[-68.443359,-52.356641],[-69.03252,-51.63623],[-69.235156,-50.950586],[-68.939453,-50.382324],[-67.783496,-49.858887],[-67.684863,-49.24668],[-67.033105,-48.627734],[-65.810059,-47.941113],[-65.738086,-47.344922],[-65.998535,-47.09375],[-66.776855,-47.005859],[-67.563379,-46.34541],[-67.556641,-45.970117],[-66.941406,-45.257324],[-66.190137,-44.964746],[-65.63877,-45.007812],[-65.361279,-44.477344],[-65.283594,-43.62998],[-64.985547,-43.293555],[-64.432227,-43.05918],[-65.026904,-42.758887],[-64.650488,-42.531445],[-64.130664,-42.861426],[-63.69248,-42.805273],[-63.595898,-42.406543],[-64.42041,-42.433789],[-65.059082,-41.969922],[-65.133398,-40.880664],[-64.852979,-40.81377],[-63.772998,-41.15],[-62.959033,-41.109668],[-62.39502,-40.89082],[-62.286914,-39.895313],[-62.053662,-39.373828],[-62.066895,-38.919141],[-61.112207,-38.992969],[-59.82832,-38.838184],[-58.179199,-38.43584],[-57.546973,-38.085645],[-57.395752,-37.744629],[-56.672021,-36.85127],[-56.698096,-36.426465],[-57.26499,-36.144141],[-57.303662,-35.188477],[-58.28335,-34.683496],[-58.547217,-33.663477],[-58.424463,-33.111523],[-58.170996,-32.959277],[-58.201172,-32.47168],[-58.189014,-31.924219],[-57.608887,-30.187793]]],[[[-68.653223,-54.853613],[-66.930469,-54.924902],[-66.511133,-55.032129],[-65.345996,-54.87793],[-67.294238,-54.049805],[-68.008496,-53.564063],[-68.629932,-52.652637],[-68.653223,-54.853613]]]]},"properties":{"name":"Argentina"}},
{"type":"Feature","geometry":{"type":"Polygon","coordinates":[[[-61.716064,17.037012],[-61.817285,17.168945],[-61.859668,17.01333],[-61.716064,17.037012]]]},"properties":{"name":"Antigua and Barbuda"}},
{"type":"Feature","geometry":{"type":"MultiPolygon","coordinates":[[[[13.072754,-4.634766],[12.881055,-4.445117],[12.38457,-4.619141],[12.018359,-5.004297],[12.213672,-5.758691],[12.503711,-5.695801],[12.522363,-5.148926],[13.072754,-4.634766]]],[[[23.966504,-10.871777],[23.833887,-11.013672],[22.561035,-11.055859],[22.278809,-11.194141],[22.302441,-10.39668],[21.813184,-9.46875],[21.905371,-8.693359],[21.751074,-7.305469],[20.607813,-7.277734],[20.482227,-6.91582],[19.527637,-7.144434],[19.34082,-7.966602],[18.653418,-7.936035],[17.536035,-8.075879],[16.984766,-7.257422],[16.717773,-6.241406],[16.315234,-5.865625],[14.398633,-5.892676],[13.068164,-5.864844],[12.302539,-6.092578],[13.378516,-8.369727],[13.358984,-8.687207],[12.998535,-9.048047],[13.209375,-9.703223],[13.847461,-11.054395],[13.785352,-11.812793],[13.416992,-12.52041],[12.983203,-12.775684],[12.550488,-13.437793],[12.280469,-14.6375],[11.967871,-15.633984],[11.750879,-15.831934],[11.818945,-16.704102],[11.743066,-17.249219],[12.548145,-17.212695],[13.101172,-16.967676],[13.403711,-17.007812],[13.937988,-17.38877],[16.531055,-17.39082],[18.396387,-17.399414],[19.076465,-17.817676],[20.392969,-17.887402],[21.416895,-18.000684],[23.380664,-17.640625],[22.150684,-16.597168],[21.979785,-15.955566],[21.978906,-13.000977],[23.843164,-13.000977],[23.991309,-12.422168],[23.966504,-10.871777]]]]},"properties":{"name":"Angola"}},
{"type":"Feature","geometry":{"type":"Polygon","coordinates":[[[1.706055,42.50332],[1.42832,42.595898],[1.48623,42.434473],[1.706055,42.50332]]]},"properties":{"name":"Andorra"}},
{"type":"Feature","geometry":{"type":"Polygon","coordinates":[[[8.576563,36.937207],[7.910449,36.856348],[7.607715,36.999756],[6.927539,36.919434],[6.486523,37.085742],[6.064746,36.864258],[5.195605,36.676807],[4.758105,36.896338],[3.779004,36.896191],[2.593359,36.600684],[1.257227,36.51958],[0.514941,36.261816],[0.047949,35.900537],[-0.91748,35.668408],[-1.913281,35.094238],[-2.219629,35.104199],[-1.795605,34.751904],[-1.679199,33.318652],[-1.51001,32.877637],[-1.065527,32.468311],[-1.275342,32.089014],[-2.448389,32.12998],[-3.017383,31.834277],[-3.826758,31.661914],[-3.833398,31.197803],[-4.322852,30.698877],[-4.968262,30.465381],[-5.448779,29.956934],[-6.500879,29.809131],[-7.685156,29.349512],[-8.659912,28.718604],[-8.68335,27.656445],[-8.68335,27.285937],[-6.238672,25.848193],[-4.822607,24.995605],[-3.257861,23.98125],[-1.292969,22.696533],[1.145508,21.102246],[1.165723,20.817432],[1.685449,20.378369],[3.203711,19.789697],[3.400879,18.988428],[4.227637,19.142773],[5.836621,19.47915],[7.481738,20.873096],[9.378711,21.991406],[11.967871,23.517871],[11.536914,24.29082],[10.255859,24.591016],[10.000684,25.33208],[9.448242,26.067139],[9.859375,26.551953],[9.747559,27.330859],[9.916016,27.785693],[9.842578,28.966992],[9.51875,30.229395],[9.044043,32.072363],[8.333398,32.543604],[8.210938,32.926709],[7.762695,33.233105],[7.513867,34.080518],[8.245605,34.734082],[8.394238,35.203857],[8.230762,36.545264],[8.576563,36.937207]]]},"properties":{"name":"Algeria"}},
{"type":"Feature","geometry":{"type":"Polygon","coordinates":[[[19.342383,41.869092],[19.440625,41.424756],[19.398145,40.284863],[20.00127,39.709424],[20.657422,40.117383],[20.964258,40.849902],[20.488965,41.272607],[20.566211,41.873682],[20.485449,42.223389],[20.063965,42.547266],[19.654492,42.628564],[19.280664,42.172559],[19.342383,41.869092]]]},"properties":{"name":"Albania"}},
{"type":"Feature","geometry":{"type":"Polygon","coordinates":[[[66.522266,37.348486],[65.765039,37.569141],[65.55498,37.251172],[64.816309,37.13208],[64.511035,36.340674],[63.8625,36.012354],[63.108594,35.818701],[63.056641,35.445801],[62.610547,35.233154],[61.262012,35.61958],[61.080078,34.855615],[60.485742,34.094775],[60.560547,33.137842],[60.829297,32.249414],[60.854102,31.483252],[61.660156,31.382422],[61.78418,30.831934],[60.843359,29.858691],[62.476562,29.40835],[63.567578,29.497998],[64.09873,29.391943],[64.521094,29.564502],[65.095508,29.559473],[66.177051,29.835596],[66.397168,30.912207],[66.924316,31.305615],[67.287305,31.217822],[68.213965,31.807373],[68.868945,31.634229],[69.279297,31.936816],[69.241406,32.433545],[69.501563,33.020068],[70.28418,33.369043],[69.868066,33.897656],[71.051563,34.049707],[70.965625,34.530371],[71.620508,35.183008],[71.427539,35.83374],[71.185059,36.04209],[71.620508,36.436475],[72.622852,36.82959],[73.769141,36.888477],[74.541406,37.022168],[74.891309,37.231641],[74.259668,37.41543],[73.749609,37.231787],[73.481348,37.47168],[72.895508,37.267529],[71.802051,36.694287],[71.43291,37.127539],[71.551953,37.933154],[70.878906,38.456396],[70.214648,37.924414],[70.251465,37.66416],[69.49209,37.553076],[68.067773,36.949805],[67.758984,37.172217],[66.522266,37.348486]]]},"properties":{"name":"Afghanistan"}},
{"type":"Feature","geometry":{"type":"Polygon","coordinates":[[[77.048633,35.109912],[77.799414,35.495898],[76.766895,35.661719],[77.048633,35.109912]]]},"properties":{"name":"Siachen Glacier"}},
{"type":"Feature","geometry":{"type":"MultiPolygon","coordinates":[[[[-57.020654,-63.372852],[-57.389648,-63.22627],[-58.87207,-63.551855],[-59.510156,-63.820703],[-60.86416,-64.073438],[-61.631787,-64.604688],[-62.576221,-64.755664],[-64.038037,-65.179004],[-64.065918,-65.553711],[-65.617285,-66.135254],[-67.493359,-67.112793],[-66.70498,-67.527148],[-67.149854,-68.024609],[-66.793359,-68.24043],[-67.390527,-68.86123],[-67.371777,-69.412305],[-68.707959,-69.432227],[-67.888477,-70.42168],[-67.460352,-71.526758],[-66.827734,-72.09043],[-67.66709,-72.83457],[-68.820947,-73.105469],[-72.929199,-73.447949],[-73.996045,-73.699805],[-75.293066,-73.63877],[-77.134912,-73.817676],[-79.521729,-73.089551],[-80.442236,-72.944531],[-82.183496,-73.856836],[-84.981201,-73.502051],[-85.980762,-73.208496],[-87.037939,-73.353906],[-88.419385,-73.229004],[-88.194531,-72.858594],[-90.29541,-72.97793],[-90.920947,-73.319141],[-92.241016,-73.178418],[-96.152148,-73.309277],[-98.012402,-73.033203],[-102.409277,-72.987402],[-102.675049,-73.320898],[-100.020801,-73.402539],[-99.781104,-73.720117],[-102.410645,-73.616406],[-101.251709,-74.485742],[-98.557861,-75.189746],[-101.039355,-75.421875],[-101.708105,-75.127344],[-104.901855,-75.115137],[-106.618848,-75.343945],[-111.463135,-75.133398],[-110.300439,-74.710645],[-110.30708,-74.366699],[-111.806348,-74.269727],[-111.69624,-74.792188],[-113.931836,-74.981836],[-113.508496,-74.088867],[-114.791016,-73.988574],[-115.105176,-74.455078],[-118.342041,-74.381543],[-119.677002,-74.65459],[-123.889453,-74.773047],[-127.863379,-74.719238],[-129.79082,-74.891406],[-132.049365,-74.765723],[-133.474854,-74.851855],[-135.362061,-74.69043],[-136.549512,-75.139453],[-139.691162,-75.212793],[-141.505713,-75.69043],[-143.574268,-75.563574],[-146.383008,-76.099707],[-148.320312,-76.104492],[-145.750488,-76.749023],[-145.966992,-77.06875],[-149.717725,-77.797461],[-151.718994,-77.425879],[-153.460596,-77.416016],[-154.814941,-77.126953],[-158.213574,-77.157129],[-158.500391,-77.77832],[-155.209912,-78.964844],[-152.091406,-79.241602],[-148.176514,-79.775879],[-148.317139,-80.070996],[-150.575391,-80.353711],[-148.122754,-80.900781],[-156.528223,-81.162305],[-153.956641,-81.700195],[-154.717432,-81.940723],[-153.009863,-82.449609],[-159.444385,-83.543164],[-163.111084,-83.329102],[-168.417676,-83.228809],[-167.552881,-83.81084],[-164.950879,-83.805859],[-163.568506,-84.528711],[-156.986328,-84.811133],[-157.12749,-85.185645],[-162.933398,-84.901172],[-171.703662,-84.542383],[-180,-84.351562],[-180,-85.05752],[-180,-85.763379],[-180,-86.469336],[-180,-87.175195],[-180,-87.881055],[-180,-88.587012],[-180,-89.292969],[-180,-89.58291],[-180,-89.998926],[180,-89.998926],[180,-84.351562],[179.403027,-84.206152],[168.110059,-83.362012],[167.232617,-82.952344],[160.907813,-81.390234],[160.482715,-79.201465],[164.634766,-78.603223],[166.208594,-78.45166],[164.429688,-78.042188],[162.762793,-76.745703],[162.533594,-75.16709],[163.167383,-74.601953],[165.302832,-74.59375],[164.775684,-74.028516],[167.61582,-73.336816],[169.54502,-73.050391],[170.162305,-71.630469],[168.172656,-71.183203],[167.569434,-70.810254],[164.403223,-70.510449],[163.34873,-70.620898],[162.674805,-70.30459],[161.424512,-70.826758],[161.037012,-70.317188],[159.783984,-69.521875],[158.157813,-69.208887],[157.481348,-69.308691],[155.520313,-69.024414],[154.199707,-68.417871],[153.081836,-68.856836],[151.562109,-68.693652],[151.068262,-68.384961],[148.45625,-68.466992],[146.797656,-68.273633],[146.827832,-67.964648],[145.975195,-67.624219],[143.941992,-67.794043],[144.621191,-67.141406],[143.448242,-66.876758],[139.900098,-66.715137],[137.753809,-66.406445],[135.351953,-66.127148],[134.971484,-66.330176],[133.444531,-66.081445],[130.951758,-66.191406],[129.741211,-66.468555],[129.236914,-67.041602],[127.541211,-67.051074],[126.664746,-66.497559],[125.865625,-66.364453],[124.597852,-66.708203],[123.969336,-66.608105],[122.182813,-66.859473],[121.487598,-67.090723],[119.133008,-67.370703],[118.138672,-67.082422],[116.713477,-67.047168],[114.026563,-67.441211],[113.991211,-67.211914],[115.27373,-67.02793],[115.310352,-66.56084],[114.336914,-66.360156],[113.099414,-65.799902],[110.906738,-66.07666],[110.622266,-66.524023],[109.462793,-66.908691],[108.15791,-66.639063],[103.951172,-65.988086],[102.674219,-65.865137],[101.474414,-65.951172],[100.889063,-66.358008],[99.370117,-66.648242],[98.257617,-66.46748],[95.541016,-66.630957],[94.839844,-66.501367],[93.964258,-66.689648],[92.073438,-66.50791],[89.698438,-66.823047],[87.980273,-66.788477],[85.710742,-67.161328],[84.485156,-67.114453],[83.304297,-67.603027],[82.016992,-67.690039],[78.72627,-68.277832],[77.81748,-69.068945],[75.891211,-69.575586],[75.423828,-69.893066],[73.942188,-69.743164],[72.82207,-70.095898],[71.904883,-70.706641],[71.276758,-71.623926],[69.554688,-72.374512],[68.419824,-72.515039],[67.971387,-73.085645],[66.89209,-72.948633],[67.432227,-72.00293],[68.037402,-71.391016],[68.872754,-71.035156],[69.250195,-70.431055],[67.267969,-70.273145],[68.90625,-69.372754],[69.629492,-69.231641],[69.53418,-68.736914],[69.982227,-68.464258],[69.416406,-67.742969],[68.32793,-67.889551],[63.699023,-67.508301],[62.687891,-67.647559],[60.482031,-67.385156],[59.250781,-67.484961],[57.627441,-67.014063],[57.185449,-66.613281],[55.710352,-66.07998],[53.671777,-65.858691],[51.88457,-66.02002],[50.332422,-66.444629],[50.605957,-67.150195],[49.24707,-66.941602],[48.713672,-67.216895],[48.648047,-67.794043],[47.117188,-67.572656],[44.989551,-67.769238],[42.819531,-68.123242],[39.863867,-68.966992],[39.705078,-69.425586],[38.859277,-70.006055],[37.559766,-69.718359],[35.224805,-69.637305],[34.192871,-68.702441],[33.121484,-68.68916],[32.567578,-69.074219],[32.989355,-69.624219],[32.621289,-70.000586],[30.00332,-70.3],[27.206836,-70.910938],[25.974121,-71.037402],[24.756738,-70.89209],[23.803613,-70.40459],[22.979004,-70.810352],[21.70498,-70.258496],[21.070801,-70.843457],[19.265137,-70.902344],[18.124609,-70.540332],[15.806934,-70.324023],[13.822656,-70.343164],[12.929395,-70.213379],[11.70127,-70.766602],[9.141602,-70.183691],[8.523047,-70.473828],[5.113086,-70.655664],[2.609473,-70.900098],[-0.89585,-71.349219],[-5.950049,-71.341602],[-5.936328,-70.712695],[-7.873486,-70.940332],[-7.713721,-71.546484],[-8.646484,-71.672754],[-9.887988,-71.027344],[-10.825439,-71.55332],[-11.496973,-72.412891],[-14.320996,-73.123047],[-15.595996,-73.096777],[-16.518848,-73.644043],[-15.748828,-73.945605],[-15.67251,-74.407324],[-17.299023,-74.333887],[-19.493018,-75.539941],[-24.26958,-75.766992],[-28.933643,-76.370313],[-32.063379,-77.159863],[-34.075781,-77.425391],[-36.180859,-78.468359],[-36.23916,-78.774219],[-32.994238,-79.228809],[-30.315918,-79.163086],[-29.949316,-79.599023],[-25.258643,-79.7625],[-24.240283,-80.061914],[-29.329102,-80.17207],[-35.327002,-80.650684],[-37.209277,-81.063867],[-38.771729,-80.882324],[-41.433838,-81.297754],[-43.669336,-82.270117],[-48.360791,-81.892285],[-53.986084,-82.200586],[-57.353613,-82.840234],[-59.516016,-83.458398],[-61.589844,-83.341211],[-62.735645,-82.527344],[-65.913184,-82.183203],[-64.137109,-81.869336],[-64.750146,-81.52168],[-70.239111,-80.856641],[-75.236523,-80.802637],[-76.557861,-79.903516],[-76.499121,-79.325684],[-80.151172,-79.268066],[-83.26001,-78.774219],[-77.869141,-78.745508],[-77.432568,-78.434668],[-81.441016,-77.885645],[-80.601562,-77.751953],[-74.812061,-78.177832],[-72.851953,-77.590234],[-75.386914,-77.474219],[-77.190039,-76.629785],[-75.268359,-76.581445],[-71.798682,-76.752734],[-70.095508,-76.654492],[-69.304395,-76.350781],[-66.37041,-76.013379],[-63.363379,-75.451465],[-63.924707,-75.004492],[-62.225684,-74.505566],[-61.010791,-74.47832],[-60.878857,-73.612012],[-60.384668,-73.007324],[-60.719434,-72.072656],[-61.213574,-71.564063],[-61.017236,-71.166895],[-61.961084,-70.900586],[-61.961084,-70.120117],[-62.450537,-69.584375],[-63.455957,-69.041895],[-63.343506,-68.810449],[-64.898291,-68.67334],[-65.639502,-68.130566],[-65.443115,-67.326172],[-63.752539,-66.277734],[-61.875439,-66.296094],[-62.305029,-65.84043],[-62.145312,-65.331738],[-59.963086,-64.431348],[-58.895459,-64.388867],[-58.262988,-63.763379],[-57.020654,-63.372852]]],[[[-45.222656,-78.810742],[-43.808594,-78.286523],[-46.825684,-77.785254],[-49.08125,-78.047461],[-50.219629,-78.605273],[-50.339258,-79.479492],[-52.297168,-80.141211],[-53.482324,-80.188965],[-54.1625,-80.870117],[-43.52793,-80.191406],[-42.965381,-79.477051],[-43.72207,-78.818457],[-45.222656,-78.810742]]],[[[-59.733936,-80.344141],[-61.343115,-79.886816],[-64.268262,-80.748535],[-60.582812,-80.948145],[-59.733936,-80.344141]]],[[[-70.051123,-69.189063],[-70.416992,-68.788965],[-71.868994,-68.941016],[-71.853613,-69.969336],[-70.328076,-70.36123],[-71.061084,-70.537109],[-71.194043,-70.984766],[-72.621582,-71.388379],[-74.187207,-71.383008],[-75.353076,-71.878418],[-73.899268,-72.152344],[-72.412207,-71.662305],[-71.106641,-72.04707],[-73.086377,-72.407813],[-72.36748,-72.669727],[-69.209326,-72.53418],[-68.241016,-71.822168],[-68.335986,-70.856055],[-69.416943,-69.583203],[-70.051123,-69.189063]]],[[[-98.091113,-71.9125],[-98.61543,-71.76377],[-102.128125,-71.985449],[-98.407812,-72.547656],[-96.051758,-72.577246],[-95.609375,-72.068457],[-96.869434,-71.850977],[-98.091113,-71.9125]]],[[[-120.55625,-73.756055],[-123.112158,-73.682227],[-122.859082,-74.342676],[-121.062402,-74.337305],[-120.55625,-73.756055]]],[[[-159.05293,-79.807422],[-159.684082,-79.402441],[-161.642969,-78.900977],[-163.256104,-78.72207],[-164.225781,-79.320801],[-161.865527,-79.703516],[-159.05293,-79.807422]]],[[[-70.334082,-79.679883],[-67.478516,-78.3625],[-70.543994,-78.883691],[-71.783545,-79.444336],[-70.334082,-79.679883]]],[[[-67.988477,-67.474414],[-67.687842,-67.147363],[-68.335938,-66.802051],[-69.082422,-67.403125],[-67.988477,-67.474414]]],[[[-74.354443,-73.098438],[-75.90083,-73.332617],[-74.574658,-73.611328],[-74.354443,-73.098438]]]]},"properties":{"name":"Antarctica"}},
{"type":"Feature","geometry":{"type":"Polygon","coordinates":[[[-63.123047,18.068945],[-63.023047,18.019189],[-63.011182,18.068945],[-63.123047,18.068945]]]},"properties":{"name":"Sint Maarten"}},
{"type":"Feature","geometry":{"type":"Polygon","coordinates":[[[179.213672,-8.524219],[179.211621,-8.488086],[179.197949,-8.488672],[179.200879,-8.512109],[179.213672,-8.524219]]]},"properties":{"name":"Tuvalu"}}
]}